-- phpMyAdmin SQL Dump
-- version 4.9.1
-- https://www.phpmyadmin.net/
--
-- Servidor: localhost
-- Tiempo de generación: 18-04-2023 a las 21:55:23
-- Versión del servidor: 8.0.17
-- Versión de PHP: 7.3.10

SET SQL_MODE = "NO_AUTO_VALUE_ON_ZERO";
SET AUTOCOMMIT = 0;
START TRANSACTION;
SET time_zone = "+00:00";


/*!40101 SET @OLD_CHARACTER_SET_CLIENT=@@CHARACTER_SET_CLIENT */;
/*!40101 SET @OLD_CHARACTER_SET_RESULTS=@@CHARACTER_SET_RESULTS */;
/*!40101 SET @OLD_COLLATION_CONNECTION=@@COLLATION_CONNECTION */;
/*!40101 SET NAMES utf8mb4 */;

--
-- Base de datos: `portalcrud`
--

-- --------------------------------------------------------

--
-- Estructura de tabla para la tabla `categoria`
--

CREATE TABLE `categoria` (
  `id` int(10) UNSIGNED NOT NULL,
  `name` varchar(200) COLLATE utf8mb4_unicode_ci NOT NULL,
  `icon` varchar(400) COLLATE utf8mb4_unicode_ci NOT NULL,
  `categoria_tipo_id` int(10) UNSIGNED NOT NULL,
  `active` tinyint(1) NOT NULL DEFAULT '1',
  `created_at` timestamp NULL DEFAULT NULL,
  `updated_at` timestamp NULL DEFAULT NULL
) ENGINE=InnoDB DEFAULT CHARSET=utf8mb4 COLLATE=utf8mb4_unicode_ci;

--
-- Volcado de datos para la tabla `categoria`
--

INSERT INTO `categoria` (`id`, `name`, `icon`, `categoria_tipo_id`, `active`, `created_at`, `updated_at`) VALUES
(1, 'Carpintero/a', '1/Yr8boIDkxyov18o7Mo1LVypF9v8FdoPzarj9iwa7.jpeg', 1, 1, '2019-10-24 05:35:32', '2020-12-01 08:41:48'),
(2, 'Electricista', '2/iaInzDdsjFpGDD1STjizyrMWxMjNx9o6kXGe5zFx.jpeg', 1, 1, '2019-10-24 05:35:32', '2021-02-02 03:40:03'),
(3, 'Gasista', '3/3S5PnE0dJE4sutIMgC4q2IElIR0cFAYkF5bihzPa.jpeg', 1, 1, '2019-10-24 05:35:32', '2021-02-11 05:55:35'),
(4, 'Herrero/a', '4/unZ7lqUNzIl7ALVRUw02eZRqblhnAJ9PUTEZ1iR2.jpeg', 1, 1, '2019-10-24 05:35:32', '2020-12-01 01:28:59'),
(5, 'Plomero/a', 'icon/plomero.jpg', 1, 1, '2019-10-24 05:35:32', '2019-10-24 05:35:32'),
(6, 'Soldador/a', 'icon/soldador.jpg', 1, 0, '2019-10-24 05:35:32', '2020-12-01 08:36:56'),
(7, 'Técnico/a aire acondicionado', 'icon/acondicionado.jpg', 1, 1, '2019-10-24 05:35:33', '2019-10-24 05:35:33'),
(8, 'Técnico/a de electrodomesticos', 'icon/electrodomesticos.jpg', 1, 1, '2019-10-24 05:35:33', '2020-12-01 04:01:38'),
(9, 'Esteticista corporal', '9/09IEh7WQvWa5CJgbu3hAiyyB4reBFscORPpC6ib7.jpeg', 1, 1, '2019-10-24 05:35:33', '2020-12-01 08:44:46'),
(10, 'Esteticista facial', '10/BLjTcqeVX9ajoQkO5jsBhbn15cmGemvTnY8p5ayA.jpeg', 1, 1, '2019-10-24 05:35:33', '2020-12-01 08:36:17'),
(11, 'Manicura y depilador/a', 'icon/manicura.jpg', 1, 1, '2019-10-24 05:35:33', '2019-10-24 05:35:33'),
(12, 'Maquillador/a', 'icon/maquilladora.jpg', 1, 0, '2019-10-24 05:35:33', '2020-12-08 03:12:28'),
(13, 'Peluquero/a', '13/TgSF1ebksL9Bfz9EpCzvarGcNnXoEkTaD1p9di06.jpeg', 1, 1, '2019-10-24 05:35:33', '2020-12-01 04:01:43'),
(14, 'Diseñador/a web y gráfico', 'icon/grafico.jpg', 1, 1, '2019-10-24 05:35:33', '2019-10-24 05:35:33'),
(15, 'Técnico/a de PC', 'icon/pc.jpg', 1, 1, '2019-10-24 05:35:33', '2020-12-04 04:02:29'),
(16, 'Bicicletero/a', '16/6tg4AuhTkwPf0kqg2Ht2WxP1FAlVEGmhPKHXI7zm.jpeg', 1, 1, '2019-10-24 05:35:33', '2020-12-01 18:15:18'),
(17, 'Diseño, costura, arreglos y otros', '17/ApEMjgD35SZrXV3gEWO2veQjwdR09WmHR64p9Bg8.jpeg', 1, 1, '2019-10-24 05:35:33', '2020-12-04 04:17:35'),
(18, 'Marroquinero/a', 'icon/marroquinero.jpg', 1, 0, '2019-10-24 05:35:33', '2020-12-01 08:36:51'),
(19, 'Realizador/a de video', 'icon/video.jpg', 1, 1, '2019-10-24 05:35:33', '2019-10-24 05:35:33'),
(20, 'Sonidista', 'icon/sonidista.jpg', 1, 1, '2019-10-24 05:35:33', '2019-10-24 05:35:33'),
(21, 'Catering, repostería y otros', '21/vlGbfuJTZFhaZUSkTg1ff8KtPLXIPlW1GYAF9xG6.jpeg', 1, 1, '2019-10-24 05:35:33', '2020-12-01 08:42:23'),
(22, 'Productos de Carpintería', 'icon/productos_carpinteria.jpg', 2, 1, '2019-10-26 02:59:42', '2019-10-26 02:59:42'),
(23, 'Productos de Herrería', 'icon/productos_herreria.jpg', 2, 1, '2019-10-26 02:59:43', '2019-10-26 02:59:43'),
(24, 'Artefactos para el hogar', 'icon/productos_hogar.jpg', 2, 1, '2019-10-26 02:59:43', '2019-10-26 02:59:43'),
(25, 'Productos Gráficos ', 'icon/productos_graficos.jpg', 2, 1, '2019-10-26 02:59:43', '2019-10-26 02:59:43'),
(26, 'Belleza y cuidados personales', 'icon/productos_belleza.jpg', 2, 1, '2019-10-26 02:59:43', '2019-10-26 02:59:43'),
(27, 'Indumentaria', 'icon/productos_indumentaria.jpg', 2, 1, '2019-10-26 02:59:43', '2019-10-26 02:59:43'),
(28, 'Gastronomía', 'icon/productos_gastronomía.jpg', 2, 1, '2019-10-26 02:59:43', '2019-10-26 02:59:43'),
(29, 'Alfarería / Cerámica', 'icon/productos_alfareria.jpg', 2, 1, '2019-10-26 02:59:43', '2019-10-26 02:59:43');

-- --------------------------------------------------------

--
-- Estructura de tabla para la tabla `categoria_tipo`
--

CREATE TABLE `categoria_tipo` (
  `id` int(10) UNSIGNED NOT NULL,
  `name` varchar(200) COLLATE utf8mb4_unicode_ci NOT NULL,
  `created_at` timestamp NULL DEFAULT NULL,
  `updated_at` timestamp NULL DEFAULT NULL
) ENGINE=InnoDB DEFAULT CHARSET=utf8mb4 COLLATE=utf8mb4_unicode_ci;

--
-- Volcado de datos para la tabla `categoria_tipo`
--

INSERT INTO `categoria_tipo` (`id`, `name`, `created_at`, `updated_at`) VALUES
(1, 'Servicio', '2019-10-24 04:50:21', '2019-10-24 04:50:21'),
(2, 'Producto', '2019-10-24 04:50:21', '2019-10-24 04:50:21');

-- --------------------------------------------------------

--
-- Estructura de tabla para la tabla `failed_jobs`
--

CREATE TABLE `failed_jobs` (
  `id` bigint(20) UNSIGNED NOT NULL,
  `uuid` varchar(255) COLLATE utf8mb4_unicode_ci NOT NULL,
  `connection` text COLLATE utf8mb4_unicode_ci NOT NULL,
  `queue` text COLLATE utf8mb4_unicode_ci NOT NULL,
  `payload` longtext COLLATE utf8mb4_unicode_ci NOT NULL,
  `exception` longtext COLLATE utf8mb4_unicode_ci NOT NULL,
  `failed_at` timestamp NOT NULL DEFAULT CURRENT_TIMESTAMP
) ENGINE=InnoDB DEFAULT CHARSET=utf8mb4 COLLATE=utf8mb4_unicode_ci;

-- --------------------------------------------------------

--
-- Estructura de tabla para la tabla `interactionhead`
--

CREATE TABLE `interactionhead` (
  `id` bigint(20) UNSIGNED NOT NULL,
  `publicacion_id` bigint(20) UNSIGNED NOT NULL,
  `subjet_id` bigint(20) UNSIGNED NOT NULL,
  `date` datetime DEFAULT NULL,
  `name` varchar(255) COLLATE utf8mb4_unicode_ci DEFAULT NULL,
  `last_name` varchar(255) COLLATE utf8mb4_unicode_ci DEFAULT NULL,
  `email` varchar(400) COLLATE utf8mb4_unicode_ci DEFAULT NULL,
  `mobile` varchar(100) COLLATE utf8mb4_unicode_ci DEFAULT NULL,
  `hash` varchar(255) COLLATE utf8mb4_unicode_ci DEFAULT NULL,
  `created_at` timestamp NULL DEFAULT NULL,
  `updated_at` timestamp NULL DEFAULT NULL
) ENGINE=InnoDB DEFAULT CHARSET=utf8mb4 COLLATE=utf8mb4_unicode_ci;

--
-- Volcado de datos para la tabla `interactionhead`
--

INSERT INTO `interactionhead` (`id`, `publicacion_id`, `subjet_id`, `date`, `name`, `last_name`, `email`, `mobile`, `hash`, `created_at`, `updated_at`) VALUES
(3, 95, 1, '2020-12-07 21:29:41', 'Paco', 'Rodriguez', 'diegofranciscorodriguez@gmail.com', '1154799438', 'eccbc87e4b5ce2fe28308fd9f2a7baf3', '2020-12-08 03:29:41', '2020-12-08 03:29:41'),
(4, 58, 1, '2020-12-07 21:47:22', 'Paco', 'Rodriguez', 'diegofranciscorodriguez@gmail.com', '1154799438', 'a87ff679a2f3e71d9181a67b7542122c', '2020-12-08 03:47:22', '2020-12-08 03:47:22'),
(5, 120, 2, '2020-12-09 12:14:29', 'graciela', 'sequeira', 'esteticcas@gmail.com', '1558316839', 'e4da3b7fbbce2345d7772b0674a318d5', '2020-12-09 18:14:29', '2020-12-09 18:14:29'),
(10, 58, 1, '2020-12-11 16:20:37', 'Jimena', 'Montoya', 'jimenamontoyac@gmail.com', '3512092642', 'd3d9446802a44259755d38e6d163e820', '2020-12-11 22:20:37', '2020-12-11 22:20:37'),
(11, 94, 1, '2020-12-11 16:25:14', 'Cefeperes', 'Cefeperes', 'portaldeservicioscfp@gmail.com', '1125274751', '6512bd43d9caa6e02c990b0a82652dca', '2020-12-11 22:25:14', '2020-12-11 22:25:14'),
(12, 111, 1, '2020-12-11 16:28:26', 'Cefeperes', 'Cefeperes', 'portaldeservicioscfp@gmail.com', '1125274751', 'c20ad4d76fe97759aa27a0c99bff6710', '2020-12-11 22:28:26', '2020-12-11 22:28:26'),
(13, 118, 1, '2020-12-11 16:30:04', 'Cefeperes', 'cefeperes', 'portaldeservicioscfp@gmail.com', '1125274751', 'c51ce410c124a10e0db5e4b97fc2af39', '2020-12-11 22:30:04', '2020-12-11 22:30:04'),
(14, 62, 1, '2020-12-14 11:14:52', 'Cefeperes', 'Cefeperes', 'portaldeservicioscfp@gmail.com', '1125274751', 'aab3238922bcc25a6f606eb525ffdc56', '2020-12-14 17:14:52', '2020-12-14 17:14:52'),
(15, 78, 1, '2020-12-14 11:16:14', 'Cefeperes', 'cefeperes', 'portaldeservicioscfp@gmail.com', '1125274751', '9bf31c7ff062936a96d3c8bd1f8f2ff3', '2020-12-14 17:16:14', '2020-12-14 17:16:14'),
(16, 93, 1, '2020-12-14 11:17:31', 'Cefeperes', 'Cefeperes', 'portaldeservicioscfp@gmail.com', '1125274751', 'c74d97b01eae257e44aa9d5bade97baf', '2020-12-14 17:17:31', '2020-12-14 17:17:31'),
(17, 96, 1, '2020-12-14 11:23:24', 'Cefeperes', 'Cefeperes', 'portaldeservicioscfp@gmail.com', '1125274751', '70efdf2ec9b086079795c442636b55fb', '2020-12-14 17:23:24', '2020-12-14 17:23:24'),
(18, 123, 1, '2020-12-14 11:25:21', 'Cefeperes', 'Cefeperes', 'portaldeservicioscfp@gmail.com', '1125274751', '6f4922f45568161a8cdf4ad2299f6d23', '2020-12-14 17:25:21', '2020-12-14 17:25:21'),
(19, 91, 1, '2020-12-14 11:26:59', 'Cefeperes', 'Cefeperes', 'portaldeservicioscfp@gmail.com', '1125274751', '1f0e3dad99908345f7439f8ffabdffc4', '2020-12-14 17:26:59', '2020-12-14 17:26:59'),
(20, 95, 1, '2020-12-14 11:28:50', 'Cefeperes', 'Cefeperes', 'portaldeservicioscfp@gmail.com', '1125274751', '98f13708210194c475687be6106a3b84', '2020-12-14 17:28:50', '2020-12-14 17:28:50'),
(21, 112, 1, '2020-12-14 11:31:58', 'Cefeperes', 'Cefeperes', 'portaldeservicioscfp@gmail.com', '1125274751', '3c59dc048e8850243be8079a5c74d079', '2020-12-14 17:31:58', '2020-12-14 17:31:58'),
(22, 113, 1, '2020-12-14 12:16:25', 'Cefeperes', 'Cefeperes', 'portaldeservicioscfp@gmail.com', '1125274751', 'b6d767d2f8ed5d21a44b0e5886680cb9', '2020-12-14 18:16:25', '2020-12-14 18:16:25'),
(23, 115, 1, '2020-12-14 12:18:01', 'Cefeperes', 'Cefeperes', 'portaldeservicioscfp@gmail.com', '1125274751', '37693cfc748049e45d87b8c7d8b9aacd', '2020-12-14 18:18:01', '2020-12-14 18:18:01'),
(24, 90, 1, '2020-12-14 12:19:30', 'Cefeperes', 'Cefeperes', 'portaldeservicioscfp@gmail.com', '1125274751', '1ff1de774005f8da13f42943881c655f', '2020-12-14 18:19:30', '2020-12-14 18:19:30'),
(25, 77, 1, '2020-12-14 12:30:36', 'Cefeperes', 'Cefeperes', 'portaldeservicioscfp@gmail.com', '1125274751', '8e296a067a37563370ded05f5a3bf3ec', '2020-12-14 18:30:36', '2020-12-14 18:30:37'),
(26, 84, 1, '2020-12-14 12:32:53', 'Cefeperes', 'Cefeperes', 'portaldeservicioscfp@gmail.com', '1125274751', '4e732ced3463d06de0ca9a15b6153677', '2020-12-14 18:32:53', '2020-12-14 18:32:53'),
(27, 114, 1, '2020-12-14 12:40:35', 'Cefeperes', 'Cefeperes', 'portaldeservicioscfp@gmail.com', '1125274751', '02e74f10e0327ad868d138f2b4fdd6f0', '2020-12-14 18:40:35', '2020-12-14 18:40:35'),
(28, 120, 1, '2020-12-14 12:57:48', 'Cefeperes', 'Cefeperes', 'portaldeservicioscfp@gmail.com', '1125274751', '33e75ff09dd601bbe69f351039152189', '2020-12-14 18:57:48', '2020-12-14 18:57:48'),
(29, 82, 1, '2020-12-14 13:01:02', 'Cefeperes', 'Cefeperes', 'portaldeservicioscfp@gmail.com', '1125274751', '6ea9ab1baa0efb9e19094440c317e21b', '2020-12-14 19:01:02', '2020-12-14 19:01:02'),
(30, 83, 1, '2020-12-14 13:02:30', 'Cefeperes', 'Cefeperes', 'portaldeservicioscfp@gmail.com', '1125274751', '34173cb38f07f89ddbebc2ac9128303f', '2020-12-14 19:02:30', '2020-12-14 19:02:30'),
(31, 74, 5, '2020-12-19 18:11:22', 'Susana', 'Santaren', 'susantaren@gmail.com', '1565181555', 'c16a5320fa475530d9583c34fd356ef5', '2020-12-20 00:11:22', '2020-12-20 00:11:22'),
(32, 111, 2, '2020-12-22 20:44:28', 'Andres Maximo', 'Acuña Del Rosario', 'andres.maximo2792@gmail.com', '1125201633', '6364d3f0f495b6ab9dcf8d3b5c6e0b01', '2020-12-23 02:44:28', '2020-12-23 02:44:28'),
(33, 69, 2, '2021-02-02 10:50:01', 'mauro', 'greco', 'mauroigreco@gmail.com', '11-3242-2000', '182be0c5cdcd5072bb1864cdee4d3d6e', '2021-02-02 16:50:01', '2021-02-02 16:50:01'),
(34, 73, 5, '2021-02-08 14:56:34', 'Silvana', 'DAversa', 'chiquituntun@gmail.com', '1565690363', 'e369853df766fa44e1ed0ff613f563bd', '2021-02-08 20:56:34', '2021-02-08 20:56:34'),
(35, 73, 5, '2021-02-08 14:57:27', 'Silvana', 'DAversa', 'chiquituntun@gmail.com', '1565690363', '1c383cd30b7c298ab50293adfecb7b18', '2021-02-08 20:57:27', '2021-02-08 20:57:27'),
(36, 76, 2, '2021-03-01 08:30:44', 'Nicolás', 'Guiñazú', 'nicolasmguinazu@gmail.com', '1156902508', '19ca14e7ea6328a42e0eb13d585e4c22', '2021-03-01 14:30:44', '2021-03-01 14:30:44'),
(37, 65, 2, '2021-03-02 09:20:49', 'Gabriela', 'Varela', 'varela_g@live.com.ar', '1128593507', 'a5bfc9e07964f8dddeb95fc584cd965d', '2021-03-02 15:20:49', '2021-03-02 15:20:49'),
(38, 65, 2, '2021-03-02 09:21:05', 'Gabriela', 'Varela', 'varela_g@live.com.ar', '1128593507', 'a5771bce93e200c36f7cd9dfd0e5deaa', '2021-03-02 15:21:05', '2021-03-02 15:21:05'),
(39, 65, 2, '2021-03-02 09:21:21', 'Gabriela', 'Varela', 'varela_g@live.com.ar', '1128593507', 'd67d8ab4f4c10bf22aa353e27879133c', '2021-03-02 15:21:21', '2021-03-02 15:21:21'),
(40, 65, 2, '2021-03-02 09:22:07', 'Gabriela', 'Varela', 'varela_g@live.com.ar', '1128593507', 'd645920e395fedad7bbbed0eca3fe2e0', '2021-03-02 15:22:07', '2021-03-02 15:22:07'),
(41, 118, 1, '2021-03-04 13:24:38', 'Silvana', 'DAversa', 'chiquituntun@gmail.com', '1565690363', '3416a75f4cea9109507cacd8e2f2aefc', '2021-03-04 19:24:38', '2021-03-04 19:24:38'),
(42, 62, 5, '2021-03-10 03:51:39', 'lrbvjxtntd', 'Smith', '731a50a60c1ed5d9de2e973c6369c651.roopert@ssemarketing.net', 'yzkxcybdkt', 'a1d0c6e83f027327d8461063f4ac58a6', '2021-03-10 09:51:39', '2021-03-10 09:51:39'),
(43, 80, 1, '2021-03-10 11:19:21', 'Maria rosa', 'quiroga', 'quirogarosa39@yahoo.com.ar', '1531705317', '17e62166fc8586dfa4d1bc0e1742c08b', '2021-03-10 17:19:21', '2021-03-10 17:19:21'),
(44, 109, 1, '2021-03-11 08:32:52', 'blmrigzfao', 'Smith', 'ea71de8c84c73dd947c376034782234a.roopert@ssemarketing.net', 'yhfvusqybm', 'f7177163c833dff4b38fc8d2872f1ec6', '2021-03-11 14:32:52', '2021-03-11 14:32:52'),
(45, 66, 2, '2021-03-12 01:24:25', 'oogfvuzagv', 'Smith', 'f8c65633ded0257a0fe8a8e043cefb09.roopert@ssemarketing.net', 'liubdnkmha', '6c8349cc7260ae62e3b1396831a8398f', '2021-03-12 07:24:25', '2021-03-12 07:24:26'),
(46, 58, 2, '2021-03-12 23:07:27', 'kpugnyqfyo', 'Smith', 'e36c4438b4006ffdd635087c975eafaf.roopert@ssemarketing.net', 'wnloycmzqm', 'd9d4f495e875a2e075a1a4a6e1b9770f', '2021-03-13 05:07:27', '2021-03-13 05:07:27'),
(47, 99, 5, '2021-03-14 07:36:15', 'ahzyxtjazx', 'Smith', '31c4d6238af4881974879bf9681d7856.roopert@ssemarketing.net', 'fzstiaccwk', '67c6a1e7ce56d3d6fa748ab6d9af3fd7', '2021-03-14 13:36:15', '2021-03-14 13:36:15'),
(48, 115, 1, '2021-03-16 08:40:47', 'czgzsvihjv', 'Smith', 'c617274a395d046aff3510239d84572d.roopert@ssemarketing.net', 'rsdrsztchj', '642e92efb79421734881b53e1e1b18b6', '2021-03-16 14:40:47', '2021-03-16 14:40:47'),
(49, 96, 1, '2021-03-18 12:01:47', 'Claudio Alejandro', 'Aleso', 'claudioaleso@hotmail.com', '1133630938', 'f457c545a9ded88f18ecee47145a72c0', '2021-03-18 18:01:47', '2021-03-18 18:01:47'),
(50, 96, 1, '2021-03-18 21:34:25', 'jcgzpflbqj', 'Smith', '6089c33c80dcde800db2b49ef00ec528.roopert@ssemarketing.net', 'pssjxcmuvy', 'c0c7c76d30bd3dcaefc96f40275bdc0a', '2021-03-19 03:34:25', '2021-03-19 03:34:25'),
(51, 77, 1, '2021-03-20 07:39:28', 'lzuiafstqi', 'Smith', '525a63b6212b54e850c00be390d198aa.roopert@ssemarketing.net', 'uydomadxlo', '2838023a778dfaecdc212708f721b788', '2021-03-20 13:39:28', '2021-03-20 13:39:28'),
(52, 102, 5, '2021-03-21 15:20:22', 'gycegapzxu', 'Smith', '728fca020ac33c7f54d91db6760c52da.roopert@ssemarketing.net', 'opjesayaos', '9a1158154dfa42caddbd0694a4e9bdc8', '2021-03-21 21:20:22', '2021-03-21 21:20:22'),
(53, 62, 5, '2021-03-23 11:11:59', 'SANTIAGO', 'POLO', 'tatianaalbarracin2@gmail.com', '1164560884', 'd82c8d1619ad8176d665453cfb2e55f0', '2021-03-23 17:11:59', '2021-03-23 17:11:59'),
(54, 83, 2, '2021-03-24 01:37:43', 'tmdpycrwok', 'Smith', '1712266591498b45b2f85c67125547a7.roopert@ssemarketing.net', 'qyibqmzyos', 'a684eceee76fc522773286a895bc8436', '2021-03-24 07:37:43', '2021-03-24 07:37:43'),
(55, 126, 5, '2021-03-24 17:09:14', 'pymmqwoiyn', 'Smith', 'd9bfc3bebb8248aae37b217b1ba50a78.roopert@ssemarketing.net', 'twxjsdgneg', 'b53b3a3d6ab90ce0268229151c9bde11', '2021-03-24 23:09:14', '2021-03-24 23:09:14'),
(56, 74, 2, '2021-03-29 22:38:15', 'Marcos', 'Leñero', 'marcos.ln@gmail.com', '1555271491', '9f61408e3afb633e50cdf1b20de6f466', '2021-03-30 04:38:15', '2021-03-30 04:38:15'),
(57, 115, 1, '2021-04-08 14:00:19', 'SILVIA', 'Maidana', 'Silmaidana88@gmail.com', '1554629270', '72b32a1f754ba1c09b3695e0cb6cde7f', '2021-04-08 20:00:19', '2021-04-08 20:00:19'),
(58, 125, 1, '2021-05-07 10:38:39', 'LUIS ENRIQUE JOSE ASENSIO LUCERO', 'asensio lucero', 'asensioluis@hotmail.com', '01164462846', '66f041e16a60928b05a7e228a89c3799', '2021-05-07 16:38:39', '2021-05-07 16:38:39'),
(59, 126, 5, '2021-07-14 10:21:19', 'Daniela', 'Misino', 'daniela.misino@bue.edu.ar', '1530661991', '093f65e080a295f8076b1c5722a46aa2', '2021-07-14 16:21:20', '2021-07-14 16:21:20'),
(60, 95, 1, '2021-07-14 11:28:35', 'Paco', 'Rodriguez', 'diegofranciscorodriguez@gmail.com', '1154799438', '072b030ba126b2f4b2374f342be9ed44', '2021-07-14 17:28:35', '2021-07-14 17:28:35'),
(61, 95, 1, '2021-07-14 11:29:36', 'Paco', 'Rodriguez', 'diegofranciscorodriguez@gmail.com', '1154799438', '7f39f8317fbdb1988ef4c628eba02591', '2021-07-14 17:29:36', '2021-07-14 17:29:36'),
(62, 95, 1, '2021-07-14 12:07:29', 'Paco', 'Rodriguez', 'diegofranciscorodriguez@gmail.com', '1154799438', '44f683a84163b3523afe57c2e008bc8c', '2021-07-14 18:07:29', '2021-07-14 18:07:29'),
(63, 126, 1, '2021-07-14 12:21:56', 'Diego', 'Rodriguez', 'diegofranciscorodriguez@gmail.com', '1154799438', '03afdbd66e7929b125f8597834fa83a4', '2021-07-14 18:21:56', '2021-07-14 18:21:56'),
(64, 96, 2, '2021-07-23 17:43:25', 'Roxana', 'Lucena', 'rocla40_1@hotmail.es', '1163750032', 'ea5d2f1c4608232e07d3aa3d998e5135', '2021-07-23 23:43:25', '2021-07-23 23:43:26'),
(65, 73, 1, '2021-07-25 18:51:14', 'Natalia', 'Stein', 'natistein@hotmail.com', '1161945641', 'fc490ca45c00b1249bbe3554a4fdf6fb', '2021-07-26 00:51:14', '2021-07-26 00:51:14'),
(66, 108, 5, '2021-07-28 20:08:41', 'Adriana', 'Canero', 'aripatricanero@gmail.com', '1139062358', '3295c76acbf4caaed33c36b1b5fc2cb1', '2021-07-29 02:08:41', '2021-07-29 02:08:41'),
(79, 74, 1, '2021-07-28 21:53:43', 'Carmen', 'Lemos Ibarra', 'carmenlemos@gmail.com', '1164523539', 'd1fe173d08e959397adf34b1d77e88d7', '2021-07-29 03:53:43', '2021-07-29 03:53:43'),
(80, 82, 1, '2021-08-08 18:50:05', 'sandra', 'basile', 'sanbasile10@gmail.com', '1140893366', 'f033ab37c30201f73f142449d037028d', '2021-08-09 00:50:05', '2021-08-09 00:50:06'),
(81, 74, 2, '2021-10-06 10:30:59', 'Maria', 'Perez', 'perez.mariaeugenia@gmail.com', '01158997071', '43ec517d68b6edd3015b3edc9a11367b', '2021-10-06 16:30:59', '2021-10-06 16:30:59'),
(82, 74, 2, '2021-10-06 10:31:06', 'Maria', 'Perez', 'perez.mariaeugenia@gmail.com', '01158997071', '9778d5d219c5080b9a6a17bef029331c', '2021-10-06 16:31:06', '2021-10-06 16:31:06'),
(83, 66, 2, '2021-10-13 13:19:08', 'Lena', 'Montero', 'monteroparadzik@gmail.com', '11 3944 0349', 'fe9fc289c3ff0af142b6d3bead98a923', '2021-10-13 19:19:08', '2021-10-13 19:19:08'),
(84, 66, 2, '2021-10-13 13:19:54', 'Lena', 'Montero', 'monteroparadzik@gmail.com', '11 3944 0349', '68d30a9594728bc39aa24be94b319d21', '2021-10-13 19:19:54', '2021-10-13 19:19:54'),
(85, 122, 2, '2021-10-13 13:36:10', 'lena', 'montero', 'monteroparadzik@gmail.com', '11 3944 0349', '3ef815416f775098fe977004015c6193', '2021-10-13 19:36:10', '2021-10-13 19:36:11'),
(86, 74, 2, '2021-10-15 13:15:34', 'Luciano', 'Luis', 'lucho_ia@hotmail.com', '1158760203', '93db85ed909c13838ff95ccfa94cebd9', '2021-10-15 19:15:34', '2021-10-15 19:15:34'),
(87, 74, 2, '2021-10-15 13:15:46', 'Luciano', 'Luis', 'lucho_ia@hotmail.com', '1158760203', 'c7e1249ffc03eb9ded908c236bd1996d', '2021-10-15 19:15:46', '2021-10-15 19:15:46'),
(88, 74, 2, '2021-10-15 13:17:49', 'Luciano', 'Luis', 'lucho_ia@hotmail.com', '1158760203', '2a38a4a9316c49e5a833517c45d31070', '2021-10-15 19:17:49', '2021-10-15 19:17:49'),
(89, 80, 2, '2021-10-15 13:20:18', 'Luciano', 'Luis', 'lucho_ia@hotmail.com', '1158760203', '7647966b7343c29048673252e490f736', '2021-10-15 19:20:18', '2021-10-15 19:20:18'),
(90, 96, 2, '2021-10-18 16:24:22', 'Emanuel', 'Parsekian', 'emanuelparse94@hotmail.com', '1167123089', '8613985ec49eb8f757ae6439e879bb2a', '2021-10-18 22:24:22', '2021-10-18 22:24:22'),
(91, 66, 1, '2021-10-18 16:26:14', 'Emanuel', 'Parsekian', 'emanuelparse94@hotmail.com', '1167123089', '54229abfcfa5649e7003b83dd4755294', '2021-10-18 22:26:14', '2021-10-18 22:26:14'),
(92, 119, 2, '2021-11-11 09:54:46', 'Damasia', 'García Sanabria', 'damaasia@gmail.com', '1567073111', '92cc227532d17e56e07902b254dfad10', '2021-11-11 15:54:46', '2021-11-11 15:54:46'),
(93, 80, 2, '2021-11-18 09:17:18', 'Alicia', 'Crespo', 'licaliciacrespo@gmail.com', '01530968495', '98dce83da57b0395e163467c9dae521b', '2021-11-18 15:17:18', '2021-11-18 15:17:18'),
(94, 110, 1, '2021-12-08 16:03:53', 'Irene', 'Diaz', 'irened61@yahoo.com.ar', '1140866300', 'f4b9ec30ad9f68f89b29639786cb62ef', '2021-12-08 22:03:53', '2021-12-08 22:03:53'),
(95, 110, 1, '2021-12-08 16:03:55', 'Irene', 'Diaz', 'irened61@yahoo.com.ar', '1140866300', '812b4ba287f5ee0bc9d43bbf5bbe87fb', '2021-12-08 22:03:55', '2021-12-08 22:03:55'),
(96, 110, 1, '2021-12-08 16:03:57', 'Irene', 'Diaz', 'irened61@yahoo.com.ar', '1140866300', '26657d5ff9020d2abefe558796b99584', '2021-12-08 22:03:57', '2021-12-08 22:03:58'),
(97, 110, 1, '2021-12-08 16:04:01', 'Irene', 'Diaz', 'irened61@yahoo.com.ar', '1140866300', 'e2ef524fbf3d9fe611d5a8e90fefdc9c', '2021-12-08 22:04:01', '2021-12-08 22:04:01'),
(98, 110, 1, '2021-12-08 16:04:02', 'Irene', 'Diaz', 'irened61@yahoo.com.ar', '1140866300', 'ed3d2c21991e3bef5e069713af9fa6ca', '2021-12-08 22:04:02', '2021-12-08 22:04:02'),
(99, 110, 1, '2021-12-08 16:04:02', 'Irene', 'Diaz', 'irened61@yahoo.com.ar', '1140866300', 'ac627ab1ccbdb62ec96e702f07f6425b', '2021-12-08 22:04:02', '2021-12-08 22:04:02'),
(100, 110, 1, '2021-12-08 16:04:05', 'Irene', 'Diaz', 'irened61@yahoo.com.ar', '1140866300', 'f899139df5e1059396431415e770c6dd', '2021-12-08 22:04:05', '2021-12-08 22:04:06'),
(101, 110, 1, '2021-12-08 16:04:06', 'Irene', 'Diaz', 'irened61@yahoo.com.ar', '1140866300', '38b3eff8baf56627478ec76a704e9b52', '2021-12-08 22:04:06', '2021-12-08 22:04:06'),
(102, 97, 1, '2021-12-08 16:06:41', 'Irene', 'Diaz', 'irened61@yahoo.com.ar', '1140866300', 'ec8956637a99787bd197eacd77acce5e', '2021-12-08 22:06:41', '2021-12-08 22:06:41'),
(103, 97, 2, '2021-12-17 15:37:21', 'Ileana', 'Arduino', 'ilearduino@gmail.com', '11568534655', '6974ce5ac660610b44d9b9fed0ff9548', '2021-12-17 21:37:21', '2021-12-17 21:37:21'),
(104, 125, 2, '2022-01-11 12:11:00', 'Tomás', 'Gatti', 'tomasgatti.83@gmail.com', '1159777615', 'c9e1074f5b3f9fc8ea15d152add07294', '2022-01-11 18:11:00', '2022-01-11 18:11:00'),
(105, 62, 1, '2022-03-15 14:50:38', 'Julián', 'Pelufo', 'jpelufo51@gmail.com', '1153361933', '65b9eea6e1cc6bb9f0cd2a47751a186f', '2022-03-15 20:50:38', '2022-03-15 20:50:38'),
(106, 82, 2, '2022-03-17 16:58:49', 'veronica', 'scardamaglia', 'veroscardamaglia@gmail.com', '1155951834', 'f0935e4cd5920aa6c7c996a5ee53a70f', '2022-03-17 22:58:50', '2022-03-17 22:58:50'),
(107, 82, 2, '2022-03-17 16:58:54', 'veronica', 'scardamaglia', 'veroscardamaglia@gmail.com', '1155951834', 'a97da629b098b75c294dffdc3e463904', '2022-03-17 22:58:54', '2022-03-17 22:58:54'),
(108, 103, 2, '2022-05-16 11:27:13', 'Sara', 'Moya', 'sarayasmina.sym@gmail.com', '1166215666', 'a3c65c2974270fd093ee8a9bf8ae7d0b', '2022-05-16 17:27:13', '2022-05-16 17:27:14'),
(109, 103, 2, '2022-05-16 11:27:31', 'Sara', 'Moya', 'sarayasmina.sym@gmail.com', '1166215666', '2723d092b63885e0d7c260cc007e8b9d', '2022-05-16 17:27:31', '2022-05-16 17:27:31'),
(110, 83, 1, '2022-05-17 14:30:32', 'Mayra Elizabeth', 'Diaz', 'mayradiaz25@live.com.ar', '11-2761-4572', '5f93f983524def3dca464469d2cf9f3e', '2022-05-17 20:30:32', '2022-05-17 20:30:32'),
(111, 76, 1, '2022-05-17 15:05:05', 'ocampo', 'carolina', 'carovys@gmail', '1162723140', '698d51a19d8a121ce581499d7b701668', '2022-05-17 21:05:05', '2022-05-17 21:05:05'),
(112, 102, 1, '2022-05-18 12:46:42', 'Sandra', 'Bermudez', 'sandraivone23@gmail.com', '1150130203', '7f6ffaa6bb0b408017b62254211691b5', '2022-05-18 18:46:42', '2022-05-18 18:46:43'),
(113, 102, 1, '2022-05-18 12:47:01', 'Sandra', 'Bermudez', 'sandraivone23@gmail.com', '1150130203', '73278a4a86960eeb576a8fd4c9ec6997', '2022-05-18 18:47:01', '2022-05-18 18:47:01'),
(114, 62, 5, '2022-06-08 14:28:24', 'Daniel', 'Gómez', 'esquinalibertad2@gmail.com', '+541166606779', '5fd0b37cd7dbbb00f97ba6ce92bf5add', '2022-06-08 20:28:24', '2022-06-08 20:28:24'),
(115, 95, 1, '2022-06-26 12:46:32', 'Giselle', 'Cabral', 'gisellevanesac@gmail.com', '1138025372', '2b44928ae11fb9384c4cf38708677c48', '2022-06-26 18:46:32', '2022-06-26 18:46:32'),
(116, 114, 1, '2022-06-27 17:00:22', 'FERNANDO MATHIAS', 'BARROS', 'fernando.barros07@hotmail.com', '1162817896', 'c45147dee729311ef5b5c3003946c48f', '2022-06-27 23:00:22', '2022-06-27 23:00:23'),
(117, 58, 1, '2022-06-27 17:03:41', 'FERNANDO MATHIAS', 'BARROS', 'fernando.barros07@hotmail.com', '1162817896', 'eb160de1de89d9058fcb0b968dbbbd68', '2022-06-27 23:03:41', '2022-06-27 23:03:41'),
(118, 127, 2, '2022-06-27 19:24:59', 'Adriana', 'Canero', 'aripatricanero@gmail.com', '1139062358', '5ef059938ba799aaa845e1c2e8a762bd', '2022-06-28 01:24:59', '2022-06-28 01:24:59'),
(119, 127, 2, '2022-06-27 19:25:04', 'Adriana', 'Canero', 'aripatricanero@gmail.com', '1139062358', '07e1cd7dca89a1678042477183b7ac3f', '2022-06-28 01:25:04', '2022-06-28 01:25:04'),
(120, 127, 2, '2022-06-27 19:25:05', 'Adriana', 'Canero', 'aripatricanero@gmail.com', '1139062358', 'da4fb5c6e93e74d3df8527599fa62642', '2022-06-28 01:25:05', '2022-06-28 01:25:05'),
(121, 127, 2, '2022-06-27 19:25:05', 'Adriana', 'Canero', 'aripatricanero@gmail.com', '1139062358', '4c56ff4ce4aaf9573aa5dff913df997a', '2022-06-28 01:25:05', '2022-06-28 01:25:05'),
(122, 127, 2, '2022-06-27 19:25:06', 'Adriana', 'Canero', 'aripatricanero@gmail.com', '1139062358', 'a0a080f42e6f13b3a2df133f073095dd', '2022-06-28 01:25:06', '2022-06-28 01:25:06'),
(123, 97, 2, '2022-07-04 14:11:17', 'Jesica', 'Verbner', 'verbnerjesica@gmail.com', '1164937977', '202cb962ac59075b964b07152d234b70', '2022-07-04 20:11:17', '2022-07-04 20:11:17'),
(124, 92, 1, '2022-07-23 23:13:02', 'SOLEDAD', 'Martínez', 'esoledadmartinez84@gmail.com', '1165198485', 'c8ffe9a587b126f152ed3d89a146b445', '2022-07-24 05:13:02', '2022-07-24 05:13:02'),
(125, 109, 1, '2022-07-23 23:14:48', 'SOLEDAD', 'Martínez', 'esoledadmartinez84@gmail.com', '1165198485', '3def184ad8f4755ff269862ea77393dd', '2022-07-24 05:14:48', '2022-07-24 05:14:48'),
(126, 92, 1, '2022-07-24 19:03:57', 'juan jose', 'sosa', 'juansosa1970@yahoo.com', '01138055324', '069059b7ef840f0c74a814ec9237b6ec', '2022-07-25 01:03:57', '2022-07-25 01:03:57'),
(127, 74, 2, '2022-07-25 10:11:41', 'Cesar', 'Collazo', 'cesarcollazo@hotmail.com', '+5491176566427', 'ec5decca5ed3d6b8079e2e7e7bacc9f2', '2022-07-25 16:11:41', '2022-07-25 16:11:41'),
(128, 92, 1, '2022-07-30 13:54:10', 'JUAN', 'GIULIODORI', 'arq_giuliodori@hotmail.com', '1164547931', '76dc611d6ebaafc66cc0879c71b5db5c', '2022-07-30 19:54:10', '2022-07-30 19:54:10'),
(129, 92, 1, '2022-07-30 13:54:24', 'JUAN', 'GIULIODORI', 'arq_giuliodori@hotmail.com', '1164547931', 'd1f491a404d6854880943e5c3cd9ca25', '2022-07-30 19:54:24', '2022-07-30 19:54:24'),
(130, 69, 1, '2022-07-30 13:54:54', 'JUAN', 'GIULIODORI', 'arq_giuliodori@hotmail.com', '1164547931', '9b8619251a19057cff70779273e95aa6', '2022-07-30 19:54:54', '2022-07-30 19:54:54'),
(131, 92, 2, '2022-08-09 11:22:05', 'Karina', 'Magallán', 'karinamagallan@hotmail.com', '1153420551', '1afa34a7f984eeabdbb0a7d494132ee5', '2022-08-09 17:22:05', '2022-08-09 17:22:05'),
(132, 74, 2, '2022-08-30 15:50:37', 'Mariana', 'Gutierrez', 'maerrez@gmail.com', '01135342995', '65ded5353c5ee48d0b7d48c591b8f430', '2022-08-30 21:50:37', '2022-08-30 21:50:37'),
(133, 92, 2, '2022-09-01 14:31:18', 'paula', 'acuña', 'daleacu@gmail.com', '01161893924', '9fc3d7152ba9336a670e36d0ed79bc43', '2022-09-01 20:31:18', '2022-09-01 20:31:18'),
(134, 77, 1, '2022-09-01 18:00:48', 'Gonzalo', 'Mancuso', 'gonzalomancuso2015@gmail.com', '1156477839', '02522a2b2726fb0a03bb19f2d8d9524d', '2022-09-02 00:00:48', '2022-09-02 00:00:48'),
(135, 75, 2, '2022-09-14 08:29:56', 'Jaqui', 'Onorato', 'jaquelinaonorato4@gmail.com', '1162468465', '7f1de29e6da19d22b51c68001e7e0e54', '2022-09-14 14:29:56', '2022-09-14 14:29:56'),
(136, 65, 1, '2022-09-15 23:42:56', 'Gabriel', 'Nardulli', 'anbyweb@hotmail.com', '1153896851', '42a0e188f5033bc65bf8d78622277c4e', '2022-09-16 05:42:56', '2022-09-16 05:42:56'),
(137, 65, 1, '2022-09-15 23:42:58', 'Gabriel', 'Nardulli', 'anbyweb@hotmail.com', '1153896851', '3988c7f88ebcb58c6ce932b957b6f332', '2022-09-16 05:42:58', '2022-09-16 05:42:58'),
(138, 73, 1, '2022-09-15 23:48:32', 'Gabriel', 'Nardulli', 'anbyweb@hotmail.com', '1153896851', '013d407166ec4fa56eb1e1f8cbe183b9', '2022-09-16 05:48:32', '2022-09-16 05:48:32'),
(139, 69, 2, '2022-09-20 15:16:44', 'paula', 'acuña', 'daleacu@gmail.com', '01161893924', 'e00da03b685a0dd18fb6a08af0923de0', '2022-09-20 21:16:44', '2022-09-20 21:16:44'),
(140, 128, 1, '2022-09-29 19:25:11', 'guillermo', 'bot', 'krikorazo@hotmail.com', '1124959999', '1385974ed5904a438616ff7bdb3f7439', '2022-09-30 01:25:11', '2022-09-30 01:25:11'),
(141, 69, 2, '2022-10-26 12:13:22', 'Ariel', 'Wasserman', 'ariel@cfee.gob.ar', '1169015609', '0f28b5d49b3020afeecd95b4009adf4c', '2022-10-26 18:13:22', '2022-10-26 18:13:22'),
(142, 76, 1, '2022-10-28 06:35:45', 'Elizabeth myriam', 'Crespo', 'elisheba.crespo@gmail.com', '1531477770', 'a8baa56554f96369ab93e4f3bb068c22', '2022-10-28 12:35:45', '2022-10-28 12:35:45'),
(143, 128, 1, '2022-10-28 06:42:47', 'Elizabeth myriam', 'Crespo', 'elisheba.crespo@gmail.com', '1531477770', '903ce9225fca3e988c2af215d4e544d3', '2022-10-28 12:42:47', '2022-10-28 12:42:47'),
(144, 128, 1, '2022-10-28 06:43:05', 'Elizabeth myriam', 'Crespo', 'elisheba.crespo@gmail.com', '1531477770', '0a09c8844ba8f0936c20bd791130d6b6', '2022-10-28 12:43:05', '2022-10-28 12:43:05'),
(145, 91, 2, '2022-11-03 12:27:21', 'Diego', 'Spagnuolo', 'paradaraempresas@gmail.com', '1530495699', '2b24d495052a8ce66358eb576b8912c8', '2022-11-03 18:27:21', '2022-11-03 18:27:23'),
(146, 95, 2, '2022-11-03 12:27:32', 'Diego', 'Spagnuolo', 'paradaraempresas@gmail.com', '1530495699', 'a5e00132373a7031000fd987a3c9f87b', '2022-11-03 18:27:32', '2022-11-03 18:27:32'),
(147, 91, 2, '2022-11-03 12:27:53', 'Diego', 'Spagnuolo', 'paradaraempresas@gmail.com', '1530495699', '8d5e957f297893487bd98fa830fa6413', '2022-11-03 18:27:53', '2022-11-03 18:27:53'),
(148, 95, 2, '2022-11-03 12:34:00', 'Diego', 'Spagnuolo', 'paradaraempresas@gmail.com', '1530495699', '47d1e990583c9c67424d369f3414728e', '2022-11-03 18:34:00', '2022-11-03 18:34:00'),
(149, 126, 1, '2022-11-12 15:43:55', 'Eduardo', 'Perez', 'edroperf@yahoo.com.ar', '1136820200', 'f2217062e9a397a1dca429e7d70bc6ca', '2022-11-12 21:43:55', '2022-11-12 21:43:56'),
(150, 80, 2, '2022-11-14 14:33:05', 'Rosa', 'quiroga', 'quirogarosa39@yahoo.com.ar', '1531705317', '7ef605fc8dba5425d6965fbd4c8fbe1f', '2022-11-14 20:33:05', '2022-11-14 20:33:05'),
(151, 64, 1, '2022-11-15 23:50:43', 'Yamila', 'Romero', 'yamilaromero13@gmail.com', '1169756457', 'a8f15eda80c50adb0e71943adc8015cf', '2022-11-16 05:50:43', '2022-11-16 05:50:43'),
(152, 113, 2, '2022-11-22 14:26:46', 'Marco', 'Aguirre', 'Marcoaguirrehelguero@yahoo.com.ar', '1132113923', '37a749d808e46495a8da1e5352d03cae', '2022-11-22 20:26:46', '2022-11-22 20:26:46'),
(153, 113, 2, '2022-11-22 14:26:50', 'Marco', 'Aguirre', 'Marcoaguirrehelguero@yahoo.com.ar', '1132113923', 'b3e3e393c77e35a4a3f3cbd1e429b5dc', '2022-11-22 20:26:50', '2022-11-22 20:26:51'),
(154, 77, 2, '2022-12-01 11:57:43', 'Luciano', 'Medina', 'Lucianomedina8205@gmail.com', '1122742724', '1d7f7abc18fcb43975065399b0d1e48e', '2022-12-01 17:57:43', '2022-12-01 17:57:43'),
(155, 104, 1, '2022-12-02 16:32:58', 'guillermo', 'bot', 'krikorazo@hotmail.com', '1124959999', '2a79ea27c279e471f4d180b08d62b00a', '2022-12-02 22:32:58', '2022-12-02 22:32:58'),
(156, 104, 1, '2022-12-02 16:34:55', 'guillermo', 'bot', 'krikorazo@hotmail.com', '1124959999', '1c9ac0159c94d8d0cbedc973445af2da', '2022-12-02 22:34:55', '2022-12-02 22:34:55'),
(157, 69, 1, '2022-12-28 18:14:03', 'Francisco', 'Cardozo', 'franariel490@gmail.com', '1126825829', '6c4b761a28b734fe93831e3fb400ce87', '2022-12-29 00:14:03', '2022-12-29 00:14:03'),
(158, 69, 1, '2022-12-28 18:14:07', 'Francisco', 'Cardozo', 'franariel490@gmail.com', '1126825829', '06409663226af2f3114485aa4e0a23b4', '2022-12-29 00:14:07', '2022-12-29 00:14:07'),
(159, 69, 1, '2022-12-28 18:14:12', 'Francisco', 'Cardozo', 'franariel490@gmail.com', '1126825829', '140f6969d5213fd0ece03148e62e461e', '2022-12-29 00:14:12', '2022-12-29 00:14:12'),
(160, 95, 1, '2023-01-30 15:07:23', 'Paco', 'Rodriguez', 'diegofranciscorodriguez@gmail.com', '1154799438', 'b73ce398c39f506af761d2277d853a92', '2023-01-30 21:07:23', '2023-01-30 21:07:23');

-- --------------------------------------------------------

--
-- Estructura de tabla para la tabla `interactionimage`
--

CREATE TABLE `interactionimage` (
  `id` bigint(20) UNSIGNED NOT NULL,
  `message_id` bigint(20) UNSIGNED NOT NULL,
  `name` varchar(255) COLLATE utf8mb4_unicode_ci DEFAULT NULL,
  `extension` varchar(255) COLLATE utf8mb4_unicode_ci DEFAULT NULL,
  `size` bigint(20) DEFAULT NULL,
  `url` varchar(255) COLLATE utf8mb4_unicode_ci NOT NULL,
  `created_at` timestamp NULL DEFAULT NULL,
  `updated_at` timestamp NULL DEFAULT NULL
) ENGINE=InnoDB DEFAULT CHARSET=utf8mb4 COLLATE=utf8mb4_unicode_ci;

--
-- Volcado de datos para la tabla `interactionimage`
--

INSERT INTO `interactionimage` (`id`, `message_id`, `name`, `extension`, `size`, `url`, `created_at`, `updated_at`) VALUES
(3, 5, 'RedesPNG.png', 'png', 86296, '5/WXphagc4vjdciHAvADK5XUbGBaXPVGd45ccxOUnz.png', '2020-12-08 03:29:41', '2020-12-08 03:29:41'),
(4, 6, 'descarga (1).jpg', 'jpeg', 10181, '6/Ea2WKaEeGEMCNiD81a7lMAwiX7nSOb0JVovLLOTz.jpeg', '2020-12-08 03:47:22', '2020-12-08 03:47:22'),
(5, 75, 'ardilla2.jpg', 'jpeg', 161547, '75/QkZO13JBW4owss003gjS64NezRO56NWFiSCjO9Gk.jpeg', '2021-07-14 17:29:36', '2021-07-14 17:29:36'),
(6, 117, 'inbound5491515379659827435.jpg', 'jpeg', 40429, '117/9cGHbx4BlyVNIn10RliMgZRx7yVMqQaKYamBt8ER.jpeg', '2022-01-11 18:11:01', '2022-01-11 18:11:01'),
(7, 163, 'moto.jfif', 'jpeg', 7192, '163/Op8WaGBpMgAY94Q6jIGD2zb7GKIACT1ZYGNu5H6r.jpeg', '2023-01-30 21:07:23', '2023-01-30 21:07:23'),
(8, 167, 'moto.jfif', 'jpg', 7192, '167/5ZCqvZzWtlv9SOQxbjUseV6Aw9Q6JtFkUqiY3lzU.jpg', '2023-04-10 19:09:09', '2023-04-10 19:09:09'),
(9, 169, 'tamaiken1.jpeg', 'jpg', 386795, '169/T3RBQtc8M3xY88DEb4ugQaXmTX3CbUju4CNOfoAy.jpg', '2023-04-10 19:23:27', '2023-04-10 19:23:27');

-- --------------------------------------------------------

--
-- Estructura de tabla para la tabla `interactionmessage`
--

CREATE TABLE `interactionmessage` (
  `id` bigint(20) UNSIGNED NOT NULL,
  `head_id` bigint(20) UNSIGNED NOT NULL,
  `date` datetime DEFAULT NULL,
  `message` varchar(255) COLLATE utf8mb4_unicode_ci DEFAULT NULL,
  `read` varchar(255) COLLATE utf8mb4_unicode_ci NOT NULL DEFAULT '0',
  `is_reply` tinyint(1) DEFAULT NULL,
  `hash` varchar(255) COLLATE utf8mb4_unicode_ci DEFAULT NULL,
  `created_at` timestamp NULL DEFAULT NULL,
  `updated_at` timestamp NULL DEFAULT NULL
) ENGINE=InnoDB DEFAULT CHARSET=utf8mb4 COLLATE=utf8mb4_unicode_ci;

--
-- Volcado de datos para la tabla `interactionmessage`
--

INSERT INTO `interactionmessage` (`id`, `head_id`, `date`, `message`, `read`, `is_reply`, `hash`, `created_at`, `updated_at`) VALUES
(5, 3, '2020-12-07 21:29:41', 'Hola Puchito! este es un mesaje de prueba porque acabo de migrar el portal!', '0', 0, 'e4da3b7fbbce2345d7772b0674a318d5', '2020-12-08 03:29:41', '2020-12-08 03:29:41'),
(6, 4, '2020-12-07 21:47:22', 'Que haces tano! este en mensaje de prueba!!\r\nSoy paco!!', '1', 0, '1679091c5a880faf6fb5e6087eb1b2dc', '2020-12-08 03:47:22', '2023-04-10 19:26:29'),
(7, 4, '2020-12-07 21:54:51', 'Hola Paco', '1', 1, '8f14e45fceea167a5a36dedd4bea2543', '2020-12-08 03:54:51', '2023-04-10 19:26:29'),
(8, 5, '2020-12-09 12:14:29', 'HOLA COMO ESTAS TE CONSULTO PO UN PRESUPUESTO DE UN DISEÑ GRAFICO DE UN  DISEÑO PRA IMPRIMIR PARA MI TRABAJO', '1', 0, 'c9f0f895fb98ab9159f51fd0297e236d', '2020-12-09 18:14:29', '2020-12-10 00:29:49'),
(9, 5, '2020-12-09 15:29:48', 'Hola Graciela! Hay un error temporal con la página así que te contesté por mail. Un beso', '1', 1, '45c48cce2e2d7fbdea1afc51c7c6ad26', '2020-12-09 21:29:48', '2020-12-10 00:29:49'),
(18, 10, '2020-12-11 16:20:37', 'Hola! Este es un mensaje de prueba', '0', 0, '6f4922f45568161a8cdf4ad2299f6d23', '2020-12-11 22:20:37', '2020-12-11 22:20:37'),
(19, 11, '2020-12-11 16:25:14', 'Este mensaje es una prueba. Te sugerimos que lo contestes y nos avises en caso de que encuentres alguna dificultad. Gracias!', '0', 0, '1f0e3dad99908345f7439f8ffabdffc4', '2020-12-11 22:25:14', '2020-12-11 22:25:14'),
(20, 12, '2020-12-11 16:28:26', 'Este mensaje es una prueba. Te sugerimos que lo contestes y nos avises en caso de que encuentres alguna dificultad. Gracias!', '0', 0, '98f13708210194c475687be6106a3b84', '2020-12-11 22:28:26', '2020-12-11 22:28:26'),
(21, 13, '2020-12-11 16:30:04', 'Este mensaje es una prueba. Te sugerimos que lo contestes y nos avises en caso de que encuentres alguna dificultad. Gracias!', '0', 0, '3c59dc048e8850243be8079a5c74d079', '2020-12-11 22:30:04', '2020-12-11 22:30:04'),
(22, 14, '2020-12-14 11:14:52', 'Este mensaje es una prueba. Te sugerimos que lo contestes y nos avises en caso de que encuentres alguna dificultad. Gracias!', '0', 0, 'b6d767d2f8ed5d21a44b0e5886680cb9', '2020-12-14 17:14:52', '2020-12-14 17:14:52'),
(23, 15, '2020-12-14 11:16:14', 'Este mensaje es una prueba. Te sugerimos que lo contestes y nos avises en caso de que encuentres alguna dificultad. Gracias!', '1', 0, '37693cfc748049e45d87b8c7d8b9aacd', '2020-12-14 17:16:14', '2020-12-14 22:54:14'),
(24, 16, '2020-12-14 11:17:31', 'Este mensaje es una prueba. Te sugerimos que lo contestes y nos avises en caso de que encuentres alguna dificultad. Gracias!', '0', 0, '1ff1de774005f8da13f42943881c655f', '2020-12-14 17:17:31', '2020-12-14 17:17:31'),
(25, 17, '2020-12-14 11:23:24', 'Este mensaje es una prueba. Te sugerimos que lo contestes y nos avises en caso de que encuentres alguna dificultad. Gracias!', '0', 0, '8e296a067a37563370ded05f5a3bf3ec', '2020-12-14 17:23:24', '2020-12-14 17:23:24'),
(26, 18, '2020-12-14 11:25:21', 'Este mensaje es una prueba. Te sugerimos que lo contestes y nos avises en caso de que encuentres alguna dificultad. Gracias!', '1', 0, '4e732ced3463d06de0ca9a15b6153677', '2020-12-14 17:25:21', '2022-09-20 16:27:05'),
(27, 19, '2020-12-14 11:26:59', 'Este mensaje es una prueba. Te sugerimos que lo contestes y nos avises en caso de que encuentres alguna dificultad. Gracias!', '0', 0, '02e74f10e0327ad868d138f2b4fdd6f0', '2020-12-14 17:26:59', '2020-12-14 17:26:59'),
(28, 20, '2020-12-14 11:28:50', 'Este mensaje es una prueba. Te sugerimos que lo contestes y nos avises en caso de que encuentres alguna dificultad. Gracias!', '0', 0, '33e75ff09dd601bbe69f351039152189', '2020-12-14 17:28:50', '2020-12-14 17:28:50'),
(29, 21, '2020-12-14 11:31:58', 'Este mensaje es una prueba. Te sugerimos que lo contestes y nos avises en caso de que encuentres alguna dificultad. Gracias!', '1', 0, '6ea9ab1baa0efb9e19094440c317e21b', '2020-12-14 17:31:58', '2020-12-14 21:03:32'),
(30, 18, '2020-12-14 11:55:55', 'perfecto, gracias', '1', 1, '34173cb38f07f89ddbebc2ac9128303f', '2020-12-14 17:55:55', '2022-09-20 16:27:05'),
(31, 21, '2020-12-14 11:58:42', 'Recibido, Gracias!', '1', 1, 'c16a5320fa475530d9583c34fd356ef5', '2020-12-14 17:58:42', '2020-12-14 21:03:32'),
(32, 22, '2020-12-14 12:16:25', 'Este mensaje es una prueba. Te sugerimos que lo contestes y nos avises en caso de que encuentres alguna dificultad. Gracias!', '1', 0, '6364d3f0f495b6ab9dcf8d3b5c6e0b01', '2020-12-14 18:16:25', '2020-12-14 21:38:34'),
(33, 23, '2020-12-14 12:18:01', 'Este mensaje es una prueba. Te sugerimos que lo contestes y nos avises en caso de que encuentres alguna dificultad. Gracias!', '1', 0, '182be0c5cdcd5072bb1864cdee4d3d6e', '2020-12-14 18:18:01', '2020-12-22 22:40:21'),
(34, 24, '2020-12-14 12:19:30', 'Este mensaje es una prueba. Te sugerimos que lo contestes y nos avises en caso de que encuentres alguna dificultad. Gracias!', '1', 0, 'e369853df766fa44e1ed0ff613f563bd', '2020-12-14 18:19:30', '2020-12-14 21:49:36'),
(35, 25, '2020-12-14 12:30:36', 'Este mensaje es una prueba. Te sugerimos que lo contestes y nos avises en caso de que encuentres alguna dificultad. Gracias!', '0', 0, '1c383cd30b7c298ab50293adfecb7b18', '2020-12-14 18:30:37', '2020-12-14 18:30:37'),
(36, 26, '2020-12-14 12:32:53', 'Este mensaje es una prueba. Te sugerimos que lo contestes y nos avises en caso de que encuentres alguna dificultad. Gracias!', '0', 0, '19ca14e7ea6328a42e0eb13d585e4c22', '2020-12-14 18:32:53', '2020-12-14 18:32:53'),
(37, 22, '2020-12-14 12:38:06', 'Perfecto, pude ingresar mil gracias', '1', 1, 'a5bfc9e07964f8dddeb95fc584cd965d', '2020-12-14 18:38:06', '2020-12-14 21:38:34'),
(38, 27, '2020-12-14 12:40:35', 'Este mensaje es una prueba. Te sugerimos que lo contestes y nos avises en caso de que encuentres alguna dificultad. Gracias!', '0', 0, 'a5771bce93e200c36f7cd9dfd0e5deaa', '2020-12-14 18:40:35', '2020-12-14 18:40:35'),
(39, 24, '2020-12-14 12:49:32', 'hola mensaje recibido. sdos. Claudia Lange', '1', 1, 'd67d8ab4f4c10bf22aa353e27879133c', '2020-12-14 18:49:32', '2020-12-14 21:49:36'),
(40, 28, '2020-12-14 12:57:48', 'Este mensaje es una prueba. Te sugerimos que lo contestes y nos avises en caso de que encuentres alguna dificultad. Gracias!', '1', 0, 'd645920e395fedad7bbbed0eca3fe2e0', '2020-12-14 18:57:48', '2020-12-14 22:33:31'),
(41, 29, '2020-12-14 13:01:02', 'Este mensaje es una prueba. Te sugerimos que lo contestes y nos avises en caso de que encuentres alguna dificultad. Gracias!', '1', 0, '3416a75f4cea9109507cacd8e2f2aefc', '2020-12-14 19:01:02', '2020-12-15 09:11:25'),
(42, 30, '2020-12-14 13:02:30', 'Este mensaje es una prueba. Te sugerimos que lo contestes y nos avises en caso de que encuentres alguna dificultad. Gracias!', '0', 0, 'a1d0c6e83f027327d8461063f4ac58a6', '2020-12-14 19:02:31', '2020-12-14 19:02:31'),
(43, 28, '2020-12-14 13:33:28', 'Gracias!', '1', 1, '17e62166fc8586dfa4d1bc0e1742c08b', '2020-12-14 19:33:28', '2020-12-14 22:33:31'),
(44, 15, '2020-12-14 13:54:12', 'Hola mensaje de prueba recibido', '1', 1, 'f7177163c833dff4b38fc8d2872f1ec6', '2020-12-14 19:54:12', '2020-12-14 22:54:14'),
(45, 23, '2020-12-14 18:22:44', 'GRACIAS  RECIBI EL MENSAJE TODAVIA NO TENGO ARCHIVOS PERO EN CUANTO LOS TENGA LO INFORMO.. ESTOY PUBLICANDO EN FACE  SUGIERO PUBLICAT EN INTAGRAN NO SE COMO HACERLO.\r\nGRACIAS A TODOS', '1', 1, '6c8349cc7260ae62e3b1396831a8398f', '2020-12-15 00:22:44', '2020-12-22 22:40:21'),
(46, 31, '2020-12-19 18:11:22', 'Tenemos tres pequeñas cosas p soldar ( por ej un extremo de un escalón de una escalera caracol )\r\nSi te interesa decirnos que dia podes venir   estamos en flores Sur\r\nMuchas gracias \r\nSusana', '1', 0, 'd9d4f495e875a2e075a1a4a6e1b9770f', '2020-12-20 00:11:22', '2020-12-20 03:16:12'),
(47, 32, '2020-12-22 20:44:28', 'Hola estoy interesado en el curso quisiera más información Gracias', '0', 0, '67c6a1e7ce56d3d6fa748ab6d9af3fd7', '2020-12-23 02:44:28', '2020-12-23 02:44:28'),
(48, 33, '2021-02-02 10:50:01', 'Hola, necesito cambiar una canilla (conecta fuente con lavarropas) que acaba de romperse. Gracias.', '1', 0, '642e92efb79421734881b53e1e1b18b6', '2021-02-02 16:50:01', '2021-02-03 05:46:52'),
(49, 33, '2021-02-02 18:31:07', 'Hola buenas tardes. Mucho gusto de q zona es?', '1', 1, 'f457c545a9ded88f18ecee47145a72c0', '2021-02-03 00:31:07', '2021-02-03 05:46:52'),
(50, 33, '2021-02-02 18:37:14', 'Flores, av Directorio y Carabobo', '1', 0, 'c0c7c76d30bd3dcaefc96f40275bdc0a', '2021-02-03 00:37:14', '2021-02-03 05:46:52'),
(51, 33, '2021-02-02 18:46:08', 'Bueno Mauro mañana tipo 6 de la tarde podría darme una escapada para verlo y pasarle presupuesto, le parece? Si me pasa su número de teléfono para llamarlo cuando esté cerca sería buenisimo', '1', 1, '2838023a778dfaecdc212708f721b788', '2021-02-03 00:46:08', '2021-02-03 05:46:52'),
(52, 33, '2021-02-02 18:49:02', '3242-2000. Tenés factura? Te paso las fotos por celular, es un pedazo de canilla dentro del caño, lo haría yo con una francesa pero la casa no es mía. Gracias.', '1', 0, '9a1158154dfa42caddbd0694a4e9bdc8', '2021-02-03 00:49:02', '2021-02-03 05:46:52'),
(53, 33, '2021-02-02 18:53:24', 'No no tengo factura', '1', 1, 'd82c8d1619ad8176d665453cfb2e55f0', '2021-02-03 00:53:24', '2021-02-03 05:46:52'),
(54, 33, '2021-02-02 19:22:34', 'ok. Escribime por whatsupp y hablamos mejor. Si no cobrás visita todo bien. Vení y dame un presupuesto. Gracias.', '1', 0, 'a684eceee76fc522773286a895bc8436', '2021-02-03 01:22:34', '2021-02-03 05:46:52'),
(55, 33, '2021-02-02 20:46:50', 'Hola Mauro te agende pero no me aparece en Wasap, falta algún número? O algo por estilo? Te dejo el mio por las dudas1165622920. Y no cobro las visitas', '1', 1, 'b53b3a3d6ab90ce0268229151c9bde11', '2021-02-03 02:46:50', '2021-02-03 05:46:52'),
(56, 41, '2021-03-04 13:24:38', 'Hola Diego, necesito colcar dos ventiladores de techo1 estoy zona floresta. Podrás?', '0', 0, '9f61408e3afb633e50cdf1b20de6f466', '2021-03-04 19:24:38', '2021-03-04 19:24:38'),
(57, 42, '2021-03-10 03:51:39', 'Muchas gracias. ?Como puedo iniciar sesion?', '0', 0, '72b32a1f754ba1c09b3695e0cb6cde7f', '2021-03-10 09:51:39', '2021-03-10 09:51:39'),
(58, 43, '2021-03-10 11:19:21', 'Necesito cambiar un techo chico de policarbonato  en cocina, movible con estructura metálica.', '1', 0, '66f041e16a60928b05a7e228a89c3799', '2021-03-10 17:19:21', '2021-03-10 20:32:04'),
(59, 43, '2021-03-10 11:32:00', 'Hola buenas, si me podrías mandar fotos para ver bien que es lo que hay que hacer', '1', 1, '093f65e080a295f8076b1c5722a46aa2', '2021-03-10 17:32:00', '2021-03-10 20:32:04'),
(60, 44, '2021-03-11 08:32:52', 'Muchas gracias. ?Como puedo iniciar sesion?', '0', 0, '072b030ba126b2f4b2374f342be9ed44', '2021-03-11 14:32:52', '2021-03-11 14:32:52'),
(61, 45, '2021-03-12 01:24:25', 'Muchas gracias. ?Como puedo iniciar sesion?', '0', 0, '7f39f8317fbdb1988ef4c628eba02591', '2021-03-12 07:24:26', '2021-03-12 07:24:26'),
(62, 46, '2021-03-12 23:07:27', 'Muchas gracias. ?Como puedo iniciar sesion?', '0', 0, '44f683a84163b3523afe57c2e008bc8c', '2021-03-13 05:07:27', '2021-03-13 05:07:27'),
(63, 47, '2021-03-14 07:36:15', 'Muchas gracias. ?Como puedo iniciar sesion?', '0', 0, '03afdbd66e7929b125f8597834fa83a4', '2021-03-14 13:36:15', '2021-03-14 13:36:15'),
(64, 48, '2021-03-16 08:40:47', 'Muchas gracias. ?Como puedo iniciar sesion?', '0', 0, 'ea5d2f1c4608232e07d3aa3d998e5135', '2021-03-16 14:40:47', '2021-03-16 14:40:47'),
(65, 49, '2021-03-18 12:01:47', 'Hola, fui al cfp24 y conocia este servicio. Tengo que instalar un termotanque.  Queria consultar presupuesto. Gracias', '0', 0, 'fc490ca45c00b1249bbe3554a4fdf6fb', '2021-03-18 18:01:47', '2021-03-18 18:01:47'),
(66, 50, '2021-03-18 21:34:25', 'Muchas gracias. ?Como puedo iniciar sesion?', '0', 0, '3295c76acbf4caaed33c36b1b5fc2cb1', '2021-03-19 03:34:25', '2021-03-19 03:34:25'),
(72, 58, '2021-05-07 10:38:39', 'Quisiera revisar un aire acondicionado frio calor. Esta funcionando pero chorrea agua por dentro y al ponerlo en calor, tira calor y frio aleatoriamente. Saludos,Luis.', '1', 0, '32bb90e8976aab5298d5da10fe66f21d', '2021-05-07 16:38:39', '2021-05-08 00:59:24'),
(73, 58, '2021-05-07 15:59:19', 'Hola! Si, lo revisamos. ¿por donde vivís? Te paso mi celu 1565560122. saludos Eduardo', '1', 1, 'd2ddea18f00665ce8623e36bd4e3c7c5', '2021-05-07 21:59:19', '2021-05-08 00:59:24'),
(74, 60, '2021-07-14 11:28:35', 'Es un mensaje de prueba!!!', '0', 0, 'ad61ab143223efbc24c7d2583be69251', '2021-07-14 17:28:35', '2021-07-14 17:28:35'),
(75, 61, '2021-07-14 11:29:36', 'Va otra prueba! Saludos! Paco', '0', 0, 'd09bf41544a3365a46c9077ebb5e35c3', '2021-07-14 17:29:36', '2021-07-14 17:29:36'),
(76, 62, '2021-07-14 12:07:29', 'Esta es otra prueba\r\npara saber \r\nsi es esto anda bien\r\nacá va.\r\nNiño', '0', 0, 'fbd7939d674997cdb4692d34de8633c4', '2021-07-14 18:07:29', '2021-07-14 18:07:29'),
(77, 63, '2021-07-14 12:21:56', 'Este es un mensaje de prueba\r\nPor eso escríbo este mesañe', '1', 0, '28dd2c7955ce926456240b2ff0100bde', '2021-07-14 18:21:56', '2021-07-15 07:24:35'),
(78, 64, '2021-07-23 17:43:25', 'Hola Enrique como estas?, no me funciona bien el calefon a gas , cuesta prender y calienta poco , necesito urgente arreglo', '0', 0, '35f4a8d465e6e1edc05f3d8ab658c551', '2021-07-23 23:43:26', '2021-07-23 23:43:26'),
(94, 80, '2021-08-08 18:50:05', 'hola\r\nestoy buscando para mi hija de 16 años la capacitacion en panaderia y cocina basica para este 2 do. cuatrimestre\r\nGracias', '1', 0, 'f4b9ec30ad9f68f89b29639786cb62ef', '2021-08-09 00:50:06', '2021-08-11 16:08:23'),
(95, 81, '2021-10-06 10:30:59', 'Hola Gabriela. Soy del CFP 24 y te queria consultar presupuesto para una soldadura de Una bicicleta fija. Saludos', '0', 0, '812b4ba287f5ee0bc9d43bbf5bbe87fb', '2021-10-06 16:30:59', '2021-10-06 16:30:59'),
(96, 82, '2021-10-06 10:31:06', 'Hola Gabriela. Soy del CFP 24 y te queria consultar presupuesto para una soldadura de Una bicicleta fija. Saludos', '0', 0, '26657d5ff9020d2abefe558796b99584', '2021-10-06 16:31:06', '2021-10-06 16:31:06'),
(97, 92, '2021-11-11 09:54:46', 'Cuando tiro la cadena sale un poco de agua por abajo.', '0', 0, 'e2ef524fbf3d9fe611d5a8e90fefdc9c', '2021-11-11 15:54:46', '2021-11-11 15:54:46'),
(98, 93, '2021-11-18 09:17:18', 'Buenos días necesito hacer unas ménsulas para colocar unos vidrios para proteger las ventanas de la lluvia.Seria para 2 ventanas.Esoero tu respuesta, muchas gracias', '1', 0, 'ed3d2c21991e3bef5e069713af9fa6ca', '2021-11-18 15:17:18', '2021-12-02 01:31:20'),
(99, 93, '2021-11-18 09:20:18', 'Hola buenas me podeias pasar tu número así lo resolvemos por ahí', '1', 1, 'ac627ab1ccbdb62ec96e702f07f6425b', '2021-11-18 15:20:18', '2021-12-02 01:31:20'),
(100, 93, '2021-11-18 09:57:09', 'Te paso, 1530968495', '1', 0, 'f899139df5e1059396431415e770c6dd', '2021-11-18 15:57:09', '2021-12-02 01:31:20'),
(101, 93, '2021-11-18 10:06:19', 'Dale ahí te hablo', '1', 1, '38b3eff8baf56627478ec76a704e9b52', '2021-11-18 16:06:19', '2021-12-02 01:31:20'),
(102, 93, '2021-11-18 10:10:48', 'Gracias Ezequiel', '1', 0, 'ec8956637a99787bd197eacd77acce5e', '2021-11-18 16:10:48', '2021-12-02 01:31:20'),
(103, 93, '2021-11-30 14:22:56', 'Ezequiel vas a poder realizar el trabajo? No tuve más respuestas', '1', 0, '6974ce5ac660610b44d9b9fed0ff9548', '2021-11-30 20:22:56', '2021-12-02 01:31:20'),
(104, 93, '2021-11-30 14:22:59', 'Ezequiel vas a poder realizar el trabajo? No tuve más respuestas', '1', 0, 'c9e1074f5b3f9fc8ea15d152add07294', '2021-11-30 20:22:59', '2021-12-02 01:31:20'),
(105, 93, '2021-11-30 14:23:01', 'Ezequiel vas a poder realizar el trabajo? No tuve más respuestas', '1', 0, '65b9eea6e1cc6bb9f0cd2a47751a186f', '2021-11-30 20:23:01', '2021-12-02 01:31:20'),
(106, 94, '2021-12-08 16:03:53', 'Hola. Quería saber cuanto dura el curso, costo y si dan título oficial. A donde se dicta?\r\nGracias', '0', 0, 'f0935e4cd5920aa6c7c996a5ee53a70f', '2021-12-08 22:03:53', '2021-12-08 22:03:53'),
(107, 95, '2021-12-08 16:03:55', 'Hola. Quería saber cuanto dura el curso, costo y si dan título oficial. A donde se dicta?\r\nGracias', '0', 0, 'a97da629b098b75c294dffdc3e463904', '2021-12-08 22:03:55', '2021-12-08 22:03:55'),
(108, 96, '2021-12-08 16:03:57', 'Hola. Quería saber cuanto dura el curso, costo y si dan título oficial. A donde se dicta?\r\nGracias', '1', 0, 'a3c65c2974270fd093ee8a9bf8ae7d0b', '2021-12-08 22:03:58', '2021-12-09 18:23:45'),
(109, 97, '2021-12-08 16:04:01', 'Hola. Quería saber cuanto dura el curso, costo y si dan título oficial. A donde se dicta?\r\nGracias', '0', 0, '2723d092b63885e0d7c260cc007e8b9d', '2021-12-08 22:04:01', '2021-12-08 22:04:01'),
(110, 98, '2021-12-08 16:04:02', 'Hola. Quería saber cuanto dura el curso, costo y si dan título oficial. A donde se dicta?\r\nGracias', '0', 0, '5f93f983524def3dca464469d2cf9f3e', '2021-12-08 22:04:02', '2021-12-08 22:04:02'),
(111, 99, '2021-12-08 16:04:02', 'Hola. Quería saber cuanto dura el curso, costo y si dan título oficial. A donde se dicta?\r\nGracias', '0', 0, '698d51a19d8a121ce581499d7b701668', '2021-12-08 22:04:02', '2021-12-08 22:04:02'),
(112, 100, '2021-12-08 16:04:05', 'Hola. Quería saber cuanto dura el curso, costo y si dan título oficial. A donde se dicta?\r\nGracias', '0', 0, '7f6ffaa6bb0b408017b62254211691b5', '2021-12-08 22:04:06', '2021-12-08 22:04:06'),
(113, 101, '2021-12-08 16:04:06', 'Hola. Quería saber cuanto dura el curso, costo y si dan título oficial. A donde se dicta?\r\nGracias', '1', 0, '73278a4a86960eeb576a8fd4c9ec6997', '2021-12-08 22:04:06', '2021-12-09 18:29:40'),
(114, 102, '2021-12-08 16:06:41', 'Hola. Quería saber cto es el costo del curso, cta la duración, si dan título oficial y donde lo dicta. Cdo comienza?', '1', 0, '5fd0b37cd7dbbb00f97ba6ce92bf5add', '2021-12-08 22:06:41', '2021-12-16 00:59:45'),
(115, 101, '2021-12-09 09:29:36', 'Hola buen día , yo no dicto cursos', '1', 1, '2b44928ae11fb9384c4cf38708677c48', '2021-12-09 15:29:36', '2021-12-09 18:29:40'),
(116, 103, '2021-12-17 15:37:21', 'Hola quisiera saber si estas disponible para un maquillaje a domicilio el lunes a las 15 hs por plaza Irlanda. Es para una muestra de baile de una nena de 11 años \r\nGracias!', '0', 0, 'c45147dee729311ef5b5c3003946c48f', '2021-12-17 21:37:21', '2021-12-17 21:37:21'),
(117, 104, '2022-01-11 12:11:00', 'Buenos ďias. Necesito reparar un aire acondicionado Sanyo tipo ventana. Es frío calor y hace mucho ruido además de no enfriar. Lo puedo sacar y llevar a algún lado si sirve. \r\nSaludos', '0', 0, 'eb160de1de89d9058fcb0b968dbbbd68', '2022-01-11 18:11:00', '2022-01-11 18:11:01'),
(118, 105, '2022-03-15 14:50:38', 'Hola, necesito saber si arreglan hornos a gas, el mío cuando prendo el mismo se apaga y tengo una hornalla que no enciende.\r\n\r\nDesde ya muchas gracias', '0', 0, '5ef059938ba799aaa845e1c2e8a762bd', '2022-03-15 20:50:38', '2022-03-15 20:50:38'),
(119, 106, '2022-03-17 16:58:49', 'Hola! necesitaba saber el presupuesto de catering para una fiesta de 15 de 5 hs de duración en un salon en flores para 60 personas para viernes 23 setiembre. Gracias!', '0', 0, '07e1cd7dca89a1678042477183b7ac3f', '2022-03-17 22:58:50', '2022-03-17 22:58:50'),
(120, 107, '2022-03-17 16:58:54', 'Hola! necesitaba saber el presupuesto de catering para una fiesta de 15 de 5 hs de duración en un salon en flores para 60 personas para viernes 23 setiembre. Gracias!', '0', 0, 'da4fb5c6e93e74d3df8527599fa62642', '2022-03-17 22:58:54', '2022-03-17 22:58:54'),
(121, 110, '2022-05-17 14:30:32', 'Hola quisiera info sobre cursos de cocina', '0', 0, '4c56ff4ce4aaf9573aa5dff913df997a', '2022-05-17 20:30:32', '2022-05-17 20:30:33'),
(122, 111, '2022-05-17 15:05:05', 'no tengo experiencia en nada ,pero tengo muchas ganas de aprender', '0', 0, 'a0a080f42e6f13b3a2df133f073095dd', '2022-05-17 21:05:05', '2022-05-17 21:05:05'),
(123, 116, '2022-06-27 17:00:22', 'Hola buenas  tardes mi nombre es Fernando, estaba buscando la manera de anotarme al curso, el dato me llegó por un conocido pero no estoy entendiendo muy bien\r\n\r\ndesde ya gracias !', '1', 0, '202cb962ac59075b964b07152d234b70', '2022-06-27 23:00:23', '2022-06-28 02:04:05'),
(124, 117, '2022-06-27 17:03:41', 'Hola buenas tardes, queria consultar como anotarme al curso, desde ya gracias \r\n\r\nSaludos !', '1', 0, 'c8ffe9a587b126f152ed3d89a146b445', '2022-06-27 23:03:41', '2023-04-10 19:21:55'),
(125, 117, '2022-06-27 18:36:10', 'Hola Fernando tenés que contactar al centro de capacitación. Saludos', '1', 1, '3def184ad8f4755ff269862ea77393dd', '2022-06-28 00:36:10', '2023-04-10 19:21:55'),
(126, 118, '2022-06-27 19:24:59', 'Hola quisiera hacerme un corte. Costo? , es a domicilio o en cfp24?\r\nGracias', '0', 0, '069059b7ef840f0c74a814ec9237b6ec', '2022-06-28 01:24:59', '2022-06-28 01:24:59'),
(127, 119, '2022-06-27 19:25:04', 'Hola quisiera hacerme un corte. Costo? , es a domicilio o en cfp24?\r\nGracias', '0', 0, 'ec5decca5ed3d6b8079e2e7e7bacc9f2', '2022-06-28 01:25:04', '2022-06-28 01:25:04'),
(128, 120, '2022-06-27 19:25:05', 'Hola quisiera hacerme un corte. Costo? , es a domicilio o en cfp24?\r\nGracias', '0', 0, '76dc611d6ebaafc66cc0879c71b5db5c', '2022-06-28 01:25:05', '2022-06-28 01:25:05'),
(129, 121, '2022-06-27 19:25:05', 'Hola quisiera hacerme un corte. Costo? , es a domicilio o en cfp24?\r\nGracias', '0', 0, 'd1f491a404d6854880943e5c3cd9ca25', '2022-06-28 01:25:06', '2022-06-28 01:25:06'),
(130, 122, '2022-06-27 19:25:06', 'Hola quisiera hacerme un corte. Costo? , es a domicilio o en cfp24?\r\nGracias', '0', 0, '9b8619251a19057cff70779273e95aa6', '2022-06-28 01:25:06', '2022-06-28 01:25:07'),
(131, 123, '2022-07-04 14:11:17', 'Hola, buenas tardes. Estoy necesitando un maquillaje para un evento social para el sábado 23 de julio por la tarde tipo 17 hs. Soy de Paternal, CABA.\r\nAguardo presupuesto.\r\nGracias,\r\nJesica.', '0', 0, '1afa34a7f984eeabdbb0a7d494132ee5', '2022-07-04 20:11:17', '2022-07-04 20:11:18'),
(132, 124, '2022-07-23 23:13:02', 'Hola. \r\n\r\nTe consulto\r\n\r\nDe un día para otro la lluvia de Bodet dejo de funcionar.  Necesito solucionarlo', '1', 0, '65ded5353c5ee48d0b7d48c591b8f430', '2022-07-24 05:13:02', '2022-08-10 03:23:41'),
(133, 125, '2022-07-23 23:14:48', 'Hola. \r\n\r\nTe consulto\r\n\r\nDe un día para otro la lluvia de Bodet dejo de funcionar.  Necesito solucionarlo', '0', 0, '9fc3d7152ba9336a670e36d0ed79bc43', '2022-07-24 05:14:48', '2022-07-24 05:14:48'),
(134, 124, '2022-07-23 23:41:17', 'Hola ningún problema escribíme por wasap y contáctamos. 1162882735. Saludos', '1', 1, '02522a2b2726fb0a03bb19f2d8d9524d', '2022-07-24 05:41:17', '2022-08-10 03:23:41'),
(135, 124, '2022-07-24 00:28:24', 'Perfecto. Mañana escribo\r\n Gracias', '1', 0, '7f1de29e6da19d22b51c68001e7e0e54', '2022-07-24 06:28:24', '2022-08-10 03:23:41'),
(136, 126, '2022-07-24 19:03:57', 'hola buenas tardes, tengo que cambiar un duchador del bidet, y arreglar un par d canillas del baño. Soy de Flores San Pedrito y Alberdi.', '1', 0, '42a0e188f5033bc65bf8d78622277c4e', '2022-07-25 01:03:57', '2022-08-10 03:23:05'),
(137, 126, '2022-07-24 21:13:35', 'Hola qué tal. Podrás contactarme por wasap al 1162882735. Me libero a partir del miércoles porque estoy realizando una cañería. Saludos', '1', 1, '3988c7f88ebcb58c6ce932b957b6f332', '2022-07-25 03:13:35', '2022-08-10 03:23:05'),
(138, 131, '2022-08-09 11:22:05', 'Hola. Tengo un agujero en un caño de la grifería del baño. Quisiera que se contacte conmigo. Mi celular es:115342-0551. Gracias', '1', 0, '013d407166ec4fa56eb1e1f8cbe183b9', '2022-08-09 17:22:05', '2022-09-20 16:26:33'),
(139, 131, '2022-08-09 18:22:40', 'muchas gracias por elcontacto', '1', 1, 'e00da03b685a0dd18fb6a08af0923de0', '2022-08-10 00:22:40', '2022-09-20 16:26:33'),
(140, 132, '2022-08-30 15:50:37', 'Hola Gabrela.\r\n\r\nTenemos una puerta de chapa pivotante y se rompió el pivot. Necesitamos arreglarlo. \r\n¿Podrías arreglarla? ¿Podrías pasarme un presupuesto por acá?\r\n\r\nMuchas gracias!', '0', 0, '1385974ed5904a438616ff7bdb3f7439', '2022-08-30 21:50:37', '2022-08-30 21:50:37'),
(141, 133, '2022-09-01 14:31:18', 'hola. como estan. quiero contar con este servicio para que visiten mi casa y la de mi vecino por un tema de humedad. \r\npodra ser ?\r\nvivo en floresta. gracias', '1', 0, '0f28b5d49b3020afeecd95b4009adf4c', '2022-09-01 20:31:18', '2022-09-20 16:26:18'),
(142, 134, '2022-09-01 18:00:48', 'Quería saber acerca del curso de peluquería masculina, estoy interesado.', '0', 0, 'a8baa56554f96369ab93e4f3bb068c22', '2022-09-02 00:00:48', '2022-09-02 00:00:48'),
(143, 133, '2022-09-01 18:27:48', 'Buenas tardes. Puede enviar un mensaje a mi número y contáctanos para una visita. Saludos 1162882735', '1', 1, '903ce9225fca3e988c2af215d4e544d3', '2022-09-02 00:27:48', '2022-09-20 16:26:18'),
(144, 133, '2022-09-01 19:10:02', 'GRACIAS. te escribo', '1', 0, '0a09c8844ba8f0936c20bd791130d6b6', '2022-09-02 01:10:02', '2022-09-20 16:26:18'),
(145, 135, '2022-09-14 08:29:56', 'Hola buen día , quería hacerme tintura pelo  largo a la mitad de la espalda y con rulos , muchas gracias', '0', 0, '2b24d495052a8ce66358eb576b8912c8', '2022-09-14 14:29:56', '2022-09-14 14:29:56'),
(146, 136, '2022-09-15 23:42:56', 'Buen día quería saber por los cursos de electrodomésticos  gracias', '0', 0, 'a5e00132373a7031000fd987a3c9f87b', '2022-09-16 05:42:56', '2022-09-16 05:42:56'),
(147, 137, '2022-09-15 23:42:58', 'Buen día quería saber por los cursos de electrodomésticos  gracias', '0', 0, '8d5e957f297893487bd98fa830fa6413', '2022-09-16 05:42:58', '2022-09-16 05:42:58'),
(148, 138, '2022-09-15 23:48:32', 'Quería saber cuanto sale el curso de electricidad y horarios  gracias', '0', 0, '47d1e990583c9c67424d369f3414728e', '2022-09-16 05:48:32', '2022-09-16 05:48:32'),
(149, 139, '2022-09-20 15:16:44', 'hola. necesito ppt por perdida en baño que trae humedad a mi vecino. gracias.', '0', 0, 'f2217062e9a397a1dca429e7d70bc6ca', '2022-09-20 21:16:44', '2022-09-20 21:16:44'),
(150, 142, '2022-10-28 06:35:45', 'Hola quisiera saber cuando comienza  la cursada  y cuanto cuesta y dura . Y se enseña  por la mañana  ya q trabajo de tarde.', '0', 0, '7ef605fc8dba5425d6965fbd4c8fbe1f', '2022-10-28 12:35:45', '2022-10-28 12:35:45'),
(151, 143, '2022-10-28 06:42:47', 'Hola quisiera saber si la cursada se dicta  por la mañana y cuanto tiempo dura  y cuanto sale en costo', '0', 0, 'a8f15eda80c50adb0e71943adc8015cf', '2022-10-28 12:42:47', '2022-10-28 12:42:47'),
(152, 144, '2022-10-28 06:43:05', 'Hola quisiera saber si la cursada se dicta  por la mañana y cuanto tiempo dura  y cuanto sale en costo', '0', 0, '37a749d808e46495a8da1e5352d03cae', '2022-10-28 12:43:05', '2022-10-28 12:43:05'),
(153, 149, '2022-11-12 15:43:55', 'Hola. Buenas tardes. Necesito por favor si me pueden contactar para solicitar que vean mi computadora. Desde ya, muchas gracias', '0', 0, 'b3e3e393c77e35a4a3f3cbd1e429b5dc', '2022-11-12 21:43:56', '2022-11-12 21:43:56'),
(154, 150, '2022-11-14 14:33:05', 'Necesito colocar en un techito de 0.60 x 1 mt. un dispositivo para correrlo desde abajo.  Le pido me conteste presupuesto o si considera tener que verlo. Gracias', '1', 0, '1d7f7abc18fcb43975065399b0d1e48e', '2022-11-14 20:33:05', '2022-11-15 01:45:15'),
(155, 151, '2022-11-15 23:50:43', 'Hola buenas, quisiera hacer consulta por instalación de aire acondicionado. 5000 frigorías frio/calor.  \r\n\r\nEn espero de su respuesta le saludos atentamente.', '0', 0, '2a79ea27c279e471f4d180b08d62b00a', '2022-11-16 05:50:43', '2022-11-16 05:50:44'),
(156, 152, '2022-11-22 14:26:46', 'Hola me pasas arancel y servicios?', '0', 0, '1c9ac0159c94d8d0cbedc973445af2da', '2022-11-22 20:26:46', '2022-11-22 20:26:46'),
(157, 153, '2022-11-22 14:26:50', 'Hola me pasas arancel y servicios?', '0', 0, '6c4b761a28b734fe93831e3fb400ce87', '2022-11-22 20:26:51', '2022-11-22 20:26:51'),
(158, 154, '2022-12-01 11:57:43', 'Cuánto cuesta?', '1', 0, '06409663226af2f3114485aa4e0a23b4', '2022-12-01 17:57:43', '2022-12-02 01:29:58'),
(159, 154, '2022-12-01 16:29:50', 'Hola buenas tardes!! Servicio de corte a domicilio, 1000 pesos. En CABA Villa Crespo, después de las 7 de la tarde de Lunes a viernes previo acuerdo. Que servicio precisas? Gracias.', '1', 1, '140f6969d5213fd0ece03148e62e461e', '2022-12-01 22:29:50', '2022-12-02 01:29:58'),
(160, 157, '2022-12-28 18:14:03', 'Hola buenas tardes consulta como me inscribí para aser el curso de plomería y cuánto sale gracias', '0', 0, 'b73ce398c39f506af761d2277d853a92', '2022-12-29 00:14:03', '2022-12-29 00:14:03'),
(161, 158, '2022-12-28 18:14:07', 'Hola buenas tardes consulta como me inscribí para aser el curso de plomería y cuánto sale gracias', '0', 0, 'bd4c9ab730f5513206b999ec0d90d1fb', '2022-12-29 00:14:07', '2022-12-29 00:14:07'),
(162, 159, '2022-12-28 18:14:12', 'Hola buenas tardes consulta como me inscribí para aser el curso de plomería y cuánto sale gracias', '0', 0, '82aa4b0af34c2313a562076992e50aa3', '2022-12-29 00:14:12', '2022-12-29 00:14:12'),
(163, 160, '2023-01-30 15:07:23', 'Hola Puchito ! este es solo un mensaje de prueba! saludos! Paco', '0', 0, '0777d5c17d4066b82ab86dff8a46af6f', '2023-01-30 21:07:23', '2023-01-30 21:07:23'),
(164, 117, '2023-04-10 16:03:04', 'esto es una prueba', '1', 1, 'fa7cdfad1a5aaf8370ebeda47a1ff1c3', '2023-04-10 19:03:04', '2023-04-10 19:21:55'),
(165, 117, '2023-04-10 16:04:56', 'prueba2', '1', 1, '9766527f2b5d3e95d4a733fcfb77bd7e', '2023-04-10 19:04:56', '2023-04-10 19:21:55'),
(166, 117, '2023-04-10 16:07:23', 'prueba2', '1', 1, '7e7757b1e12abcb736ab9a754ffb617a', '2023-04-10 19:07:23', '2023-04-10 19:21:55'),
(167, 117, '2023-04-10 16:09:09', 'Prueba con imanes', '1', 1, '5878a7ab84fb43402106c575658472fa', '2023-04-10 19:09:09', '2023-04-10 19:21:55'),
(168, 117, '2023-04-10 16:21:51', 'Llega perfecto', '1', 1, '006f52e9102a8d3be2fe5614f42ba989', '2023-04-10 19:21:51', '2023-04-10 19:21:55'),
(169, 4, '2023-04-10 16:23:27', 'Va prueba para paco', '1', 1, '3636638817772e42b59d74cff571fbb3', '2023-04-10 19:23:27', '2023-04-10 19:26:29'),
(170, 4, '2023-04-10 16:26:05', 'llega bien!!', '1', 0, '149e9677a5989fd342ae44213df68868', '2023-04-10 19:26:05', '2023-04-10 19:26:29');

-- --------------------------------------------------------

--
-- Estructura de tabla para la tabla `interactionsubjet`
--

CREATE TABLE `interactionsubjet` (
  `id` bigint(20) UNSIGNED NOT NULL,
  `name` varchar(100) COLLATE utf8mb4_unicode_ci NOT NULL,
  `created_at` timestamp NULL DEFAULT NULL,
  `updated_at` timestamp NULL DEFAULT NULL
) ENGINE=InnoDB DEFAULT CHARSET=utf8mb4 COLLATE=utf8mb4_unicode_ci;

--
-- Volcado de datos para la tabla `interactionsubjet`
--

INSERT INTO `interactionsubjet` (`id`, `name`, `created_at`, `updated_at`) VALUES
(1, 'Consulta general', NULL, NULL),
(2, 'Pedir presupuesto', NULL, NULL),
(5, 'Programar visita', NULL, NULL);

-- --------------------------------------------------------

--
-- Estructura de tabla para la tabla `migrations`
--

CREATE TABLE `migrations` (
  `id` int(10) UNSIGNED NOT NULL,
  `migration` varchar(255) COLLATE utf8mb4_unicode_ci NOT NULL,
  `batch` int(11) NOT NULL
) ENGINE=InnoDB DEFAULT CHARSET=utf8mb4 COLLATE=utf8mb4_unicode_ci;

--
-- Volcado de datos para la tabla `migrations`
--

INSERT INTO `migrations` (`id`, `migration`, `batch`) VALUES
(1, '2014_10_12_000000_create_users_table', 1),
(2, '2014_10_12_100000_create_password_resets_table', 1),
(3, '2019_08_19_000000_create_failed_jobs_table', 1),
(4, '2019_12_14_000001_create_personal_access_tokens_table', 1),
(5, '2022_06_13_153306_add_last_name_to_users', 2),
(6, '2023_03_23_130948_create_user_cfp_table', 3),
(7, '2023_03_23_131122_create_user_type_table', 3),
(8, '2023_03_23_131201_create_user_profile_table', 3),
(9, '2023_03_23_131356_add_type_id_to_users', 4),
(10, '2023_03_23_131451_add_cfp_id_to_users', 5),
(11, '2023_03_23_131814_add_avatar_to_users', 6),
(12, '2023_03_23_131906_delete_photo_to_user_profile', 7),
(13, '2023_03_23_132000_add_active_to_users', 8),
(14, '2023_03_23_132041_create_zonas_table', 9),
(16, '2023_03_23_132942_create_user_zonas_table', 10),
(17, '2023_03_23_133044_create_categoria_tipo_table', 11),
(18, '2023_03_23_133125_create_categoria_table', 12),
(20, '2023_03_23_133201_create_titulo_table', 13),
(21, '2023_03_23_133554_create_publicacion_table', 14),
(22, '2023_03_23_133718_create_publicacion_user_table', 15),
(23, '2023_03_23_133756_create_publicacion_image_table', 16),
(24, '2023_03_23_133837_add_active_to_user_type', 17),
(25, '2023_03_23_133917_add_active_to_user_cfp', 18),
(26, '2023_03_23_152705_create_interactionsubjet_table', 19),
(27, '2023_03_23_152745_create_interactionhead_table', 20),
(28, '2023_03_23_152820_create_interactionmessage_table', 21),
(29, '2023_03_23_152851_create_interactionimage_table', 22),
(30, '2023_03_23_152944_add_dni_to_users', 23),
(31, '2023_03_23_153030_add_read_to_interactionmessage', 24),
(32, '2023_03_23_153117_add_hash_to_users', 25),
(33, '2023_03_23_153202_add_hash_to_publicacion', 26),
(34, '2023_03_23_153240_add_hash_to_interactionmessage', 27),
(35, '2023_03_23_153350_create_publicacion_titulo_table', 28),
(36, '2023_03_23_153436_update_publicacion_user_table', 29),
(37, '2023_03_23_153557_create_whatsapp_table', 30),
(38, '2023_03_23_153635_create_publicacion_whatsapp_table', 31),
(39, '2023_03_23_153714_create_publicacion_visita_table', 32);

-- --------------------------------------------------------

--
-- Estructura de tabla para la tabla `password_resets`
--

CREATE TABLE `password_resets` (
  `email` varchar(255) COLLATE utf8mb4_unicode_ci NOT NULL,
  `token` varchar(255) COLLATE utf8mb4_unicode_ci NOT NULL,
  `created_at` timestamp NULL DEFAULT NULL
) ENGINE=InnoDB DEFAULT CHARSET=utf8mb4 COLLATE=utf8mb4_unicode_ci;

--
-- Volcado de datos para la tabla `password_resets`
--

INSERT INTO `password_resets` (`email`, `token`, `created_at`) VALUES
('diegofranciscorodriguez@gmail.com', '$2y$10$4KUFZGht3jwOJ8Kq4iEu4O42pnPQbRRgmQ/UINAU2gZI3Sw.aY3qK', '2023-03-23 16:08:21');

-- --------------------------------------------------------

--
-- Estructura de tabla para la tabla `personal_access_tokens`
--

CREATE TABLE `personal_access_tokens` (
  `id` bigint(20) UNSIGNED NOT NULL,
  `tokenable_type` varchar(255) COLLATE utf8mb4_unicode_ci NOT NULL,
  `tokenable_id` bigint(20) UNSIGNED NOT NULL,
  `name` varchar(255) COLLATE utf8mb4_unicode_ci NOT NULL,
  `token` varchar(64) COLLATE utf8mb4_unicode_ci NOT NULL,
  `abilities` text COLLATE utf8mb4_unicode_ci,
  `last_used_at` timestamp NULL DEFAULT NULL,
  `created_at` timestamp NULL DEFAULT NULL,
  `updated_at` timestamp NULL DEFAULT NULL
) ENGINE=InnoDB DEFAULT CHARSET=utf8mb4 COLLATE=utf8mb4_unicode_ci;

-- --------------------------------------------------------

--
-- Estructura de tabla para la tabla `publicacion`
--

CREATE TABLE `publicacion` (
  `id` bigint(20) UNSIGNED NOT NULL,
  `description` varchar(2000) COLLATE utf8mb4_unicode_ci NOT NULL,
  `titulo_id` int(10) UNSIGNED NOT NULL,
  `categoria_id` int(10) UNSIGNED NOT NULL,
  `view` int(10) UNSIGNED NOT NULL,
  `aprobado` tinyint(1) NOT NULL DEFAULT '0',
  `hash` varchar(255) COLLATE utf8mb4_unicode_ci DEFAULT NULL,
  `active` tinyint(1) NOT NULL DEFAULT '1',
  `created_at` timestamp NULL DEFAULT NULL,
  `updated_at` timestamp NULL DEFAULT NULL
) ENGINE=InnoDB DEFAULT CHARSET=utf8mb4 COLLATE=utf8mb4_unicode_ci;

--
-- Volcado de datos para la tabla `publicacion`
--

INSERT INTO `publicacion` (`id`, `description`, `titulo_id`, `categoria_id`, `view`, `aprobado`, `hash`, `active`, `created_at`, `updated_at`) VALUES
(58, 'Realizo todo tipo de instalaciones eléctricas, domiciliarias y comerciales, nuevas y/o reparaciones. Mantenimiento general para consorcios. Prueba update', 32, 2, 350, 1, '66f041e16a60928b05a7e228a89c3799', 1, '2020-11-14 02:59:51', '2023-04-10 18:47:01'),
(62, 'Gasista matriculado. Se reparan estufas, calefones, termotanques, pruebas de hermeticidad, entre cosas. Consultas sin cargo.', 41, 3, 251, 1, '44f683a84163b3523afe57c2e008bc8c', 1, '2020-11-18 02:41:08', '2023-01-29 16:26:24'),
(63, 'Seriedad y calidad, experiencia profesional', 43, 7, 283, 1, '03afdbd66e7929b125f8597834fa83a4', 1, '2020-11-19 21:52:55', '2023-01-26 05:21:09'),
(64, 'Instalación y reparación de Aire Acondicionado, Split y Compactos hasta 6000 fgs.\r\nCarga de gas refrigerante.\r\nMantenimiento integral.', 42, 7, 240, 1, 'ea5d2f1c4608232e07d3aa3d998e5135', 1, '2020-11-19 21:56:40', '2023-01-29 16:25:02'),
(65, 'Servicio técnico de heladeras comerciales y familiares .', 63, 8, 214, 1, 'fc490ca45c00b1249bbe3554a4fdf6fb', 1, '2020-11-19 22:04:13', '2023-02-01 19:28:12'),
(66, 'Gasista Matriculado (Metrogas) instalación y armado en cañerías nuevas y existentes, planos y puesta en servicio en viviendas nuevas o ampliadas. Servicio Técnico en reparaciones  (calefones, cocinas, estufas) electricidad domiciliaria Todo para el hogar y comercio. Consultar por trabajos de albañilería.', 41, 3, 235, 1, '3295c76acbf4caaed33c36b1b5fc2cb1', 1, '2020-11-19 22:05:10', '2023-02-28 01:58:27'),
(67, 'Reparación y mantenimiento de equipos compactos, split frio calor y centrales. Carga e instalación.', 42, 7, 194, 1, '735b90b4568125ed6c3f678819b6e058', 1, '2020-11-19 22:05:28', '2023-02-28 01:59:46'),
(69, 'Plomería', 39, 5, 257, 1, '14bfa6bb14875e45bba028a21ed38046', 1, '2020-11-19 22:13:55', '2023-02-01 08:21:49'),
(70, 'Especialista en depilación descartable.\r\nSistema Español.\r\nCorporal y facial.\r\nManicuría completa: belleza de manos y esmaltado.\r\nEsmaltado semi-permanente y gelificadas. \r\nPedicuría común.', 30, 11, 261, 1, '7cbbc409ec990f19c78c75bd1e06f215', 1, '2020-11-19 22:17:17', '2023-01-27 05:47:02'),
(73, 'Electricista matriculado mat. Copime T014902 Dci, proyectos, emergencias, instalaciones, habilitaciones edenor/edesur. porteros electricos/visor camaras de seguridad cercos electricos sistemas de riego computarizado cotizacion sin cargo.', 33, 2, 343, 1, 'd2ddea18f00665ce8623e36bd4e3c7c5', 1, '2020-11-24 19:27:42', '2023-01-31 13:34:20'),
(74, 'Realización de piezas desde el reciclado y también con materiales nuevos. Aprovechando espacios útiles y diseños versátiles. Aberturas y aleros de hierro y vidrio repartido.', 38, 4, 305, 1, 'ad61ab143223efbc24c7d2583be69251', 1, '2020-11-24 20:13:53', '2023-01-27 00:22:15'),
(75, 'Corte, brushing, aplicación de tinturas, etc.', 57, 13, 217, 1, 'd09bf41544a3365a46c9077ebb5e35c3', 1, '2020-11-24 20:18:28', '2023-01-28 21:27:17'),
(76, 'Asesoramiento - Confección de ropa a medida - Pret a porter - Fiesta - Novias - 15 años - Disfraces', 36, 17, 270, 1, 'fbd7939d674997cdb4692d34de8633c4', 1, '2020-11-27 02:15:47', '2023-01-31 05:20:47'),
(77, 'Me dedicó a corte de caballero y barbería, cortes de diseño y barba, con navaja.', 3, 13, 230, 1, '28dd2c7955ce926456240b2ff0100bde', 1, '2020-11-28 00:34:27', '2023-02-01 19:52:55'),
(78, 'Me especializo en instalaciones de cañerias, artefactos y reparaciones de los mismos (cocina, calefones, estufas, termotanques, etc); pruebas de hermeticidad, presentaciones de planos y formularios de pedido de restitución del servicio. Visitas sin cargo. Presupuesto con cargo a descontar de los trabajos', 41, 3, 239, 1, '35f4a8d465e6e1edc05f3d8ab658c551', 1, '2020-11-28 01:06:04', '2023-01-27 05:45:59'),
(80, 'Realizo todo tipo de  trabajos  como la fabricación de portones, rejas, puertas,  mesas, estantes, percheros y algunas reparaciones.', 38, 4, 316, 1, 'f033ab37c30201f73f142449d037028d', 1, '2020-11-30 18:15:34', '2023-02-01 02:10:59'),
(81, 'Diseños personalizados para eventos, flyers, objetos, regalos, hogar y negocios con herramientas gráficas.', 73, 14, 245, 1, '43ec517d68b6edd3015b3edc9a11367b', 1, '2020-11-30 18:20:23', '2023-01-31 05:19:47'),
(82, 'Pasteleria y servicio de catering\r\n\r\nTítulos Obtenidos\r\n Panificación I\r\n Pastelero\r\n Cocina básica I', 12, 21, 299, 1, '9778d5d219c5080b9a6a17bef029331c', 1, '2020-11-30 23:31:48', '2023-01-31 23:18:12'),
(83, 'Cocinero\r\n Panadero\r\n Pastelero\r\n Buffet frio/caliente', 26, 21, 235, 1, 'fe9fc289c3ff0af142b6d3bead98a923', 1, '2020-12-01 00:00:47', '2023-01-29 06:52:38'),
(84, 'Corte ambos sexos, niños, tintura, alisado.', 57, 13, 206, 1, '68d30a9594728bc39aa24be94b319d21', 1, '2020-12-01 00:11:57', '2023-01-27 07:12:30'),
(85, 'Trabajos en peluquería Realizo trabajos de peluquería: - Corte de damas y caballeros - Peinados - Baño de crema - Aplicado de tintura - Brushing - Planchado - Alisado (sin formol) - Queratina Trabajos en manicura y depilación: - Manicura completa - Esmaltado fantasía - SPA de mano - Depilación en general - Se aceptan consultas.', 2, 13, 214, 1, '3ef815416f775098fe977004015c6193', 1, '2020-12-01 01:00:09', '2023-01-30 21:53:29'),
(86, 'Depilación con cera, sistema español. Bozo, cejas, mentón, axilas, piernas. Belleza de manos y pies.', 30, 11, 220, 1, '93db85ed909c13838ff95ccfa94cebd9', 1, '2020-12-01 01:10:15', '2023-03-27 18:33:28'),
(87, 'Depilación con cera, sistema español. Belleza de manos y pies.', 30, 11, 204, 1, 'c7e1249ffc03eb9ded908c236bd1996d', 1, '2020-12-01 01:15:57', '2023-01-29 07:34:36'),
(88, 'Depilación con cera sistema español Manicuría: esmaltados con esmaltes comunes y semi permanentes. Spa de manos. Masajes', 30, 11, 202, 1, '2a38a4a9316c49e5a833517c45d31070', 1, '2020-12-01 01:22:46', '2023-02-01 02:09:39'),
(89, 'Especialista en masajes corporales relajantes y descontracturantes.\r\nEspecialista en masajes faciales.\r\nExfoliación corporal.', 6, 9, 219, 1, '7647966b7343c29048673252e490f736', 1, '2020-12-01 22:37:03', '2023-01-31 22:04:07'),
(90, 'Maquillaje social', 7, 10, 244, 1, '8613985ec49eb8f757ae6439e879bb2a', 1, '2020-12-02 00:13:38', '2023-01-27 23:22:23'),
(91, 'Service de aire acondicionado, instalaciones, reparaciones y mantenimiento.', 43, 7, 245, 1, '54229abfcfa5649e7003b83dd4755294', 1, '2020-12-02 00:19:30', '2023-01-30 18:49:59'),
(92, 'Servicios sanitarios, plomería en general, instalación de artefactos, cocina, baño, tanques, bombas, destapaciones, desagües pluviales y cloacales, fusión.\r\npágina: www.serviciosfernando.com.ar', 39, 5, 302, 1, '92cc227532d17e56e07902b254dfad10', 1, '2020-12-02 00:24:54', '2023-01-29 14:31:44'),
(93, 'Soy gasista matriculado. Realizo instalaciones con Epoxi (hierro) y Sigas (termofusión). Tambien habilitaciones, reparación e instalación de artefactos. La idea es seguir creciendo, ya que cada trabajo siempre deja una enseñanza. Pero sobre todo, brindar un servicio accesible con responsabilidad y confianza, para que puedan recomendarme .', 41, 3, 264, 1, '98dce83da57b0395e163467c9dae521b', 1, '2020-12-02 00:30:17', '2023-01-29 14:30:23'),
(94, 'Instalaciones, reparación, armado de tableros, colocación de todo tipo de artefactos eléctricos. Renovación de tomas, colocación de sensores de movimiento y fotocontrol, entre otros.', 32, 2, 242, 1, 'f4b9ec30ad9f68f89b29639786cb62ef', 1, '2020-12-02 00:38:02', '2023-01-24 15:50:06'),
(95, 'Me especializo en refrigeración, aire acondicionado,', 42, 7, 236, 1, '812b4ba287f5ee0bc9d43bbf5bbe87fb', 1, '2020-12-02 02:52:55', '2023-03-27 16:51:41'),
(96, 'Me especializo en reparación, instalación y mantenimiento de calefones, cocinas, termotanques, estufas, anafes, hornos empotrados. También realizo cambio de bisagras y reparaciones de puertas de cocina. Presupuestos sin cargo', 41, 3, 271, 1, '26657d5ff9020d2abefe558796b99584', 1, '2020-12-02 05:38:59', '2023-02-01 02:08:32'),
(97, 'Te puedo ayudar cuando tengas un evento social, una entrevista, un fiesta de disfraces/halloween o una sesión de fotos.\r\nTambién doy tips, cursos de maquillaje de uso diario y automaquillaje. \r\n¡Todo lo relativo a tu imagen!', 7, 10, 299, 1, 'e2ef524fbf3d9fe611d5a8e90fefdc9c', 1, '2020-12-03 00:07:52', '2023-01-26 03:24:17'),
(98, 'Soldaduras en caño de plomo, polipropileno en hidrobronce.  \r\nReparación de cañerías en general.\r\nInstalación de agua fría-caliente.\r\nReparación de termotanques.', 39, 5, 235, 1, 'ed3d2c21991e3bef5e069713af9fa6ca', 1, '2020-12-03 00:14:46', '2023-01-31 14:58:11'),
(99, 'Instalaciones nuevas, modificaciones, reparaciones de instalaciones ya existentes.\r\nInstalación de luminarias.', 32, 2, 211, 1, 'ac627ab1ccbdb62ec96e702f07f6425b', 1, '2020-12-03 00:18:21', '2023-01-30 19:04:54'),
(100, 'Instalaciones nuevas, modificaciones, Epoxi, Sigas, cálculo de instalaciones, planos, instalación de artefactos.', 41, 3, 223, 1, 'f899139df5e1059396431415e770c6dd', 1, '2020-12-03 00:19:21', '2023-01-28 12:23:53'),
(102, 'Formateo y backup, instalación de sistemas operativos, mantenimiento de equipos, armado de equipos, configuración de router y cableado.', 72, 15, 230, 1, 'ec8956637a99787bd197eacd77acce5e', 1, '2020-12-03 00:31:54', '2023-03-27 18:33:48'),
(103, 'Colocación y mantenimiento de instalaciones, tableros y artefactos eléctricos. Su consulta no molesta. Presupuestos sin cargo. Atención a consorcios.', 32, 2, 274, 1, '6974ce5ac660610b44d9b9fed0ff9548', 1, '2020-12-03 00:44:44', '2023-01-28 00:51:49'),
(104, 'Instalaciones nuevas / Reformas / Ampliaciones / Reparaciones de cañerías / Fría-Caliente / Pluvial / Cloacal / Cambio y Reparación de Artefactos / Griferías / Accesorios / Colector / Montantes / Instalación de Bombas Presurizadoras / Instalación - Colocación y Limpieza de Tanques de agua / Cisternas / Instalaciones en Fución / PVC / Plomo / Hidrobronce / Awaduct /   Instalación y colocación de artefactos sanitarios / Consultas y asesoramientos /    \r\nPresupuesto sin cargo!', 39, 5, 247, 1, 'c9e1074f5b3f9fc8ea15d152add07294', 1, '2020-12-03 01:48:24', '2023-01-26 14:22:48'),
(105, 'Instalaciones nuevas de gas / Epoxi-fucion / Instalación-colocacíón y mantenimiento de termotanques / calefones / estufas / salamandras / cocinas domésticas y comerciales / Instalaciones seguras en viviendas - colegios / Pruebas de hermeticidad / Cálculos de instalaciones / Habilitaciones por corte de suministro / Gestiones / Trámites / Planos / Consulta y asesoramiento /\r\nPresupuesto sin cargo !!', 41, 3, 218, 1, '65b9eea6e1cc6bb9f0cd2a47751a186f', 1, '2020-12-03 01:49:09', '2023-01-28 08:43:53'),
(107, 'Realizo masajes descontracturantes, relajantes y reductores.\r\nAtiendo a domicilio o en gabinete ubicado en la zona de Villa Luro.', 6, 9, 285, 1, 'a97da629b098b75c294dffdc3e463904', 1, '2020-12-03 02:58:34', '2023-01-29 04:44:01'),
(108, 'Reparación, cambio y mantenimiento del tendido eléctrico domiciliario.', 32, 2, 202, 1, 'a3c65c2974270fd093ee8a9bf8ae7d0b', 1, '2020-12-03 03:02:30', '2023-01-31 06:15:23'),
(109, 'Se realizan todo tipo reparaciones y modificaciones en la instalación domiciliaria.', 39, 5, 224, 1, '2723d092b63885e0d7c260cc007e8b9d', 1, '2020-12-03 03:03:17', '2023-01-28 11:03:17'),
(110, 'Me especializo en maquillaje social: Novias, madrinas , quinceañeras. También realizo maquillaje artístico. Asesoría en el cuidado  de la piel antes del maquillaje y en el día a día. Resolvé todas tus inquietudes!', 7, 10, 210, 1, '5f93f983524def3dca464469d2cf9f3e', 1, '2020-12-03 03:07:32', '2023-01-28 01:38:21'),
(111, 'Electricidad domiciliaria y de obra, cableados y conexiones nuevas, instalación de tableros, instalación de llaves térmicas, instalación de disyuntor, instalación de todo artefacto de iluminación y todo trabajo de electricidad en general. También trabajos de albañilería y pintura.', 32, 2, 196, 1, '698d51a19d8a121ce581499d7b701668', 1, '2020-12-03 03:26:37', '2023-01-31 07:13:46'),
(112, '\" Salud y Belleza caminan juntas\" Cuidar nuestra imagen también está vinculado a la salud. Si cuidamos nuestra piel, por ejemplo, es un recorrido que va en dos sentidos: de adentro hacia afuera, comiendo e hidratándonos adecuadamente, y de afuera hacia adentro, realizando actividad física y con cuidados específicos como son los tratamientos corporales que acompañan este proceso. A través de determinados masajes, combinados con productos especiales se pueden tratar distintas afecciones como: celulitis, adiposidad localizada, flaccidez, etc. En cualquiera de los casos antes mencionados, el tratamiento se inicia con una limpieza profunda de la piel (exfoliación), en el que se eliminarán células muertas y se hará más permeable para recibir los activos que actuarán según sea la situación a tratar. Tratamientos corporales: Exfoliación - Crioterapia - Masajes anticelulíticos, reductores, tonificantes. También Masajes relajantes y descontracturantes. Si el estrés te robó todas las energías y en su lugar dejó tensiones, dolores, desánimo, etc. te propongo que pruebes con un masaje, te va a relajar y revitalizar, te vas a sentir renovada/o A través del Drenaje Linfático Manual se movilizan los líquidos que forman edemas (hinchazón por retención de líquido) en el cuerpo y se favorece la eliminación de sustancias de deshecho acumuladas. También, entre otras funciones, contribuye a mejorar las defensas del organismo ya que se estimula el Sist. Inmunológico.', 6, 9, 286, 1, '7f6ffaa6bb0b408017b62254211691b5', 1, '2020-12-03 03:32:45', '2023-02-01 19:29:34'),
(113, '* Masajes Descontracturantes, reductores, tonificantes. * Técnica en Drenaje Linfático Manual. * Tratamientos Corporales Corriente Galvánica: tratamiento para tonificar piel y eliminar celulitis. Presoterapia Secuencial: mejora circulación sanguínea, ayuda a la eliminación de arañitas y varices. Turbo Liposuctor: mejora la celulitis. Tratamiento de Ondas Rusas: Ayuda a la reducción de adiposidades. Tratamiento de Ondas Interferenciales: Ayuda a tonificar los músculos y como método de analgesia para dolores. Crioterapia: excelente tratamiento para reducir adiposidades, celulitis y mejorar el torrente sanguíneo. Tratamientos con Algas y Fango: tratamiento de excelencia para reducir adiposidades, tonificar piel y eliminar celulitis. * Tratamientos Faciales Corriente Galvánica: rejuvenecimiento facial y tratamiento contra la calvicie. Punta de Diamante: exfoliación, reductor de manchas y cicatrices. Radiofrecuencia: favorece la formación de colágeno', 6, 9, 319, 1, '73278a4a86960eeb576a8fd4c9ec6997', 1, '2020-12-03 03:37:57', '2023-01-30 11:17:13'),
(114, 'Te ayudo a desarrollar la comunicación de tu actividad, emprendimiento y/o evento a través del diseño gráfico de logos, flyers, currículum vitae, tarjetas personales, papelería comercial, invitaciones a cumpleaños, casamientos, celebraciones religiosas, dípticos, trípticos, piezas para postear en redes sociales. También realizo trabajos de Diseño Gráfico Editorial: revistas, libros y cubiertas.', 74, 14, 260, 1, '5fd0b37cd7dbbb00f97ba6ce92bf5add', 1, '2020-12-03 03:52:35', '2023-01-31 05:19:33'),
(115, 'Especialista en Tratamientos Corporales:  celulitis - Estrias- descontracturante -  peeling -  APARATOLOGIA - tratamientos de Acne en espalda ; piedras calientes - Tonificacion.\r\n \r\nDRENAJE LINFATICO MANUAL: DEPURA EL ORGANIZMO - FORTALECE EL SISTEMA INMUNLLOGICO -\r\nEFECTO SEDANTE EN EL SISTEMA NERVIOSO - MEJORA EL FUNCIONAMIENTO DEL SISTEMA LINFATICO -  MEJORA LA CIRCULACION DE RETORNO', 6, 9, 276, 1, '2b44928ae11fb9384c4cf38708677c48', 1, '2020-12-03 03:57:13', '2023-01-31 00:06:27'),
(116, 'Mantenimiento preventivo de Hardware, Instalación y configuración de placas y dispositivos, Análisis y detección de fallas, Armado de PC según los requisitos del Cliente. Mantenimiento Software, Instalación de sistema operativo, Instalación y Actualización de Antivirus, Análisis y detección de posibles amenazas, Instalación de Aplicaciones y juegos, Backup de datos, Recuperación de datos borrados.', 18, 15, 220, 1, 'c45147dee729311ef5b5c3003946c48f', 1, '2020-12-04 01:16:48', '2023-01-26 22:32:52'),
(117, 'Realizo los siguientes trabajos: _ Sistemas _ Mantenimiento _ Antivirus _ Formateo de PC _ Redes', 72, 15, 207, 1, 'eb160de1de89d9058fcb0b968dbbbd68', 1, '2020-12-04 01:29:19', '2023-01-30 08:12:08'),
(118, 'Reparaciones e instalaciones en general', 32, 2, 210, 1, '5ef059938ba799aaa845e1c2e8a762bd', 1, '2020-12-04 03:04:32', '2023-01-31 01:49:57'),
(119, 'Reparaciones e instalaciones en general', 39, 5, 235, 1, '07e1cd7dca89a1678042477183b7ac3f', 1, '2020-12-04 03:05:00', '2023-01-24 14:37:42'),
(120, 'Asesoramiento para fortalecer tu presencia en redes sociales y difundir tu proyecto, evento o servicio. Definición de identidad y tono comunicacional. Diseño de logos, flyers, folletos, tarjetas personales o profesionales, banner superior de Facebook, Highlights de Instagram (burbujitas de historias destacadas). Subtitulación de videos.', 74, 14, 145, 0, 'da4fb5c6e93e74d3df8527599fa62642', 1, '2020-12-04 03:12:28', '2022-07-25 11:56:23'),
(121, 'Técnico en sistemas de seguridad, alarmas, CCTV. Porteros eléctricos. Instalaciones comerciales Atención de consorcios', 40, 2, 240, 1, '4c56ff4ce4aaf9573aa5dff913df997a', 1, '2020-12-05 06:47:25', '2023-01-28 03:46:34'),
(122, 'Habilitaciones a viviendas unifamiliares y multifamiliares (ph, edificio, etc.) Planos, reconección de servicios. Instalación, mantenimiento y reparación de estufas, calefones, termotanques, cocinas, etc.', 41, 3, 212, 1, 'a0a080f42e6f13b3a2df133f073095dd', 1, '2020-12-05 07:20:28', '2023-01-23 21:14:19'),
(123, 'Gasista matriculado. Instalación y reparación de artefactos, calderas, radiadores y pisos radiantes. Trámites, asesoramiento, buena atención y garantía.\r\npágina: www.serviciosfernando.com.ar', 41, 3, 241, 1, '202cb962ac59075b964b07152d234b70', 1, '2020-12-05 07:25:53', '2023-01-22 21:58:30'),
(124, 'Trabajos de obra, reparaciones de artefactos, instalaciones de equipos sanitarios y todo tipo de trabajos de plomería y sanitarios en general. También realizo trabajos de albañilería y pintura.', 39, 5, 237, 1, 'c8ffe9a587b126f152ed3d89a146b445', 1, '2020-12-05 07:37:41', '2023-01-25 22:28:44'),
(125, 'Instalación, reparación y mantenimiento preventivo.', 42, 7, 214, 1, '3def184ad8f4755ff269862ea77393dd', 1, '2020-12-05 08:10:24', '2023-01-30 09:00:20'),
(126, 'Si busca presupuesto, se puede contactar conmigo. *Amado de PC\'s Gamer/Oficina *Instalación de sistema operativo *Formateo con y sin backup *Mantenimiento, limpieza y soporte *Administración de redes *Configuración de routers y repetidores *Tendido de cable de redes', 72, 15, 213, 1, '069059b7ef840f0c74a814ec9237b6ec', 1, '2020-12-05 10:11:42', '2023-01-30 21:55:04'),
(127, 'Soy peluquera y realizó corte unisex, baños de crema, alisados, mechas localizadas, botox capilar.', 57, 13, 122, 1, 'ec5decca5ed3d6b8079e2e7e7bacc9f2', 1, '2022-02-23 04:20:50', '2023-01-28 20:19:48'),
(128, 'Soy modelista de indumentaria de bebé realizó moldería a medida de niños y adultos y costura en general.', 80, 17, 168, 1, '76dc611d6ebaafc66cc0879c71b5db5c', 1, '2022-02-23 04:21:51', '2023-01-30 20:25:02'),
(129, 'TECNICA DE DRENAJE LINFATICO MANUAL;\r\nmejora el sistema circulatorio y linfatico -  Expulsa edemas - Elimina Toxinas - mejora la dermis estrias - celulitis.\r\nMASOTERAPEUTA: Deportivo  - circulatorio anticelulitico - Trata  el Estres -  Reductor', 14, 13, 0, 0, 'd1f491a404d6854880943e5c3cd9ca25', 1, '2022-11-03 02:50:20', '2022-11-03 02:50:20'),
(134, 'Electricista de casas y edificios', 32, 2, 1, 1, '02522a2b2726fb0a03bb19f2d8d9524d', 1, '2023-03-03 19:24:30', '2023-03-27 17:40:31'),
(135, 'Electricista domiciliario', 32, 2, 0, 1, '7f1de29e6da19d22b51c68001e7e0e54', 1, '2023-03-27 17:40:07', '2023-03-27 17:40:07'),
(136, 'Preparo viandas laborales', 68, 21, 0, 0, '42a0e188f5033bc65bf8d78622277c4e', 1, '2023-04-10 19:20:33', '2023-04-10 19:20:33');

-- --------------------------------------------------------

--
-- Estructura de tabla para la tabla `publicacion_image`
--

CREATE TABLE `publicacion_image` (
  `id` bigint(20) UNSIGNED NOT NULL,
  `publicacion_id` bigint(20) UNSIGNED NOT NULL,
  `name` varchar(255) COLLATE utf8mb4_unicode_ci DEFAULT NULL,
  `extension` varchar(255) COLLATE utf8mb4_unicode_ci DEFAULT NULL,
  `size` bigint(20) DEFAULT NULL,
  `url` varchar(255) COLLATE utf8mb4_unicode_ci NOT NULL,
  `created_at` timestamp NULL DEFAULT NULL,
  `updated_at` timestamp NULL DEFAULT NULL
) ENGINE=InnoDB DEFAULT CHARSET=utf8mb4 COLLATE=utf8mb4_unicode_ci;

--
-- Volcado de datos para la tabla `publicacion_image`
--

INSERT INTO `publicacion_image` (`id`, `publicacion_id`, `name`, `extension`, `size`, `url`, `created_at`, `updated_at`) VALUES
(4, 115, NULL, 'jpeg', 58446, '115/EdxseJI1pZcDIepjsFhrw2QnZyGpbdV5A9KYW5Jn.jpeg', '2020-12-22 22:44:43', '2020-12-22 22:44:43'),
(6, 115, NULL, 'jpeg', 126504, '115/RSFJGh1M4keRQn3wWqxA2Jjqw8uXKeKW4NINEMR5.jpeg', '2021-01-10 07:08:50', '2021-01-10 07:08:50'),
(7, 92, NULL, 'jpeg', 712405, '92/Rez2ltDBuBInROk2Sxrpib5wcNDy2uv8615raKtd.jpeg', '2021-04-22 14:24:45', '2021-04-22 14:24:45'),
(8, 92, NULL, 'jpeg', 2776080, '92/DF1FGjiz52TNBpJU24ImwPI8IP4sfyaGuNnGH9Op.jpeg', '2021-04-22 14:24:45', '2021-04-22 14:24:45'),
(9, 92, NULL, 'jpeg', 71736, '92/kkcHqNMuUbLxvRndfFJkOEMwEqJPoK84tY7gDry3.jpeg', '2021-04-22 14:24:45', '2021-04-22 14:24:45'),
(10, 92, NULL, 'jpeg', 3655565, '92/dO4gOrsqHwaxo1J1hvKeHb4Z6iVT8L2do28goEdf.jpeg', '2021-04-22 14:24:45', '2021-04-22 14:24:45'),
(11, 123, NULL, 'jpeg', 56291, '123/63CR8N3wJEwzQtLIwl3cAtNjprDAjFSj3umA6m5l.jpeg', '2021-04-22 14:29:08', '2021-04-22 14:29:08'),
(12, 123, NULL, 'jpeg', 2776080, '123/EBftmpXILPmq4dpXEbavQBOHXp5EaSD6nBixnlgU.jpeg', '2021-04-22 14:29:08', '2021-04-22 14:29:08'),
(13, 123, NULL, 'jpeg', 129600, '123/t4KTkeBTFHc4WFfNr91ZnJwjAz9O8yyrBvzP9sUS.jpeg', '2021-04-22 14:29:08', '2021-04-22 14:29:08'),
(14, 123, NULL, 'jpeg', 71736, '123/v7ek3kZbjHF1cjRJDlhxwmqZHnaSxr5cTq0chsdO.jpeg', '2021-04-22 14:29:08', '2021-04-22 14:29:08'),
(15, 129, NULL, 'jpeg', 154547, '129/p5J07CeaE6Z7RxAHMmZrqYYzBBo97FrfdAdhREVT.jpeg', '2022-11-03 02:50:20', '2022-11-03 02:50:20'),
(18, 115, NULL, 'jpeg', 68097, '115/5OMl3CvNwE1ggYv9B2bAwCx9qJrclpZM05pctqo4.jpeg', '2023-01-30 21:47:46', '2023-01-30 21:47:46'),
(19, 58, NULL, 'jpeg', 7192, '58/SdahICRrVmBPQVpv8Rw9IQECZyVsQIJgdMKiqYhh.jpeg', '2023-02-25 00:17:33', '2023-02-25 00:17:33'),
(22, 134, NULL, 'jpeg', 98331, '134/nywkJESXrreVqpqCRaqyzCH95cgTVKwjGACMxyxL.jpeg', '2023-03-03 19:24:30', '2023-03-03 19:24:30'),
(23, 58, NULL, 'jpg', 386795, '58/u5X4ZpPNkrAi6fbClFAdMFtB2sLNIMPoGeHULBSe.jpg', '2023-04-10 18:44:50', '2023-04-10 18:44:50'),
(24, 136, NULL, 'jpg', 98331, '136/8Rz1rVI5u7n6p6A53EkW2tSFnW80es422sHdgCDZ.jpg', '2023-04-10 19:20:33', '2023-04-10 19:20:33');

-- --------------------------------------------------------

--
-- Estructura de tabla para la tabla `publicacion_titulo`
--

CREATE TABLE `publicacion_titulo` (
  `id` bigint(20) UNSIGNED NOT NULL,
  `publicacion_id` bigint(20) UNSIGNED NOT NULL,
  `titulo_id` int(10) UNSIGNED NOT NULL,
  `created_at` timestamp NULL DEFAULT NULL,
  `updated_at` timestamp NULL DEFAULT NULL
) ENGINE=InnoDB DEFAULT CHARSET=utf8mb4 COLLATE=utf8mb4_unicode_ci;

--
-- Volcado de datos para la tabla `publicacion_titulo`
--

INSERT INTO `publicacion_titulo` (`id`, `publicacion_id`, `titulo_id`, `created_at`, `updated_at`) VALUES
(1, 77, 2, '2020-11-28 00:59:31', '2020-11-28 00:59:31'),
(2, 77, 4, '2020-11-28 00:59:31', '2020-11-28 00:59:31'),
(5, 74, 71, '2020-12-05 07:28:47', '2020-12-05 07:28:47'),
(7, 90, 5, '2020-12-05 09:32:23', '2020-12-05 09:32:23'),
(8, 97, 53, '2020-12-05 09:39:46', '2020-12-05 09:39:46'),
(9, 83, 20, '2020-12-05 10:36:29', '2020-12-05 10:36:29'),
(10, 83, 19, '2020-12-05 10:36:29', '2020-12-05 10:36:29'),
(11, 83, 31, '2020-12-05 10:36:29', '2020-12-05 10:36:29'),
(12, 83, 25, '2020-12-05 10:36:29', '2020-12-05 10:36:29'),
(13, 83, 65, '2020-12-05 10:36:29', '2020-12-05 10:36:29'),
(14, 82, 20, '2020-12-05 10:38:39', '2020-12-05 10:38:39'),
(15, 82, 19, '2020-12-05 10:38:39', '2020-12-05 10:38:39'),
(16, 82, 25, '2020-12-05 10:38:39', '2020-12-05 10:38:39'),
(18, 76, 82, '2020-12-07 06:00:00', '2020-12-07 06:00:00'),
(20, 73, 40, '2020-12-08 03:35:56', '2020-12-08 03:35:56'),
(22, 126, 18, '2020-12-08 03:38:31', '2020-12-08 03:38:31'),
(24, 112, 8, '2020-12-08 03:41:30', '2020-12-08 03:41:30'),
(25, 102, 18, '2020-12-08 03:42:59', '2020-12-08 03:42:59'),
(31, 127, 3, '2022-02-23 04:22:43', '2022-02-23 04:22:43'),
(32, 127, 2, '2022-02-23 04:22:43', '2022-02-23 04:22:43'),
(33, 127, 27, '2022-02-23 04:22:43', '2022-02-23 04:22:43'),
(34, 127, 4, '2022-02-23 04:22:43', '2022-02-23 04:22:43'),
(35, 127, 23, '2022-02-23 04:22:43', '2022-02-23 04:22:43'),
(36, 127, 14, '2022-02-23 04:22:43', '2022-02-23 04:22:43'),
(37, 128, 82, '2022-02-23 04:22:56', '2022-02-23 04:22:56'),
(38, 128, 22, '2022-02-23 04:22:56', '2022-02-23 04:22:56'),
(39, 128, 21, '2022-02-23 04:22:56', '2022-02-23 04:22:56'),
(40, 128, 36, '2022-02-23 04:22:56', '2022-02-23 04:22:56'),
(42, 123, 16, '2022-08-10 03:25:31', '2022-08-10 03:25:31'),
(43, 123, 61, '2022-08-10 03:25:31', '2022-08-10 03:25:31'),
(44, 123, 55, '2022-08-10 03:25:31', '2022-08-10 03:25:31'),
(45, 92, 15, '2022-08-10 03:25:40', '2022-08-10 03:25:40'),
(51, 115, 8, '2023-01-30 21:47:46', '2023-01-30 21:47:46'),
(61, 58, 56, '2023-04-10 18:44:50', '2023-04-10 18:44:50'),
(62, 58, 54, '2023-04-10 18:44:50', '2023-04-10 18:44:50'),
(63, 58, 33, '2023-04-10 18:44:50', '2023-04-10 18:44:50'),
(64, 136, 64, '2023-04-10 19:20:51', '2023-04-10 19:20:51'),
(65, 136, 28, '2023-04-10 19:20:51', '2023-04-10 19:20:51'),
(66, 136, 26, '2023-04-10 19:20:51', '2023-04-10 19:20:51'),
(67, 136, 66, '2023-04-10 19:20:51', '2023-04-10 19:20:51');

-- --------------------------------------------------------

--
-- Estructura de tabla para la tabla `publicacion_user`
--

CREATE TABLE `publicacion_user` (
  `id` int(10) UNSIGNED NOT NULL,
  `publicacion_id` bigint(20) UNSIGNED NOT NULL,
  `user_id` bigint(20) UNSIGNED NOT NULL,
  `created_at` timestamp NULL DEFAULT NULL,
  `updated_at` timestamp NULL DEFAULT NULL
) ENGINE=InnoDB DEFAULT CHARSET=utf8mb4 COLLATE=utf8mb4_unicode_ci;

--
-- Volcado de datos para la tabla `publicacion_user`
--

INSERT INTO `publicacion_user` (`id`, `publicacion_id`, `user_id`, `created_at`, `updated_at`) VALUES
(55, 58, 31, NULL, NULL),
(59, 62, 38, NULL, NULL),
(60, 63, 40, NULL, NULL),
(61, 64, 41, NULL, NULL),
(62, 65, 42, NULL, NULL),
(63, 66, 42, NULL, NULL),
(64, 67, 42, NULL, NULL),
(66, 69, 43, NULL, NULL),
(67, 70, 44, NULL, NULL),
(70, 73, 48, NULL, NULL),
(71, 74, 49, NULL, NULL),
(72, 75, 50, NULL, NULL),
(73, 76, 52, NULL, NULL),
(74, 77, 54, NULL, NULL),
(75, 78, 46, NULL, NULL),
(77, 80, 56, NULL, NULL),
(78, 81, 57, NULL, NULL),
(79, 82, 59, NULL, NULL),
(80, 83, 60, NULL, NULL),
(81, 84, 61, NULL, NULL),
(82, 85, 62, NULL, NULL),
(83, 86, 63, NULL, NULL),
(84, 87, 64, NULL, NULL),
(85, 88, 65, NULL, NULL),
(86, 89, 44, NULL, NULL),
(87, 90, 68, NULL, NULL),
(88, 91, 69, NULL, NULL),
(89, 92, 70, NULL, NULL),
(90, 93, 71, NULL, NULL),
(91, 94, 72, NULL, NULL),
(92, 95, 73, NULL, NULL),
(93, 96, 74, NULL, NULL),
(94, 97, 75, NULL, NULL),
(95, 98, 76, NULL, NULL),
(96, 99, 77, NULL, NULL),
(97, 100, 77, NULL, NULL),
(99, 102, 79, NULL, NULL),
(100, 103, 80, NULL, NULL),
(101, 104, 81, NULL, NULL),
(102, 105, 81, NULL, NULL),
(104, 107, 83, NULL, NULL),
(105, 108, 84, NULL, NULL),
(106, 109, 84, NULL, NULL),
(107, 110, 85, NULL, NULL),
(108, 111, 86, NULL, NULL),
(109, 112, 87, NULL, NULL),
(110, 113, 88, NULL, NULL),
(111, 114, 89, NULL, NULL),
(112, 115, 90, NULL, NULL),
(113, 116, 91, NULL, NULL),
(114, 117, 92, NULL, NULL),
(115, 118, 93, NULL, NULL),
(116, 119, 93, NULL, NULL),
(117, 120, 94, NULL, NULL),
(118, 121, 47, NULL, NULL),
(119, 122, 72, NULL, NULL),
(120, 123, 70, NULL, NULL),
(121, 124, 86, NULL, NULL),
(122, 125, 72, NULL, NULL),
(123, 126, 95, NULL, NULL),
(124, 127, 99, NULL, NULL),
(125, 128, 99, NULL, NULL),
(126, 129, 90, NULL, NULL),
(131, 134, 103, NULL, NULL),
(132, 135, 102, NULL, NULL),
(133, 136, 31, NULL, NULL);

-- --------------------------------------------------------

--
-- Estructura de tabla para la tabla `publicacion_visita`
--

CREATE TABLE `publicacion_visita` (
  `id` bigint(20) UNSIGNED NOT NULL,
  `publicacion_id` bigint(20) UNSIGNED NOT NULL,
  `created_at` timestamp NULL DEFAULT NULL,
  `updated_at` timestamp NULL DEFAULT NULL
) ENGINE=InnoDB DEFAULT CHARSET=utf8mb4 COLLATE=utf8mb4_unicode_ci;

--
-- Volcado de datos para la tabla `publicacion_visita`
--

INSERT INTO `publicacion_visita` (`id`, `publicacion_id`, `created_at`, `updated_at`) VALUES
(1, 58, '2022-07-29 22:22:44', '2022-07-29 22:22:44'),
(2, 95, '2022-07-29 23:37:57', '2022-07-29 23:37:57'),
(3, 58, '2022-07-30 00:47:56', '2022-07-30 00:47:56'),
(4, 92, '2022-07-30 17:55:49', '2022-07-30 17:55:49'),
(5, 76, '2022-07-30 21:44:41', '2022-07-30 21:44:41'),
(6, 92, '2022-07-30 22:52:22', '2022-07-30 22:52:22'),
(7, 69, '2022-07-30 22:54:35', '2022-07-30 22:54:35'),
(8, 114, '2022-07-31 04:11:45', '2022-07-31 04:11:45'),
(9, 69, '2022-08-01 11:35:33', '2022-08-01 11:35:33'),
(10, 69, '2022-08-01 11:42:54', '2022-08-01 11:42:54'),
(11, 92, '2022-08-01 11:43:58', '2022-08-01 11:43:58'),
(12, 104, '2022-08-01 11:44:08', '2022-08-01 11:44:08'),
(13, 98, '2022-08-01 11:44:50', '2022-08-01 11:44:50'),
(14, 109, '2022-08-01 11:45:06', '2022-08-01 11:45:06'),
(15, 73, '2022-08-01 21:15:13', '2022-08-01 21:15:13'),
(16, 96, '2022-08-01 22:43:11', '2022-08-01 22:43:11'),
(17, 123, '2022-08-01 23:17:26', '2022-08-01 23:17:26'),
(18, 62, '2022-08-02 05:19:13', '2022-08-02 05:19:13'),
(19, 62, '2022-08-02 19:42:18', '2022-08-02 19:42:18'),
(20, 113, '2022-08-02 22:23:48', '2022-08-02 22:23:48'),
(21, 114, '2022-08-02 23:14:25', '2022-08-02 23:14:25'),
(22, 81, '2022-08-02 23:15:53', '2022-08-02 23:15:53'),
(23, 93, '2022-08-03 03:00:24', '2022-08-03 03:00:24'),
(24, 96, '2022-08-03 03:00:43', '2022-08-03 03:00:43'),
(25, 119, '2022-08-04 00:09:35', '2022-08-04 00:09:35'),
(26, 119, '2022-08-04 00:09:38', '2022-08-04 00:09:38'),
(27, 58, '2022-08-04 00:10:01', '2022-08-04 00:10:01'),
(28, 58, '2022-08-04 00:10:04', '2022-08-04 00:10:04'),
(29, 95, '2022-08-04 00:10:26', '2022-08-04 00:10:26'),
(30, 95, '2022-08-04 00:10:27', '2022-08-04 00:10:27'),
(31, 82, '2022-08-04 02:04:33', '2022-08-04 02:04:33'),
(32, 82, '2022-08-04 02:04:35', '2022-08-04 02:04:35'),
(33, 82, '2022-08-04 02:04:41', '2022-08-04 02:04:41'),
(34, 82, '2022-08-04 02:04:44', '2022-08-04 02:04:44'),
(35, 110, '2022-08-05 01:52:19', '2022-08-05 01:52:19'),
(36, 90, '2022-08-05 01:52:30', '2022-08-05 01:52:30'),
(37, 107, '2022-08-05 19:19:12', '2022-08-05 19:19:12'),
(38, 127, '2022-08-06 01:07:00', '2022-08-06 01:07:00'),
(39, 75, '2022-08-06 01:07:16', '2022-08-06 01:07:16'),
(40, 77, '2022-08-06 01:09:05', '2022-08-06 01:09:05'),
(41, 85, '2022-08-06 01:09:14', '2022-08-06 01:09:14'),
(42, 67, '2022-08-08 03:08:57', '2022-08-08 03:08:57'),
(43, 114, '2022-08-08 07:41:57', '2022-08-08 07:41:57'),
(44, 81, '2022-08-08 07:42:21', '2022-08-08 07:42:21'),
(45, 114, '2022-08-08 07:42:36', '2022-08-08 07:42:36'),
(46, 58, '2022-08-08 19:36:30', '2022-08-08 19:36:30'),
(47, 62, '2022-08-09 00:55:56', '2022-08-09 00:55:56'),
(48, 62, '2022-08-09 01:40:22', '2022-08-09 01:40:22'),
(49, 66, '2022-08-09 01:40:42', '2022-08-09 01:40:42'),
(50, 69, '2022-08-09 20:20:21', '2022-08-09 20:20:21'),
(51, 92, '2022-08-09 20:20:36', '2022-08-09 20:20:36'),
(52, 92, '2022-08-09 20:22:10', '2022-08-09 20:22:10'),
(53, 92, '2022-08-09 20:22:38', '2022-08-09 20:22:38'),
(54, 89, '2022-08-09 20:22:57', '2022-08-09 20:22:57'),
(55, 89, '2022-08-09 20:23:31', '2022-08-09 20:23:31'),
(56, 107, '2022-08-09 20:23:38', '2022-08-09 20:23:38'),
(57, 89, '2022-08-09 20:23:48', '2022-08-09 20:23:48'),
(58, 107, '2022-08-09 20:23:51', '2022-08-09 20:23:51'),
(59, 112, '2022-08-09 20:23:58', '2022-08-09 20:23:58'),
(60, 113, '2022-08-09 20:24:09', '2022-08-09 20:24:09'),
(61, 113, '2022-08-09 20:24:23', '2022-08-09 20:24:23'),
(62, 115, '2022-08-09 20:24:48', '2022-08-09 20:24:48'),
(63, 113, '2022-08-09 20:25:39', '2022-08-09 20:25:39'),
(64, 92, '2022-08-09 20:26:02', '2022-08-09 20:26:02'),
(65, 69, '2022-08-09 20:50:08', '2022-08-09 20:50:08'),
(66, 98, '2022-08-09 20:50:18', '2022-08-09 20:50:18'),
(67, 92, '2022-08-10 03:20:32', '2022-08-10 03:20:32'),
(68, 69, '2022-08-10 03:31:09', '2022-08-10 03:31:09'),
(69, 69, '2022-08-10 03:31:17', '2022-08-10 03:31:17'),
(70, 104, '2022-08-10 03:31:30', '2022-08-10 03:31:30'),
(71, 109, '2022-08-10 03:32:21', '2022-08-10 03:32:21'),
(72, 119, '2022-08-10 03:33:05', '2022-08-10 03:33:05'),
(73, 124, '2022-08-10 03:33:12', '2022-08-10 03:33:12'),
(74, 124, '2022-08-10 06:15:15', '2022-08-10 06:15:15'),
(75, 70, '2022-08-10 16:26:29', '2022-08-10 16:26:29'),
(76, 73, '2022-08-11 22:31:24', '2022-08-11 22:31:24'),
(77, 96, '2022-08-12 01:27:51', '2022-08-12 01:27:51'),
(78, 96, '2022-08-12 01:27:53', '2022-08-12 01:27:53'),
(79, 115, '2022-08-12 02:03:15', '2022-08-12 02:03:15'),
(80, 58, '2022-08-12 02:21:56', '2022-08-12 02:21:56'),
(81, 115, '2022-08-12 02:22:17', '2022-08-12 02:22:17'),
(82, 87, '2022-08-12 07:53:29', '2022-08-12 07:53:29'),
(83, 62, '2022-08-12 07:58:02', '2022-08-12 07:58:02'),
(84, 109, '2022-08-12 07:59:20', '2022-08-12 07:59:20'),
(85, 93, '2022-08-12 08:00:23', '2022-08-12 08:00:23'),
(86, 124, '2022-08-12 08:01:15', '2022-08-12 08:01:15'),
(87, 77, '2022-08-12 08:02:08', '2022-08-12 08:02:08'),
(88, 112, '2022-08-12 08:03:06', '2022-08-12 08:03:06'),
(89, 100, '2022-08-12 08:04:12', '2022-08-12 08:04:12'),
(90, 83, '2022-08-12 08:06:49', '2022-08-12 08:06:49'),
(91, 67, '2022-08-12 08:07:36', '2022-08-12 08:07:36'),
(92, 108, '2022-08-12 08:10:42', '2022-08-12 08:10:42'),
(93, 98, '2022-08-12 08:11:29', '2022-08-12 08:11:29'),
(94, 73, '2022-08-12 08:12:20', '2022-08-12 08:12:20'),
(95, 123, '2022-08-12 08:13:14', '2022-08-12 08:13:14'),
(96, 111, '2022-08-12 08:13:56', '2022-08-12 08:13:56'),
(97, 88, '2022-08-12 08:19:16', '2022-08-12 08:19:16'),
(98, 63, '2022-08-12 08:19:54', '2022-08-12 08:19:54'),
(99, 119, '2022-08-12 08:26:07', '2022-08-12 08:26:07'),
(100, 107, '2022-08-12 08:26:54', '2022-08-12 08:26:54'),
(101, 94, '2022-08-12 08:27:39', '2022-08-12 08:27:39'),
(102, 78, '2022-08-12 08:28:18', '2022-08-12 08:28:18'),
(103, 122, '2022-08-12 08:29:38', '2022-08-12 08:29:38'),
(104, 110, '2022-08-12 08:30:16', '2022-08-12 08:30:16'),
(105, 84, '2022-08-12 08:34:47', '2022-08-12 08:34:47'),
(106, 118, '2022-08-12 08:41:42', '2022-08-12 08:41:42'),
(107, 99, '2022-08-12 08:42:18', '2022-08-12 08:42:18'),
(108, 90, '2022-08-12 08:42:54', '2022-08-12 08:42:54'),
(109, 74, '2022-08-12 08:43:33', '2022-08-12 08:43:33'),
(110, 121, '2022-08-12 08:44:10', '2022-08-12 08:44:10'),
(111, 58, '2022-08-12 08:44:46', '2022-08-12 08:44:46'),
(112, 89, '2022-08-12 08:49:34', '2022-08-12 08:49:34'),
(113, 80, '2022-08-12 08:50:12', '2022-08-12 08:50:12'),
(114, 64, '2022-08-12 08:50:50', '2022-08-12 08:50:50'),
(115, 117, '2022-08-12 08:56:45', '2022-08-12 08:56:45'),
(116, 95, '2022-08-12 08:57:19', '2022-08-12 08:57:19'),
(117, 105, '2022-08-12 08:57:52', '2022-08-12 08:57:52'),
(118, 70, '2022-08-12 08:58:25', '2022-08-12 08:58:25'),
(119, 85, '2022-08-12 09:03:50', '2022-08-12 09:03:50'),
(120, 69, '2022-08-12 09:04:22', '2022-08-12 09:04:22'),
(121, 128, '2022-08-12 09:10:28', '2022-08-12 09:10:28'),
(122, 116, '2022-08-12 09:10:57', '2022-08-12 09:10:57'),
(123, 91, '2022-08-12 09:11:26', '2022-08-12 09:11:26'),
(124, 104, '2022-08-12 09:11:53', '2022-08-12 09:11:53'),
(125, 75, '2022-08-12 09:12:18', '2022-08-12 09:12:18'),
(126, 81, '2022-08-12 09:18:33', '2022-08-12 09:18:33'),
(127, 65, '2022-08-12 09:18:48', '2022-08-12 09:18:48'),
(128, 127, '2022-08-12 09:25:05', '2022-08-12 09:25:05'),
(129, 96, '2022-08-12 09:25:20', '2022-08-12 09:25:20'),
(130, 115, '2022-08-12 09:25:27', '2022-08-12 09:25:27'),
(131, 103, '2022-08-12 09:25:53', '2022-08-12 09:25:53'),
(132, 86, '2022-08-12 09:33:30', '2022-08-12 09:33:30'),
(133, 126, '2022-08-12 09:37:57', '2022-08-12 09:37:57'),
(134, 92, '2022-08-12 09:38:33', '2022-08-12 09:38:33'),
(135, 114, '2022-08-12 09:39:09', '2022-08-12 09:39:09'),
(136, 76, '2022-08-12 09:39:46', '2022-08-12 09:39:46'),
(137, 102, '2022-08-12 09:40:26', '2022-08-12 09:40:26'),
(138, 82, '2022-08-12 09:45:11', '2022-08-12 09:45:11'),
(139, 66, '2022-08-12 09:45:48', '2022-08-12 09:45:48'),
(140, 97, '2022-08-12 09:50:24', '2022-08-12 09:50:24'),
(141, 125, '2022-08-12 09:50:55', '2022-08-12 09:50:55'),
(142, 113, '2022-08-12 09:51:27', '2022-08-12 09:51:27'),
(143, 87, '2022-08-12 11:53:46', '2022-08-12 11:53:46'),
(144, 70, '2022-08-12 18:45:28', '2022-08-12 18:45:28'),
(145, 90, '2022-08-13 04:29:46', '2022-08-13 04:29:46'),
(146, 90, '2022-08-13 04:29:58', '2022-08-13 04:29:58'),
(147, 90, '2022-08-13 04:31:32', '2022-08-13 04:31:32'),
(148, 90, '2022-08-13 04:32:56', '2022-08-13 04:32:56'),
(149, 90, '2022-08-13 04:33:08', '2022-08-13 04:33:08'),
(150, 89, '2022-08-13 06:47:02', '2022-08-13 06:47:02'),
(151, 109, '2022-08-13 07:37:17', '2022-08-13 07:37:17'),
(152, 109, '2022-08-13 07:37:36', '2022-08-13 07:37:36'),
(153, 64, '2022-08-13 22:44:57', '2022-08-13 22:44:57'),
(154, 125, '2022-08-13 23:58:21', '2022-08-13 23:58:21'),
(155, 63, '2022-08-14 01:11:42', '2022-08-14 01:11:42'),
(156, 95, '2022-08-14 01:36:09', '2022-08-14 01:36:09'),
(157, 107, '2022-08-14 02:25:05', '2022-08-14 02:25:05'),
(158, 89, '2022-08-14 03:38:26', '2022-08-14 03:38:26'),
(159, 115, '2022-08-14 04:27:21', '2022-08-14 04:27:21'),
(160, 112, '2022-08-14 05:29:49', '2022-08-14 05:29:49'),
(161, 105, '2022-08-14 06:45:52', '2022-08-14 06:45:52'),
(162, 100, '2022-08-14 07:23:53', '2022-08-14 07:23:53'),
(163, 96, '2022-08-14 07:49:22', '2022-08-14 07:49:22'),
(164, 66, '2022-08-14 08:14:51', '2022-08-14 08:14:51'),
(165, 123, '2022-08-14 09:05:50', '2022-08-14 09:05:50'),
(166, 78, '2022-08-14 09:57:03', '2022-08-14 09:57:03'),
(167, 93, '2022-08-14 10:22:47', '2022-08-14 10:22:47'),
(168, 93, '2022-08-14 11:50:02', '2022-08-14 11:50:02'),
(169, 66, '2022-08-14 12:25:48', '2022-08-14 12:25:48'),
(170, 96, '2022-08-14 13:01:34', '2022-08-14 13:01:34'),
(171, 100, '2022-08-14 13:27:30', '2022-08-14 13:27:30'),
(172, 78, '2022-08-14 13:53:25', '2022-08-14 13:53:25'),
(173, 105, '2022-08-14 14:19:21', '2022-08-14 14:19:21'),
(174, 113, '2022-08-14 14:28:33', '2022-08-14 14:28:33'),
(175, 103, '2022-08-14 14:28:35', '2022-08-14 14:28:35'),
(176, 88, '2022-08-14 14:28:35', '2022-08-14 14:28:35'),
(177, 121, '2022-08-14 14:28:36', '2022-08-14 14:28:36'),
(178, 128, '2022-08-14 14:29:17', '2022-08-14 14:29:17'),
(179, 112, '2022-08-14 14:45:17', '2022-08-14 14:45:17'),
(180, 113, '2022-08-14 15:30:03', '2022-08-14 15:30:03'),
(181, 128, '2022-08-14 16:05:47', '2022-08-14 16:05:47'),
(182, 85, '2022-08-14 16:42:10', '2022-08-14 16:42:10'),
(183, 85, '2022-08-14 17:00:29', '2022-08-14 17:00:29'),
(184, 88, '2022-08-14 17:24:34', '2022-08-14 17:24:34'),
(185, 84, '2022-08-14 17:48:47', '2022-08-14 17:48:47'),
(186, 75, '2022-08-14 18:12:59', '2022-08-14 18:12:59'),
(187, 77, '2022-08-14 18:37:12', '2022-08-14 18:37:12'),
(188, 77, '2022-08-14 19:01:24', '2022-08-14 19:01:24'),
(189, 75, '2022-08-14 19:33:53', '2022-08-14 19:33:53'),
(190, 84, '2022-08-14 20:06:21', '2022-08-14 20:06:21'),
(191, 115, '2022-08-14 20:55:04', '2022-08-14 20:55:04'),
(192, 95, '2022-08-14 21:17:58', '2022-08-14 21:17:58'),
(193, 63, '2022-08-14 21:40:53', '2022-08-14 21:40:53'),
(194, 125, '2022-08-14 22:03:48', '2022-08-14 22:03:48'),
(195, 74, '2022-08-14 23:08:12', '2022-08-14 23:08:12'),
(196, 115, '2022-08-14 23:45:32', '2022-08-14 23:45:32'),
(197, 70, '2022-08-15 00:03:59', '2022-08-15 00:03:59'),
(198, 74, '2022-08-15 00:59:47', '2022-08-15 00:59:47'),
(199, 73, '2022-08-15 02:03:02', '2022-08-15 02:03:02'),
(200, 94, '2022-08-15 02:25:27', '2022-08-15 02:25:27'),
(201, 108, '2022-08-15 02:47:41', '2022-08-15 02:47:41'),
(202, 64, '2022-08-15 02:53:47', '2022-08-15 02:53:47'),
(203, 108, '2022-08-15 03:10:01', '2022-08-15 03:10:01'),
(204, 94, '2022-08-15 03:29:25', '2022-08-15 03:29:25'),
(205, 108, '2022-08-15 03:55:21', '2022-08-15 03:55:21'),
(206, 73, '2022-08-15 04:08:15', '2022-08-15 04:08:15'),
(207, 111, '2022-08-15 04:47:05', '2022-08-15 04:47:05'),
(208, 114, '2022-08-15 05:06:29', '2022-08-15 05:06:29'),
(209, 81, '2022-08-15 05:25:54', '2022-08-15 05:25:54'),
(210, 76, '2022-08-15 05:43:01', '2022-08-15 05:43:01'),
(211, 87, '2022-08-15 06:00:09', '2022-08-15 06:00:09'),
(212, 110, '2022-08-15 06:17:17', '2022-08-15 06:17:17'),
(213, 78, '2022-08-15 06:34:26', '2022-08-15 06:34:26'),
(214, 111, '2022-08-15 06:51:32', '2022-08-15 06:51:32'),
(215, 76, '2022-08-15 07:25:48', '2022-08-15 07:25:48'),
(216, 81, '2022-08-15 07:51:32', '2022-08-15 07:51:32'),
(217, 114, '2022-08-15 09:21:40', '2022-08-15 09:21:40'),
(218, 109, '2022-08-15 11:36:12', '2022-08-15 11:36:12'),
(219, 118, '2022-08-15 11:47:08', '2022-08-15 11:47:08'),
(220, 119, '2022-08-15 11:58:29', '2022-08-15 11:58:29'),
(221, 104, '2022-08-15 12:20:45', '2022-08-15 12:20:45'),
(222, 92, '2022-08-15 12:43:01', '2022-08-15 12:43:01'),
(223, 92, '2022-08-15 13:05:33', '2022-08-15 13:05:33'),
(224, 104, '2022-08-15 13:27:34', '2022-08-15 13:27:34'),
(225, 119, '2022-08-15 13:45:57', '2022-08-15 13:45:57'),
(226, 109, '2022-08-15 14:22:43', '2022-08-15 14:22:43'),
(227, 69, '2022-08-15 14:41:12', '2022-08-15 14:41:12'),
(228, 98, '2022-08-15 14:59:28', '2022-08-15 14:59:28'),
(229, 69, '2022-08-15 15:17:51', '2022-08-15 15:17:51'),
(230, 98, '2022-08-15 17:15:30', '2022-08-15 17:15:30'),
(231, 77, '2022-08-15 17:31:33', '2022-08-15 17:31:33'),
(232, 103, '2022-08-15 18:25:35', '2022-08-15 18:25:35'),
(233, 85, '2022-08-15 18:53:13', '2022-08-15 18:53:13'),
(234, 113, '2022-08-15 19:10:38', '2022-08-15 19:10:38'),
(235, 77, '2022-08-15 19:17:35', '2022-08-15 19:17:35'),
(236, 65, '2022-08-15 19:30:50', '2022-08-15 19:30:50'),
(237, 58, '2022-08-15 20:34:55', '2022-08-15 20:34:55'),
(238, 84, '2022-08-15 22:34:32', '2022-08-15 22:34:32'),
(239, 89, '2022-08-15 23:36:21', '2022-08-15 23:36:21'),
(240, 118, '2022-08-16 00:01:17', '2022-08-16 00:01:17'),
(241, 99, '2022-08-16 00:07:08', '2022-08-16 00:07:08'),
(242, 70, '2022-08-16 00:26:14', '2022-08-16 00:26:14'),
(243, 63, '2022-08-16 01:16:06', '2022-08-16 01:16:06'),
(244, 125, '2022-08-16 01:41:02', '2022-08-16 01:41:02'),
(245, 58, '2022-08-16 05:22:08', '2022-08-16 05:22:08'),
(246, 99, '2022-08-16 05:49:46', '2022-08-16 05:49:46'),
(247, 86, '2022-08-16 07:02:24', '2022-08-16 07:02:24'),
(248, 100, '2022-08-16 08:32:24', '2022-08-16 08:32:24'),
(249, 96, '2022-08-16 09:39:34', '2022-08-16 09:39:34'),
(250, 124, '2022-08-16 10:43:51', '2022-08-16 10:43:51'),
(251, 123, '2022-08-16 10:58:09', '2022-08-16 10:58:09'),
(252, 74, '2022-08-16 11:14:08', '2022-08-16 11:14:08'),
(253, 93, '2022-08-16 12:36:43', '2022-08-16 12:36:43'),
(254, 78, '2022-08-16 13:30:31', '2022-08-16 13:30:31'),
(255, 66, '2022-08-16 14:23:52', '2022-08-16 14:23:52'),
(256, 97, '2022-08-16 15:08:17', '2022-08-16 15:08:17'),
(257, 81, '2022-08-16 15:18:37', '2022-08-16 15:18:37'),
(258, 113, '2022-08-16 15:40:48', '2022-08-16 15:40:48'),
(259, 80, '2022-08-16 16:47:39', '2022-08-16 16:47:39'),
(260, 109, '2022-08-16 16:52:51', '2022-08-16 16:52:51'),
(261, 103, '2022-08-16 16:58:07', '2022-08-16 16:58:07'),
(262, 90, '2022-08-16 17:23:00', '2022-08-16 17:23:00'),
(263, 128, '2022-08-16 17:26:25', '2022-08-16 17:26:25'),
(264, 88, '2022-08-16 18:53:34', '2022-08-16 18:53:34'),
(265, 77, '2022-08-16 19:47:09', '2022-08-16 19:47:09'),
(266, 113, '2022-08-16 19:56:54', '2022-08-16 19:56:54'),
(267, 84, '2022-08-16 20:33:04', '2022-08-16 20:33:04'),
(268, 105, '2022-08-16 20:54:19', '2022-08-16 20:54:19'),
(269, 121, '2022-08-16 22:27:02', '2022-08-16 22:27:02'),
(270, 112, '2022-08-16 22:50:39', '2022-08-16 22:50:39'),
(271, 63, '2022-08-16 23:34:46', '2022-08-16 23:34:46'),
(272, 67, '2022-08-16 23:35:28', '2022-08-16 23:35:28'),
(273, 95, '2022-08-16 23:35:59', '2022-08-16 23:35:59'),
(274, 81, '2022-08-16 23:36:25', '2022-08-16 23:36:25'),
(275, 114, '2022-08-16 23:36:36', '2022-08-16 23:36:36'),
(276, 119, '2022-08-17 00:16:00', '2022-08-17 00:16:00'),
(277, 74, '2022-08-17 00:28:13', '2022-08-17 00:28:13'),
(278, 74, '2022-08-17 01:21:47', '2022-08-17 01:21:47'),
(279, 110, '2022-08-17 02:03:27', '2022-08-17 02:03:27'),
(280, 95, '2022-08-17 02:15:30', '2022-08-17 02:15:30'),
(281, 104, '2022-08-17 03:00:30', '2022-08-17 03:00:30'),
(282, 108, '2022-08-17 03:28:44', '2022-08-17 03:28:44'),
(283, 92, '2022-08-17 03:59:58', '2022-08-17 03:59:58'),
(284, 104, '2022-08-17 04:10:34', '2022-08-17 04:10:34'),
(285, 94, '2022-08-17 04:17:38', '2022-08-17 04:17:38'),
(286, 102, '2022-08-17 04:21:09', '2022-08-17 04:21:09'),
(287, 96, '2022-08-17 06:49:02', '2022-08-17 06:49:02'),
(288, 73, '2022-08-17 07:42:37', '2022-08-17 07:42:37'),
(289, 62, '2022-08-17 07:55:51', '2022-08-17 07:55:51'),
(290, 76, '2022-08-17 08:36:11', '2022-08-17 08:36:11'),
(291, 81, '2022-08-17 09:09:46', '2022-08-17 09:09:46'),
(292, 111, '2022-08-17 10:16:56', '2022-08-17 10:16:56'),
(293, 111, '2022-08-17 10:50:31', '2022-08-17 10:50:31'),
(294, 70, '2022-08-17 11:57:41', '2022-08-17 11:57:41'),
(295, 94, '2022-08-17 12:56:53', '2022-08-17 12:56:53'),
(296, 92, '2022-08-17 13:58:25', '2022-08-17 13:58:25'),
(297, 116, '2022-08-17 14:10:07', '2022-08-17 14:10:07'),
(298, 119, '2022-08-17 14:51:59', '2022-08-17 14:51:59'),
(299, 92, '2022-08-17 15:45:33', '2022-08-17 15:45:33'),
(300, 114, '2022-08-17 16:39:08', '2022-08-17 16:39:08'),
(301, 123, '2022-08-17 17:28:33', '2022-08-17 17:28:33'),
(302, 89, '2022-08-17 17:28:37', '2022-08-17 17:28:37'),
(303, 121, '2022-08-17 17:28:37', '2022-08-17 17:28:37'),
(304, 127, '2022-08-17 17:29:01', '2022-08-17 17:29:01'),
(305, 128, '2022-08-17 17:29:18', '2022-08-17 17:29:18'),
(306, 98, '2022-08-17 18:24:47', '2022-08-17 18:24:47'),
(307, 69, '2022-08-17 18:50:36', '2022-08-17 18:50:36'),
(308, 123, '2022-08-17 19:09:07', '2022-08-17 19:09:07'),
(309, 70, '2022-08-17 19:14:59', '2022-08-17 19:14:59'),
(310, 119, '2022-08-17 19:41:46', '2022-08-17 19:41:46'),
(311, 70, '2022-08-17 20:07:11', '2022-08-17 20:07:11'),
(312, 78, '2022-08-17 20:18:41', '2022-08-17 20:18:41'),
(313, 109, '2022-08-17 20:33:24', '2022-08-17 20:33:24'),
(314, 104, '2022-08-17 21:24:48', '2022-08-17 21:24:48'),
(315, 69, '2022-08-17 22:04:34', '2022-08-17 22:04:34'),
(316, 80, '2022-08-17 22:27:27', '2022-08-17 22:27:27'),
(317, 69, '2022-08-17 22:41:54', '2022-08-17 22:41:54'),
(318, 117, '2022-08-17 22:51:43', '2022-08-17 22:51:43'),
(319, 98, '2022-08-17 23:07:36', '2022-08-17 23:07:36'),
(320, 88, '2022-08-17 23:59:00', '2022-08-17 23:59:00'),
(321, 76, '2022-08-18 00:50:25', '2022-08-18 00:50:25'),
(322, 96, '2022-08-18 01:12:26', '2022-08-18 01:12:26'),
(323, 110, '2022-08-18 01:27:44', '2022-08-18 01:27:44'),
(324, 93, '2022-08-18 02:03:40', '2022-08-18 02:03:40'),
(325, 64, '2022-08-18 02:19:39', '2022-08-18 02:19:39'),
(326, 100, '2022-08-18 03:32:51', '2022-08-18 03:32:51'),
(327, 58, '2022-08-18 04:17:27', '2022-08-18 04:17:27'),
(328, 63, '2022-08-18 07:26:38', '2022-08-18 07:26:38'),
(329, 96, '2022-08-18 07:51:44', '2022-08-18 07:51:44'),
(330, 88, '2022-08-18 07:56:49', '2022-08-18 07:56:49'),
(331, 107, '2022-08-18 08:01:56', '2022-08-18 08:01:56'),
(332, 65, '2022-08-18 08:20:54', '2022-08-18 08:20:54'),
(333, 58, '2022-08-18 09:56:28', '2022-08-18 09:56:28'),
(334, 99, '2022-08-18 10:23:15', '2022-08-18 10:23:15'),
(335, 86, '2022-08-18 11:54:29', '2022-08-18 11:54:29'),
(336, 93, '2022-08-18 12:48:04', '2022-08-18 12:48:04'),
(337, 111, '2022-08-18 15:37:46', '2022-08-18 15:37:46'),
(338, 66, '2022-08-18 16:13:34', '2022-08-18 16:13:34'),
(339, 74, '2022-08-18 17:08:02', '2022-08-18 17:08:02'),
(340, 80, '2022-08-18 17:08:39', '2022-08-18 17:08:39'),
(341, 123, '2022-08-18 17:09:50', '2022-08-18 17:09:50'),
(342, 66, '2022-08-18 17:35:13', '2022-08-18 17:35:13'),
(343, 66, '2022-08-18 18:20:12', '2022-08-18 18:20:12'),
(344, 100, '2022-08-18 19:10:22', '2022-08-18 19:10:22'),
(345, 128, '2022-08-18 21:17:43', '2022-08-18 21:17:43'),
(346, 86, '2022-08-18 22:09:50', '2022-08-18 22:09:50'),
(347, 99, '2022-08-18 22:48:54', '2022-08-18 22:48:54'),
(348, 105, '2022-08-18 23:31:41', '2022-08-18 23:31:41'),
(349, 73, '2022-08-18 23:37:37', '2022-08-18 23:37:37'),
(350, 65, '2022-08-19 00:07:03', '2022-08-19 00:07:03'),
(351, 74, '2022-08-19 01:01:48', '2022-08-19 01:01:48'),
(352, 115, '2022-08-19 01:30:10', '2022-08-19 01:30:10'),
(353, 113, '2022-08-19 01:39:12', '2022-08-19 01:39:12'),
(354, 100, '2022-08-19 02:23:56', '2022-08-19 02:23:56'),
(355, 93, '2022-08-19 05:39:40', '2022-08-19 05:39:40'),
(356, 75, '2022-08-19 05:47:46', '2022-08-19 05:47:46'),
(357, 84, '2022-08-19 05:47:54', '2022-08-19 05:47:54'),
(358, 85, '2022-08-19 05:48:01', '2022-08-19 05:48:01'),
(359, 126, '2022-08-19 07:45:49', '2022-08-19 07:45:49'),
(360, 116, '2022-08-19 09:01:18', '2022-08-19 09:01:18'),
(361, 117, '2022-08-19 09:55:46', '2022-08-19 09:55:46'),
(362, 82, '2022-08-19 10:50:14', '2022-08-19 10:50:14'),
(363, 102, '2022-08-19 11:08:20', '2022-08-19 11:08:20'),
(364, 119, '2022-08-19 12:37:22', '2022-08-19 12:37:22'),
(365, 76, '2022-08-19 13:30:57', '2022-08-19 13:30:57'),
(366, 119, '2022-08-19 15:11:44', '2022-08-19 15:11:44'),
(367, 80, '2022-08-19 17:59:37', '2022-08-19 17:59:37'),
(368, 121, '2022-08-19 18:24:02', '2022-08-19 18:24:02'),
(369, 127, '2022-08-19 18:33:11', '2022-08-19 18:33:11'),
(370, 85, '2022-08-19 19:02:21', '2022-08-19 19:02:21'),
(371, 82, '2022-08-19 19:46:33', '2022-08-19 19:46:33'),
(372, 112, '2022-08-19 20:10:14', '2022-08-19 20:10:14'),
(373, 116, '2022-08-19 20:35:28', '2022-08-19 20:35:28'),
(374, 126, '2022-08-19 21:24:23', '2022-08-19 21:24:23'),
(375, 62, '2022-08-19 22:13:18', '2022-08-19 22:13:18'),
(376, 67, '2022-08-20 00:00:26', '2022-08-20 00:00:26'),
(377, 65, '2022-08-20 03:02:32', '2022-08-20 03:02:32'),
(378, 82, '2022-08-20 04:54:04', '2022-08-20 04:54:04'),
(379, 94, '2022-08-20 05:11:26', '2022-08-20 05:11:26'),
(380, 80, '2022-08-20 06:58:32', '2022-08-20 06:58:32'),
(381, 103, '2022-08-20 08:45:41', '2022-08-20 08:45:41'),
(382, 86, '2022-08-20 08:50:10', '2022-08-20 08:50:10'),
(383, 58, '2022-08-20 09:29:52', '2022-08-20 09:29:52'),
(384, 77, '2022-08-20 10:01:42', '2022-08-20 10:01:42'),
(385, 84, '2022-08-20 10:08:50', '2022-08-20 10:08:50'),
(386, 121, '2022-08-20 10:14:02', '2022-08-20 10:14:02'),
(387, 76, '2022-08-20 10:36:40', '2022-08-20 10:36:40'),
(388, 118, '2022-08-20 10:58:13', '2022-08-20 10:58:13'),
(389, 84, '2022-08-20 12:27:26', '2022-08-20 12:27:26'),
(390, 77, '2022-08-20 13:12:02', '2022-08-20 13:12:02'),
(391, 122, '2022-08-20 13:45:21', '2022-08-20 13:45:21'),
(392, 86, '2022-08-20 13:56:34', '2022-08-20 13:56:34'),
(393, 73, '2022-08-20 14:41:05', '2022-08-20 14:41:05'),
(394, 67, '2022-08-20 15:25:37', '2022-08-20 15:25:37'),
(395, 108, '2022-08-20 15:41:18', '2022-08-20 15:41:18'),
(396, 118, '2022-08-20 16:02:39', '2022-08-20 16:02:39'),
(397, 87, '2022-08-20 16:10:09', '2022-08-20 16:10:09'),
(398, 63, '2022-08-20 16:53:30', '2022-08-20 16:53:30'),
(399, 118, '2022-08-20 17:36:41', '2022-08-20 17:36:41'),
(400, 67, '2022-08-20 18:19:57', '2022-08-20 18:19:57'),
(401, 73, '2022-08-20 19:03:12', '2022-08-20 19:03:12'),
(402, 77, '2022-08-20 19:46:30', '2022-08-20 19:46:30'),
(403, 66, '2022-08-20 20:30:25', '2022-08-20 20:30:25'),
(404, 92, '2022-08-20 21:14:22', '2022-08-20 21:14:22'),
(405, 107, '2022-08-20 21:58:18', '2022-08-20 21:58:18'),
(406, 111, '2022-08-20 22:42:14', '2022-08-20 22:42:14'),
(407, 96, '2022-08-20 23:26:10', '2022-08-20 23:26:10'),
(408, 83, '2022-08-21 00:09:24', '2022-08-21 00:09:24'),
(409, 99, '2022-08-21 00:31:58', '2022-08-21 00:31:58'),
(410, 65, '2022-08-21 00:55:05', '2022-08-21 00:55:05'),
(411, 114, '2022-08-21 08:37:30', '2022-08-21 08:37:30'),
(412, 98, '2022-08-21 08:43:16', '2022-08-21 08:43:16'),
(413, 75, '2022-08-21 09:00:21', '2022-08-21 09:00:21'),
(414, 102, '2022-08-21 10:22:51', '2022-08-21 10:22:51'),
(415, 118, '2022-08-21 11:29:51', '2022-08-21 11:29:51'),
(416, 77, '2022-08-21 12:09:28', '2022-08-21 12:09:28'),
(417, 84, '2022-08-21 12:36:50', '2022-08-21 12:36:50'),
(418, 118, '2022-08-21 13:20:34', '2022-08-21 13:20:34'),
(419, 76, '2022-08-21 14:35:40', '2022-08-21 14:35:40'),
(420, 109, '2022-08-21 15:07:50', '2022-08-21 15:07:50'),
(421, 127, '2022-08-21 15:51:22', '2022-08-21 15:51:22'),
(422, 95, '2022-08-21 19:41:35', '2022-08-21 19:41:35'),
(423, 91, '2022-08-21 19:46:54', '2022-08-21 19:46:54'),
(424, 109, '2022-08-21 19:52:12', '2022-08-21 19:52:12'),
(425, 80, '2022-08-21 20:13:27', '2022-08-21 20:13:27'),
(426, 64, '2022-08-21 20:59:47', '2022-08-21 20:59:47'),
(427, 63, '2022-08-21 21:05:09', '2022-08-21 21:05:09'),
(428, 126, '2022-08-21 23:02:46', '2022-08-21 23:02:46'),
(429, 82, '2022-08-22 00:18:26', '2022-08-22 00:18:26'),
(430, 67, '2022-08-22 02:52:38', '2022-08-22 02:52:38'),
(431, 102, '2022-08-22 03:29:11', '2022-08-22 03:29:11'),
(432, 90, '2022-08-22 05:14:43', '2022-08-22 05:14:43'),
(433, 128, '2022-08-22 05:55:46', '2022-08-22 05:55:46'),
(434, 121, '2022-08-22 10:08:58', '2022-08-22 10:08:58'),
(435, 87, '2022-08-22 11:11:41', '2022-08-22 11:11:41'),
(436, 58, '2022-08-22 11:13:51', '2022-08-22 11:13:51'),
(437, 126, '2022-08-22 12:05:06', '2022-08-22 12:05:06'),
(438, 103, '2022-08-22 12:29:58', '2022-08-22 12:29:58'),
(439, 127, '2022-08-22 12:32:08', '2022-08-22 12:32:08'),
(440, 81, '2022-08-22 13:00:49', '2022-08-22 13:00:49'),
(441, 58, '2022-08-22 13:46:05', '2022-08-22 13:46:05'),
(442, 121, '2022-08-22 15:47:05', '2022-08-22 15:47:05'),
(443, 84, '2022-08-22 17:02:35', '2022-08-22 17:02:35'),
(444, 121, '2022-08-22 17:46:43', '2022-08-22 17:46:43'),
(445, 84, '2022-08-22 18:30:46', '2022-08-22 18:30:46'),
(446, 77, '2022-08-22 19:14:52', '2022-08-22 19:14:52'),
(447, 67, '2022-08-22 20:42:50', '2022-08-22 20:42:50'),
(448, 67, '2022-08-22 21:26:42', '2022-08-22 21:26:42'),
(449, 77, '2022-08-22 22:10:34', '2022-08-22 22:10:34'),
(450, 95, '2022-08-22 22:54:57', '2022-08-22 22:54:57'),
(451, 63, '2022-08-22 23:39:19', '2022-08-22 23:39:19'),
(452, 102, '2022-08-22 23:40:49', '2022-08-22 23:40:49'),
(453, 92, '2022-08-22 23:46:08', '2022-08-22 23:46:08'),
(454, 97, '2022-08-22 23:51:26', '2022-08-22 23:51:26'),
(455, 121, '2022-08-23 00:02:05', '2022-08-23 00:02:05'),
(456, 64, '2022-08-23 00:23:42', '2022-08-23 00:23:42'),
(457, 110, '2022-08-23 00:38:25', '2022-08-23 00:38:25'),
(458, 122, '2022-08-23 00:38:26', '2022-08-23 00:38:26'),
(459, 111, '2022-08-23 00:38:27', '2022-08-23 00:38:27'),
(460, 117, '2022-08-23 00:38:29', '2022-08-23 00:38:29'),
(461, 117, '2022-08-23 00:38:31', '2022-08-23 00:38:31'),
(462, 75, '2022-08-23 00:38:33', '2022-08-23 00:38:33'),
(463, 107, '2022-08-23 00:38:35', '2022-08-23 00:38:35'),
(464, 94, '2022-08-23 00:38:37', '2022-08-23 00:38:37'),
(465, 90, '2022-08-23 00:38:39', '2022-08-23 00:38:39'),
(466, 116, '2022-08-23 01:30:03', '2022-08-23 01:30:03'),
(467, 126, '2022-08-23 02:57:54', '2022-08-23 02:57:54'),
(468, 102, '2022-08-23 03:41:35', '2022-08-23 03:41:35'),
(469, 65, '2022-08-23 04:25:16', '2022-08-23 04:25:16'),
(470, 103, '2022-08-23 05:10:12', '2022-08-23 05:10:12'),
(471, 69, '2022-08-23 07:05:32', '2022-08-23 07:05:32'),
(472, 82, '2022-08-23 07:10:03', '2022-08-23 07:10:03'),
(473, 122, '2022-08-23 07:40:03', '2022-08-23 07:40:03'),
(474, 118, '2022-08-23 08:40:04', '2022-08-23 08:40:04'),
(475, 75, '2022-08-23 09:10:04', '2022-08-23 09:10:04'),
(476, 116, '2022-08-23 09:30:28', '2022-08-23 09:30:28'),
(477, 70, '2022-08-23 10:57:26', '2022-08-23 10:57:26'),
(478, 126, '2022-08-23 11:59:08', '2022-08-23 11:59:08'),
(479, 117, '2022-08-23 11:59:08', '2022-08-23 11:59:08'),
(480, 81, '2022-08-23 13:21:34', '2022-08-23 13:21:34'),
(481, 108, '2022-08-23 14:35:40', '2022-08-23 14:35:40'),
(482, 89, '2022-08-23 15:22:24', '2022-08-23 15:22:24'),
(483, 98, '2022-08-23 16:03:50', '2022-08-23 16:03:50'),
(484, 84, '2022-08-23 16:48:26', '2022-08-23 16:48:26'),
(485, 126, '2022-08-23 18:47:17', '2022-08-23 18:47:17'),
(486, 104, '2022-08-23 19:46:33', '2022-08-23 19:46:33'),
(487, 110, '2022-08-23 19:50:42', '2022-08-23 19:50:42'),
(488, 116, '2022-08-23 20:16:11', '2022-08-23 20:16:11'),
(489, 94, '2022-08-23 21:15:34', '2022-08-23 21:15:34'),
(490, 111, '2022-08-23 21:45:16', '2022-08-23 21:45:16'),
(491, 124, '2022-08-23 21:47:27', '2022-08-23 21:47:27'),
(492, 117, '2022-08-23 22:06:46', '2022-08-23 22:06:46'),
(493, 96, '2022-08-23 22:20:18', '2022-08-23 22:20:18'),
(494, 127, '2022-08-23 22:44:33', '2022-08-23 22:44:33'),
(495, 125, '2022-08-23 23:43:44', '2022-08-23 23:43:44'),
(496, 63, '2022-08-24 00:13:19', '2022-08-24 00:13:19'),
(497, 84, '2022-08-24 01:13:09', '2022-08-24 01:13:09'),
(498, 88, '2022-08-24 01:49:43', '2022-08-24 01:49:43'),
(499, 95, '2022-08-24 02:12:59', '2022-08-24 02:12:59'),
(500, 97, '2022-08-24 03:12:04', '2022-08-24 03:12:04'),
(501, 125, '2022-08-24 03:48:42', '2022-08-24 03:48:42'),
(502, 88, '2022-08-24 03:54:03', '2022-08-24 03:54:03'),
(503, 119, '2022-08-24 03:59:25', '2022-08-24 03:59:25'),
(504, 90, '2022-08-24 04:39:35', '2022-08-24 04:39:35'),
(505, 110, '2022-08-24 05:09:06', '2022-08-24 05:09:06'),
(506, 110, '2022-08-24 06:08:10', '2022-08-24 06:08:10'),
(507, 115, '2022-08-24 06:37:41', '2022-08-24 06:37:41'),
(508, 83, '2022-08-24 07:37:10', '2022-08-24 07:37:10'),
(509, 70, '2022-08-24 07:44:26', '2022-08-24 07:44:26'),
(510, 86, '2022-08-24 07:44:54', '2022-08-24 07:44:54'),
(511, 87, '2022-08-24 07:45:15', '2022-08-24 07:45:15'),
(512, 87, '2022-08-24 07:45:15', '2022-08-24 07:45:15'),
(513, 88, '2022-08-24 07:45:28', '2022-08-24 07:45:28'),
(514, 65, '2022-08-24 08:05:28', '2022-08-24 08:05:28'),
(515, 81, '2022-08-24 08:16:32', '2022-08-24 08:16:32'),
(516, 114, '2022-08-24 08:17:02', '2022-08-24 08:17:02'),
(517, 90, '2022-08-24 09:02:54', '2022-08-24 09:02:54'),
(518, 97, '2022-08-24 09:45:14', '2022-08-24 09:45:14'),
(519, 102, '2022-08-24 10:27:34', '2022-08-24 10:27:34'),
(520, 121, '2022-08-24 10:42:15', '2022-08-24 10:42:15'),
(521, 89, '2022-08-24 11:09:53', '2022-08-24 11:09:53'),
(522, 107, '2022-08-24 11:52:55', '2022-08-24 11:52:55'),
(523, 121, '2022-08-24 12:35:56', '2022-08-24 12:35:56'),
(524, 74, '2022-08-24 13:17:52', '2022-08-24 13:17:52'),
(525, 113, '2022-08-24 13:18:58', '2022-08-24 13:18:58'),
(526, 112, '2022-08-24 14:02:19', '2022-08-24 14:02:19'),
(527, 82, '2022-08-24 15:29:02', '2022-08-24 15:29:02'),
(528, 58, '2022-08-24 15:58:19', '2022-08-24 15:58:19'),
(529, 103, '2022-08-24 16:56:52', '2022-08-24 16:56:52'),
(530, 127, '2022-08-24 17:48:24', '2022-08-24 17:48:24'),
(531, 103, '2022-08-24 17:55:25', '2022-08-24 17:55:25'),
(532, 99, '2022-08-24 19:06:09', '2022-08-24 19:06:09'),
(533, 111, '2022-08-24 19:52:44', '2022-08-24 19:52:44'),
(534, 82, '2022-08-24 19:59:12', '2022-08-24 19:59:12'),
(535, 85, '2022-08-24 20:04:51', '2022-08-24 20:04:51'),
(536, 66, '2022-08-24 20:43:26', '2022-08-24 20:43:26'),
(537, 99, '2022-08-24 21:13:46', '2022-08-24 21:13:46'),
(538, 105, '2022-08-24 21:44:04', '2022-08-24 21:44:04'),
(539, 103, '2022-08-24 21:57:54', '2022-08-24 21:57:54'),
(540, 58, '2022-08-24 22:11:00', '2022-08-24 22:11:00'),
(541, 116, '2022-08-24 22:52:23', '2022-08-24 22:52:23'),
(542, 64, '2022-08-24 23:15:37', '2022-08-24 23:15:37'),
(543, 94, '2022-08-24 23:26:07', '2022-08-24 23:26:07'),
(544, 73, '2022-08-24 23:33:48', '2022-08-24 23:33:48'),
(545, 117, '2022-08-25 00:01:23', '2022-08-25 00:01:23'),
(546, 69, '2022-08-25 00:15:14', '2022-08-25 00:15:14'),
(547, 102, '2022-08-25 01:02:45', '2022-08-25 01:02:45'),
(548, 58, '2022-08-25 02:06:08', '2022-08-25 02:06:08'),
(549, 94, '2022-08-25 02:25:51', '2022-08-25 02:25:51'),
(550, 85, '2022-08-25 03:31:56', '2022-08-25 03:31:56'),
(551, 93, '2022-08-25 04:12:08', '2022-08-25 04:12:08'),
(552, 114, '2022-08-25 04:39:05', '2022-08-25 04:39:05'),
(553, 112, '2022-08-25 05:59:36', '2022-08-25 05:59:36'),
(554, 78, '2022-08-25 06:50:30', '2022-08-25 06:50:30'),
(555, 62, '2022-08-25 06:53:10', '2022-08-25 06:53:10'),
(556, 112, '2022-08-25 07:43:44', '2022-08-25 07:43:44'),
(557, 67, '2022-08-25 07:46:45', '2022-08-25 07:46:45'),
(558, 126, '2022-08-25 09:33:53', '2022-08-25 09:33:53'),
(559, 117, '2022-08-25 10:27:28', '2022-08-25 10:27:28'),
(560, 105, '2022-08-25 11:21:02', '2022-08-25 11:21:02'),
(561, 65, '2022-08-25 12:57:11', '2022-08-25 12:57:11'),
(562, 103, '2022-08-25 13:13:28', '2022-08-25 13:13:28'),
(563, 83, '2022-08-25 13:54:53', '2022-08-25 13:54:53'),
(564, 94, '2022-08-25 14:43:28', '2022-08-25 14:43:28'),
(565, 75, '2022-08-25 14:49:11', '2022-08-25 14:49:11'),
(566, 125, '2022-08-25 15:52:34', '2022-08-25 15:52:34'),
(567, 62, '2022-08-25 19:16:56', '2022-08-25 19:16:56'),
(568, 117, '2022-08-25 19:25:33', '2022-08-25 19:25:33'),
(569, 111, '2022-08-25 23:19:29', '2022-08-25 23:19:29'),
(570, 110, '2022-08-25 23:38:43', '2022-08-25 23:38:43'),
(571, 86, '2022-08-26 00:29:58', '2022-08-26 00:29:58'),
(572, 108, '2022-08-26 01:02:53', '2022-08-26 01:02:53'),
(573, 96, '2022-08-26 01:12:36', '2022-08-26 01:12:36'),
(574, 73, '2022-08-26 01:45:09', '2022-08-26 01:45:09'),
(575, 117, '2022-08-26 01:56:43', '2022-08-26 01:56:43'),
(576, 83, '2022-08-26 03:38:26', '2022-08-26 03:38:26'),
(577, 105, '2022-08-26 03:38:37', '2022-08-26 03:38:37'),
(578, 117, '2022-08-26 05:08:10', '2022-08-26 05:08:10'),
(579, 70, '2022-08-26 07:20:18', '2022-08-26 07:20:18'),
(580, 86, '2022-08-26 07:20:33', '2022-08-26 07:20:33'),
(581, 87, '2022-08-26 07:20:41', '2022-08-26 07:20:41'),
(582, 88, '2022-08-26 07:20:46', '2022-08-26 07:20:46'),
(583, 77, '2022-08-26 07:21:01', '2022-08-26 07:21:01'),
(584, 123, '2022-08-26 08:50:44', '2022-08-26 08:50:44'),
(585, 116, '2022-08-26 08:59:54', '2022-08-26 08:59:54'),
(586, 113, '2022-08-26 09:14:47', '2022-08-26 09:14:47'),
(587, 103, '2022-08-26 09:16:36', '2022-08-26 09:16:36'),
(588, 84, '2022-08-26 09:34:04', '2022-08-26 09:34:04'),
(589, 102, '2022-08-26 09:44:54', '2022-08-26 09:44:54'),
(590, 116, '2022-08-26 10:29:54', '2022-08-26 10:29:54'),
(591, 99, '2022-08-26 11:31:48', '2022-08-26 11:31:48'),
(592, 107, '2022-08-26 12:15:25', '2022-08-26 12:15:25'),
(593, 123, '2022-08-26 12:38:58', '2022-08-26 12:38:58'),
(594, 104, '2022-08-26 12:53:40', '2022-08-26 12:53:40'),
(595, 122, '2022-08-26 13:06:42', '2022-08-26 13:06:42'),
(596, 78, '2022-08-26 13:46:07', '2022-08-26 13:46:07'),
(597, 93, '2022-08-26 14:19:43', '2022-08-26 14:19:43'),
(598, 66, '2022-08-26 15:26:52', '2022-08-26 15:26:52'),
(599, 82, '2022-08-26 19:38:13', '2022-08-26 19:38:13'),
(600, 100, '2022-08-26 20:30:27', '2022-08-26 20:30:27'),
(601, 70, '2022-08-26 21:26:08', '2022-08-26 21:26:08'),
(602, 62, '2022-08-26 22:45:54', '2022-08-26 22:45:54'),
(603, 122, '2022-08-26 23:02:42', '2022-08-26 23:02:42'),
(604, 112, '2022-08-26 23:36:17', '2022-08-26 23:36:17'),
(605, 113, '2022-08-26 23:53:04', '2022-08-26 23:53:04'),
(606, 83, '2022-08-27 01:39:06', '2022-08-27 01:39:06'),
(607, 122, '2022-08-27 02:10:17', '2022-08-27 02:10:17'),
(608, 115, '2022-08-27 02:32:40', '2022-08-27 02:32:40'),
(609, 124, '2022-08-27 02:55:17', '2022-08-27 02:55:17'),
(610, 82, '2022-08-27 03:26:14', '2022-08-27 03:26:14'),
(611, 91, '2022-08-27 03:40:17', '2022-08-27 03:40:17'),
(612, 89, '2022-08-27 04:06:17', '2022-08-27 04:06:17'),
(613, 114, '2022-08-27 04:32:55', '2022-08-27 04:32:55'),
(614, 64, '2022-08-27 05:17:57', '2022-08-27 05:17:57'),
(615, 64, '2022-08-27 05:18:44', '2022-08-27 05:18:44'),
(616, 91, '2022-08-27 05:34:32', '2022-08-27 05:34:32'),
(617, 77, '2022-08-27 06:00:56', '2022-08-27 06:00:56'),
(618, 99, '2022-08-27 06:13:56', '2022-08-27 06:13:56'),
(619, 122, '2022-08-27 07:10:34', '2022-08-27 07:10:34'),
(620, 127, '2022-08-27 07:17:23', '2022-08-27 07:17:23'),
(621, 65, '2022-08-27 08:44:43', '2022-08-27 08:44:43'),
(622, 62, '2022-08-27 08:49:08', '2022-08-27 08:49:08'),
(623, 100, '2022-08-27 09:42:42', '2022-08-27 09:42:42'),
(624, 66, '2022-08-27 10:36:17', '2022-08-27 10:36:17'),
(625, 118, '2022-08-27 11:07:15', '2022-08-27 11:07:15'),
(626, 128, '2022-08-27 11:25:32', '2022-08-27 11:25:32'),
(627, 91, '2022-08-27 13:42:17', '2022-08-27 13:42:17'),
(628, 80, '2022-08-27 13:59:58', '2022-08-27 13:59:58'),
(629, 107, '2022-08-27 16:15:14', '2022-08-27 16:15:14'),
(630, 64, '2022-08-27 19:11:43', '2022-08-27 19:11:43'),
(631, 99, '2022-08-27 23:28:09', '2022-08-27 23:28:09'),
(632, 93, '2022-08-27 23:44:11', '2022-08-27 23:44:11'),
(633, 93, '2022-08-28 00:19:43', '2022-08-28 00:19:43'),
(634, 89, '2022-08-28 01:14:11', '2022-08-28 01:14:11'),
(635, 78, '2022-08-28 02:18:25', '2022-08-28 02:18:25'),
(636, 123, '2022-08-28 02:57:10', '2022-08-28 02:57:10'),
(637, 81, '2022-08-28 06:18:50', '2022-08-28 06:18:50'),
(638, 92, '2022-08-28 06:36:14', '2022-08-28 06:36:14'),
(639, 105, '2022-08-28 06:45:39', '2022-08-28 06:45:39'),
(640, 63, '2022-08-28 09:40:31', '2022-08-28 09:40:31'),
(641, 109, '2022-08-28 09:51:30', '2022-08-28 09:51:30'),
(642, 113, '2022-08-28 10:08:13', '2022-08-28 10:08:13'),
(643, 69, '2022-08-28 10:53:08', '2022-08-28 10:53:08'),
(644, 95, '2022-08-28 13:06:01', '2022-08-28 13:06:01'),
(645, 97, '2022-08-28 13:52:54', '2022-08-28 13:52:54'),
(646, 96, '2022-08-28 13:56:27', '2022-08-28 13:56:27'),
(647, 121, '2022-08-28 14:06:58', '2022-08-28 14:06:58'),
(648, 83, '2022-08-28 14:14:42', '2022-08-28 14:14:42'),
(649, 95, '2022-08-28 14:34:54', '2022-08-28 14:34:54'),
(650, 99, '2022-08-28 14:45:22', '2022-08-28 14:45:22'),
(651, 108, '2022-08-28 15:32:03', '2022-08-28 15:32:03'),
(652, 78, '2022-08-28 15:34:17', '2022-08-28 15:34:17'),
(653, 125, '2022-08-28 16:15:41', '2022-08-28 16:15:41'),
(654, 95, '2022-08-28 16:16:12', '2022-08-28 16:16:12'),
(655, 91, '2022-08-28 16:16:27', '2022-08-28 16:16:27'),
(656, 67, '2022-08-28 16:16:48', '2022-08-28 16:16:48'),
(657, 64, '2022-08-28 16:17:01', '2022-08-28 16:17:01'),
(658, 63, '2022-08-28 16:17:33', '2022-08-28 16:17:33'),
(659, 96, '2022-08-28 16:21:14', '2022-08-28 16:21:14'),
(660, 123, '2022-08-28 16:43:44', '2022-08-28 16:43:44'),
(661, 115, '2022-08-28 16:56:03', '2022-08-28 16:56:03'),
(662, 121, '2022-08-28 17:51:14', '2022-08-28 17:51:14'),
(663, 94, '2022-08-28 18:13:44', '2022-08-28 18:13:44'),
(664, 65, '2022-08-28 19:07:19', '2022-08-28 19:07:19'),
(665, 76, '2022-08-28 19:08:33', '2022-08-28 19:08:33'),
(666, 128, '2022-08-28 19:09:13', '2022-08-28 19:09:13'),
(667, 76, '2022-08-28 19:26:49', '2022-08-28 19:26:49'),
(668, 76, '2022-08-28 19:56:04', '2022-08-28 19:56:04'),
(669, 94, '2022-08-28 20:00:53', '2022-08-28 20:00:53'),
(670, 102, '2022-08-28 20:14:05', '2022-08-28 20:14:05'),
(671, 66, '2022-08-28 20:54:27', '2022-08-28 20:54:27'),
(672, 122, '2022-08-28 23:23:06', '2022-08-28 23:23:06'),
(673, 73, '2022-08-29 00:10:38', '2022-08-29 00:10:38'),
(674, 122, '2022-08-29 00:59:33', '2022-08-29 00:59:33'),
(675, 63, '2022-08-29 01:48:27', '2022-08-29 01:48:27'),
(676, 100, '2022-08-29 02:46:31', '2022-08-29 02:46:31'),
(677, 64, '2022-08-29 03:06:26', '2022-08-29 03:06:26'),
(678, 109, '2022-08-29 05:34:25', '2022-08-29 05:34:25'),
(679, 83, '2022-08-29 06:38:33', '2022-08-29 06:38:33'),
(680, 97, '2022-08-29 06:41:40', '2022-08-29 06:41:40'),
(681, 122, '2022-08-29 07:48:44', '2022-08-29 07:48:44'),
(682, 112, '2022-08-29 08:13:12', '2022-08-29 08:13:12'),
(683, 65, '2022-08-29 09:14:15', '2022-08-29 09:14:15'),
(684, 110, '2022-08-29 09:15:21', '2022-08-29 09:15:21'),
(685, 111, '2022-08-29 09:16:21', '2022-08-29 09:16:21'),
(686, 112, '2022-08-29 09:17:19', '2022-08-29 09:17:19'),
(687, 113, '2022-08-29 09:18:20', '2022-08-29 09:18:20'),
(688, 114, '2022-08-29 09:19:18', '2022-08-29 09:19:18'),
(689, 115, '2022-08-29 09:20:16', '2022-08-29 09:20:16'),
(690, 116, '2022-08-29 09:21:14', '2022-08-29 09:21:14'),
(691, 117, '2022-08-29 09:22:13', '2022-08-29 09:22:13'),
(692, 118, '2022-08-29 09:23:07', '2022-08-29 09:23:07'),
(693, 119, '2022-08-29 09:24:02', '2022-08-29 09:24:02'),
(694, 121, '2022-08-29 09:24:58', '2022-08-29 09:24:58'),
(695, 122, '2022-08-29 09:25:55', '2022-08-29 09:25:55'),
(696, 123, '2022-08-29 09:26:54', '2022-08-29 09:26:54'),
(697, 62, '2022-08-29 09:27:00', '2022-08-29 09:27:00'),
(698, 124, '2022-08-29 09:27:47', '2022-08-29 09:27:47'),
(699, 125, '2022-08-29 09:28:40', '2022-08-29 09:28:40'),
(700, 126, '2022-08-29 09:29:34', '2022-08-29 09:29:34'),
(701, 127, '2022-08-29 09:30:32', '2022-08-29 09:30:32'),
(702, 128, '2022-08-29 09:31:19', '2022-08-29 09:31:19'),
(703, 58, '2022-08-29 09:32:12', '2022-08-29 09:32:12'),
(704, 62, '2022-08-29 09:33:03', '2022-08-29 09:33:03'),
(705, 63, '2022-08-29 09:33:54', '2022-08-29 09:33:54'),
(706, 64, '2022-08-29 09:34:46', '2022-08-29 09:34:46'),
(707, 108, '2022-08-29 09:35:38', '2022-08-29 09:35:38'),
(708, 66, '2022-08-29 09:36:27', '2022-08-29 09:36:27'),
(709, 67, '2022-08-29 09:37:18', '2022-08-29 09:37:18'),
(710, 69, '2022-08-29 09:38:07', '2022-08-29 09:38:07'),
(711, 70, '2022-08-29 09:38:58', '2022-08-29 09:38:58'),
(712, 73, '2022-08-29 09:39:47', '2022-08-29 09:39:47'),
(713, 74, '2022-08-29 09:40:39', '2022-08-29 09:40:39'),
(714, 75, '2022-08-29 09:41:30', '2022-08-29 09:41:30'),
(715, 76, '2022-08-29 09:42:21', '2022-08-29 09:42:21'),
(716, 77, '2022-08-29 09:43:11', '2022-08-29 09:43:11'),
(717, 78, '2022-08-29 09:44:00', '2022-08-29 09:44:00'),
(718, 80, '2022-08-29 09:44:50', '2022-08-29 09:44:50'),
(719, 105, '2022-08-29 09:47:21', '2022-08-29 09:47:21'),
(720, 102, '2022-08-29 09:49:34', '2022-08-29 09:49:34'),
(721, 103, '2022-08-29 09:50:30', '2022-08-29 09:50:30'),
(722, 104, '2022-08-29 09:51:26', '2022-08-29 09:51:26'),
(723, 107, '2022-08-29 09:53:17', '2022-08-29 09:53:17'),
(724, 109, '2022-08-29 09:54:13', '2022-08-29 09:54:13'),
(725, 81, '2022-08-29 09:55:08', '2022-08-29 09:55:08'),
(726, 82, '2022-08-29 09:56:02', '2022-08-29 09:56:02'),
(727, 126, '2022-08-29 09:56:45', '2022-08-29 09:56:45'),
(728, 83, '2022-08-29 09:56:55', '2022-08-29 09:56:55'),
(729, 84, '2022-08-29 09:57:50', '2022-08-29 09:57:50'),
(730, 85, '2022-08-29 09:58:43', '2022-08-29 09:58:43'),
(731, 86, '2022-08-29 09:59:36', '2022-08-29 09:59:36'),
(732, 87, '2022-08-29 10:00:30', '2022-08-29 10:00:30'),
(733, 88, '2022-08-29 10:01:22', '2022-08-29 10:01:22'),
(734, 89, '2022-08-29 10:02:12', '2022-08-29 10:02:12'),
(735, 90, '2022-08-29 10:03:04', '2022-08-29 10:03:04'),
(736, 91, '2022-08-29 10:03:59', '2022-08-29 10:03:59'),
(737, 92, '2022-08-29 10:04:49', '2022-08-29 10:04:49'),
(738, 93, '2022-08-29 10:05:42', '2022-08-29 10:05:42'),
(739, 94, '2022-08-29 10:06:33', '2022-08-29 10:06:33'),
(740, 95, '2022-08-29 10:07:28', '2022-08-29 10:07:28'),
(741, 96, '2022-08-29 10:08:17', '2022-08-29 10:08:17'),
(742, 97, '2022-08-29 10:09:06', '2022-08-29 10:09:06'),
(743, 98, '2022-08-29 10:09:57', '2022-08-29 10:09:57'),
(744, 99, '2022-08-29 10:10:48', '2022-08-29 10:10:48'),
(745, 100, '2022-08-29 10:11:38', '2022-08-29 10:11:38'),
(746, 80, '2022-08-29 10:13:17', '2022-08-29 10:13:17'),
(747, 64, '2022-08-29 10:14:07', '2022-08-29 10:14:07'),
(748, 73, '2022-08-29 10:14:59', '2022-08-29 10:14:59'),
(749, 89, '2022-08-29 10:15:30', '2022-08-29 10:15:30'),
(750, 75, '2022-08-29 10:15:51', '2022-08-29 10:15:51'),
(751, 74, '2022-08-29 10:16:40', '2022-08-29 10:16:40'),
(752, 108, '2022-08-29 10:17:28', '2022-08-29 10:17:28'),
(753, 70, '2022-08-29 10:18:18', '2022-08-29 10:18:18'),
(754, 100, '2022-08-29 10:20:29', '2022-08-29 10:20:29'),
(755, 98, '2022-08-29 10:21:34', '2022-08-29 10:21:34'),
(756, 97, '2022-08-29 10:22:34', '2022-08-29 10:22:34'),
(757, 99, '2022-08-29 10:23:23', '2022-08-29 10:23:23'),
(758, 95, '2022-08-29 10:23:58', '2022-08-29 10:23:58'),
(759, 96, '2022-08-29 10:24:30', '2022-08-29 10:24:30'),
(760, 83, '2022-08-29 10:25:07', '2022-08-29 10:25:07'),
(761, 119, '2022-08-29 10:25:28', '2022-08-29 10:25:28'),
(762, 94, '2022-08-29 10:26:05', '2022-08-29 10:26:05'),
(763, 87, '2022-08-29 10:27:03', '2022-08-29 10:27:03'),
(764, 107, '2022-08-29 10:27:58', '2022-08-29 10:27:58'),
(765, 93, '2022-08-29 10:28:53', '2022-08-29 10:28:53'),
(766, 82, '2022-08-29 10:29:46', '2022-08-29 10:29:46'),
(767, 86, '2022-08-29 10:30:37', '2022-08-29 10:30:37'),
(768, 88, '2022-08-29 10:31:30', '2022-08-29 10:31:30'),
(769, 90, '2022-08-29 10:32:21', '2022-08-29 10:32:21'),
(770, 109, '2022-08-29 10:33:11', '2022-08-29 10:33:11'),
(771, 89, '2022-08-29 10:33:42', '2022-08-29 10:33:42'),
(772, 84, '2022-08-29 10:34:10', '2022-08-29 10:34:10'),
(773, 91, '2022-08-29 10:34:47', '2022-08-29 10:34:47'),
(774, 81, '2022-08-29 10:35:14', '2022-08-29 10:35:14'),
(775, 85, '2022-08-29 10:35:44', '2022-08-29 10:35:44'),
(776, 92, '2022-08-29 10:36:14', '2022-08-29 10:36:14'),
(777, 63, '2022-08-29 10:36:47', '2022-08-29 10:36:47'),
(778, 116, '2022-08-29 10:37:15', '2022-08-29 10:37:15'),
(779, 119, '2022-08-29 10:37:45', '2022-08-29 10:37:45'),
(780, 69, '2022-08-29 10:38:16', '2022-08-29 10:38:16'),
(781, 123, '2022-08-29 10:38:59', '2022-08-29 10:38:59'),
(782, 77, '2022-08-29 10:39:50', '2022-08-29 10:39:50'),
(783, 115, '2022-08-29 10:40:39', '2022-08-29 10:40:39'),
(784, 66, '2022-08-29 10:41:29', '2022-08-29 10:41:29'),
(785, 78, '2022-08-29 10:42:19', '2022-08-29 10:42:19'),
(786, 126, '2022-08-29 10:43:08', '2022-08-29 10:43:08'),
(787, 62, '2022-08-29 10:43:56', '2022-08-29 10:43:56'),
(788, 121, '2022-08-29 10:44:46', '2022-08-29 10:44:46'),
(789, 118, '2022-08-29 10:45:35', '2022-08-29 10:45:35'),
(790, 110, '2022-08-29 10:46:27', '2022-08-29 10:46:27'),
(791, 114, '2022-08-29 10:47:13', '2022-08-29 10:47:13'),
(792, 105, '2022-08-29 10:47:57', '2022-08-29 10:47:57'),
(793, 58, '2022-08-29 10:48:28', '2022-08-29 10:48:28'),
(794, 103, '2022-08-29 10:48:58', '2022-08-29 10:48:58'),
(795, 111, '2022-08-29 10:49:27', '2022-08-29 10:49:27'),
(796, 113, '2022-08-29 10:49:56', '2022-08-29 10:49:56'),
(797, 67, '2022-08-29 10:50:26', '2022-08-29 10:50:26'),
(798, 128, '2022-08-29 10:50:58', '2022-08-29 10:50:58'),
(799, 125, '2022-08-29 10:52:59', '2022-08-29 10:52:59'),
(800, 93, '2022-08-29 10:53:56', '2022-08-29 10:53:56'),
(801, 112, '2022-08-29 10:54:17', '2022-08-29 10:54:17'),
(802, 122, '2022-08-29 10:54:54', '2022-08-29 10:54:54'),
(803, 124, '2022-08-29 10:55:37', '2022-08-29 10:55:37'),
(804, 104, '2022-08-29 10:56:19', '2022-08-29 10:56:19'),
(805, 117, '2022-08-29 10:56:52', '2022-08-29 10:56:52'),
(806, 127, '2022-08-29 10:57:24', '2022-08-29 10:57:24'),
(807, 102, '2022-08-29 10:57:58', '2022-08-29 10:57:58'),
(808, 76, '2022-08-29 10:58:29', '2022-08-29 10:58:29'),
(809, 65, '2022-08-29 10:59:20', '2022-08-29 10:59:20'),
(810, 100, '2022-08-29 11:26:47', '2022-08-29 11:26:47'),
(811, 100, '2022-08-29 11:39:32', '2022-08-29 11:39:32'),
(812, 116, '2022-08-29 12:16:11', '2022-08-29 12:16:11'),
(813, 96, '2022-08-29 12:46:18', '2022-08-29 12:46:18'),
(814, 122, '2022-08-29 13:49:41', '2022-08-29 13:49:41'),
(815, 83, '2022-08-29 14:39:06', '2022-08-29 14:39:06'),
(816, 85, '2022-08-29 16:58:19', '2022-08-29 16:58:19'),
(817, 83, '2022-08-29 17:57:06', '2022-08-29 17:57:06'),
(818, 70, '2022-08-29 18:20:28', '2022-08-29 18:20:28'),
(819, 89, '2022-08-29 19:02:21', '2022-08-29 19:02:21'),
(820, 125, '2022-08-29 19:54:18', '2022-08-29 19:54:18'),
(821, 76, '2022-08-29 20:02:59', '2022-08-29 20:02:59'),
(822, 128, '2022-08-29 20:03:15', '2022-08-29 20:03:15'),
(823, 97, '2022-08-29 20:05:20', '2022-08-29 20:05:20'),
(824, 117, '2022-08-29 20:15:40', '2022-08-29 20:15:40'),
(825, 93, '2022-08-29 20:31:52', '2022-08-29 20:31:52'),
(826, 75, '2022-08-29 21:35:19', '2022-08-29 21:35:19'),
(827, 124, '2022-08-29 22:12:21', '2022-08-29 22:12:21'),
(828, 90, '2022-08-29 22:12:58', '2022-08-29 22:12:58'),
(829, 62, '2022-08-29 23:16:52', '2022-08-29 23:16:52'),
(830, 91, '2022-08-29 23:42:21', '2022-08-29 23:42:21'),
(831, 75, '2022-08-29 23:46:42', '2022-08-29 23:46:42'),
(832, 98, '2022-08-30 00:01:32', '2022-08-30 00:01:32'),
(833, 90, '2022-08-30 00:08:47', '2022-08-30 00:08:47'),
(834, 58, '2022-08-30 00:42:42', '2022-08-30 00:42:42'),
(835, 91, '2022-08-30 00:53:47', '2022-08-30 00:53:47'),
(836, 123, '2022-08-30 01:12:56', '2022-08-30 01:12:56'),
(837, 128, '2022-08-30 01:16:36', '2022-08-30 01:16:36'),
(838, 83, '2022-08-30 01:32:42', '2022-08-30 01:32:42'),
(839, 80, '2022-08-30 01:33:33', '2022-08-30 01:33:33'),
(840, 125, '2022-08-30 01:38:47', '2022-08-30 01:38:47'),
(841, 83, '2022-08-30 01:46:31', '2022-08-30 01:46:31'),
(842, 66, '2022-08-30 02:02:42', '2022-08-30 02:02:42'),
(843, 77, '2022-08-30 02:54:02', '2022-08-30 02:54:02'),
(844, 66, '2022-08-30 03:06:43', '2022-08-30 03:06:43'),
(845, 128, '2022-08-30 03:16:32', '2022-08-30 03:16:32'),
(846, 112, '2022-08-30 04:24:01', '2022-08-30 04:24:01'),
(847, 99, '2022-08-30 04:39:26', '2022-08-30 04:39:26'),
(848, 97, '2022-08-30 05:02:33', '2022-08-30 05:02:33'),
(849, 113, '2022-08-30 05:48:47', '2022-08-30 05:48:47'),
(850, 74, '2022-08-30 06:22:29', '2022-08-30 06:22:29'),
(851, 108, '2022-08-30 07:08:10', '2022-08-30 07:08:10'),
(852, 95, '2022-08-30 07:17:17', '2022-08-30 07:17:17'),
(853, 76, '2022-08-30 07:44:42', '2022-08-30 07:44:42'),
(854, 64, '2022-08-30 07:56:26', '2022-08-30 07:56:26'),
(855, 116, '2022-08-30 08:02:59', '2022-08-30 08:02:59'),
(856, 91, '2022-08-30 08:41:19', '2022-08-30 08:41:19'),
(857, 92, '2022-08-30 09:19:39', '2022-08-30 09:19:39'),
(858, 97, '2022-08-30 10:31:08', '2022-08-30 10:31:08'),
(859, 82, '2022-08-30 11:36:07', '2022-08-30 11:36:07'),
(860, 75, '2022-08-30 12:01:07', '2022-08-30 12:01:07'),
(861, 96, '2022-08-30 13:53:49', '2022-08-30 13:53:49'),
(862, 97, '2022-08-30 15:47:41', '2022-08-30 15:47:41'),
(863, 112, '2022-08-30 16:44:02', '2022-08-30 16:44:02'),
(864, 74, '2022-08-30 16:54:16', '2022-08-30 16:54:16'),
(865, 99, '2022-08-30 17:30:40', '2022-08-30 17:30:40'),
(866, 92, '2022-08-30 19:00:39', '2022-08-30 19:00:39'),
(867, 117, '2022-08-30 19:24:32', '2022-08-30 19:24:32'),
(868, 98, '2022-08-30 20:44:36', '2022-08-30 20:44:36'),
(869, 69, '2022-08-30 21:09:03', '2022-08-30 21:09:03'),
(870, 70, '2022-08-30 21:13:04', '2022-08-30 21:13:04'),
(871, 104, '2022-08-30 21:51:51', '2022-08-30 21:51:51'),
(872, 119, '2022-08-30 22:59:01', '2022-08-30 22:59:01'),
(873, 114, '2022-08-30 23:32:36', '2022-08-30 23:32:36'),
(874, 74, '2022-08-31 00:48:10', '2022-08-31 00:48:10'),
(875, 74, '2022-08-31 00:50:40', '2022-08-31 00:50:40'),
(876, 75, '2022-08-31 01:43:13', '2022-08-31 01:43:13'),
(877, 125, '2022-08-31 02:08:31', '2022-08-31 02:08:31'),
(878, 110, '2022-08-31 02:11:39', '2022-08-31 02:11:39'),
(879, 80, '2022-08-31 02:57:23', '2022-08-31 02:57:23'),
(880, 81, '2022-08-31 03:46:18', '2022-08-31 03:46:18'),
(881, 67, '2022-08-31 04:04:37', '2022-08-31 04:04:37'),
(882, 78, '2022-08-31 05:04:19', '2022-08-31 05:04:19'),
(883, 74, '2022-08-31 05:57:54', '2022-08-31 05:57:54'),
(884, 64, '2022-08-31 06:31:33', '2022-08-31 06:31:33'),
(885, 81, '2022-08-31 07:05:03', '2022-08-31 07:05:03'),
(886, 119, '2022-08-31 08:12:13', '2022-08-31 08:12:13'),
(887, 104, '2022-08-31 09:35:00', '2022-08-31 09:35:00'),
(888, 69, '2022-08-31 10:02:35', '2022-08-31 10:02:35'),
(889, 98, '2022-08-31 10:47:16', '2022-08-31 10:47:16'),
(890, 124, '2022-08-31 11:03:25', '2022-08-31 11:03:25'),
(891, 92, '2022-08-31 11:38:32', '2022-08-31 11:38:32'),
(892, 73, '2022-08-31 12:25:39', '2022-08-31 12:25:39'),
(893, 105, '2022-08-31 12:37:24', '2022-08-31 12:37:24'),
(894, 100, '2022-08-31 13:07:45', '2022-08-31 13:07:45'),
(895, 123, '2022-08-31 13:25:14', '2022-08-31 13:25:14'),
(896, 76, '2022-08-31 14:02:47', '2022-08-31 14:02:47'),
(897, 115, '2022-08-31 14:30:18', '2022-08-31 14:30:18'),
(898, 89, '2022-08-31 15:21:17', '2022-08-31 15:21:17'),
(899, 86, '2022-08-31 15:55:13', '2022-08-31 15:55:13'),
(900, 97, '2022-08-31 16:29:08', '2022-08-31 16:29:08'),
(901, 87, '2022-08-31 17:03:05', '2022-08-31 17:03:05'),
(902, 90, '2022-08-31 17:20:04', '2022-08-31 17:20:04');
INSERT INTO `publicacion_visita` (`id`, `publicacion_id`, `created_at`, `updated_at`) VALUES
(903, 70, '2022-08-31 17:58:53', '2022-08-31 17:58:53'),
(904, 84, '2022-08-31 18:11:21', '2022-08-31 18:11:21'),
(905, 85, '2022-08-31 18:11:29', '2022-08-31 18:11:29'),
(906, 128, '2022-08-31 18:37:42', '2022-08-31 18:37:42'),
(907, 90, '2022-08-31 18:52:08', '2022-08-31 18:52:08'),
(908, 90, '2022-08-31 18:52:15', '2022-08-31 18:52:15'),
(909, 90, '2022-08-31 18:52:17', '2022-08-31 18:52:17'),
(910, 97, '2022-08-31 18:55:36', '2022-08-31 18:55:36'),
(911, 110, '2022-08-31 18:55:42', '2022-08-31 18:55:42'),
(912, 90, '2022-08-31 18:55:47', '2022-08-31 18:55:47'),
(913, 87, '2022-08-31 19:16:31', '2022-08-31 19:16:31'),
(914, 122, '2022-08-31 19:36:33', '2022-08-31 19:36:33'),
(915, 86, '2022-08-31 19:55:20', '2022-08-31 19:55:20'),
(916, 76, '2022-08-31 20:34:09', '2022-08-31 20:34:09'),
(917, 98, '2022-08-31 20:53:23', '2022-08-31 20:53:23'),
(918, 107, '2022-08-31 23:02:52', '2022-08-31 23:02:52'),
(919, 74, '2022-09-01 02:41:31', '2022-09-01 02:41:31'),
(920, 113, '2022-09-01 04:42:07', '2022-09-01 04:42:07'),
(921, 82, '2022-09-01 06:06:31', '2022-09-01 06:06:31'),
(922, 70, '2022-09-01 06:14:01', '2022-09-01 06:14:01'),
(923, 66, '2022-09-01 06:32:55', '2022-09-01 06:32:55'),
(924, 88, '2022-09-01 07:44:53', '2022-09-01 07:44:53'),
(925, 77, '2022-09-01 07:51:48', '2022-09-01 07:51:48'),
(926, 111, '2022-09-01 07:58:48', '2022-09-01 07:58:48'),
(927, 102, '2022-09-01 08:02:56', '2022-09-01 08:02:56'),
(928, 65, '2022-09-01 09:20:39', '2022-09-01 09:20:39'),
(929, 91, '2022-09-01 11:13:07', '2022-09-01 11:13:07'),
(930, 70, '2022-09-01 12:51:42', '2022-09-01 12:51:42'),
(931, 128, '2022-09-01 13:45:15', '2022-09-01 13:45:15'),
(932, 85, '2022-09-01 14:20:20', '2022-09-01 14:20:20'),
(933, 124, '2022-09-01 14:20:21', '2022-09-01 14:20:21'),
(934, 88, '2022-09-01 14:20:21', '2022-09-01 14:20:21'),
(935, 108, '2022-09-01 14:20:22', '2022-09-01 14:20:22'),
(936, 74, '2022-09-01 14:20:22', '2022-09-01 14:20:22'),
(937, 111, '2022-09-01 14:20:23', '2022-09-01 14:20:23'),
(938, 80, '2022-09-01 14:33:48', '2022-09-01 14:33:48'),
(939, 69, '2022-09-01 14:52:26', '2022-09-01 14:52:26'),
(940, 62, '2022-09-01 16:29:46', '2022-09-01 16:29:46'),
(941, 127, '2022-09-01 16:40:58', '2022-09-01 16:40:58'),
(942, 128, '2022-09-01 17:04:56', '2022-09-01 17:04:56'),
(943, 78, '2022-09-01 17:15:50', '2022-09-01 17:15:50'),
(944, 105, '2022-09-01 17:53:30', '2022-09-01 17:53:30'),
(945, 80, '2022-09-01 17:56:49', '2022-09-01 17:56:49'),
(946, 88, '2022-09-01 20:51:45', '2022-09-01 20:51:45'),
(947, 74, '2022-09-01 21:21:03', '2022-09-01 21:21:03'),
(948, 124, '2022-09-01 21:58:55', '2022-09-01 21:58:55'),
(949, 107, '2022-09-01 22:47:00', '2022-09-01 22:47:00'),
(950, 99, '2022-09-01 23:06:05', '2022-09-01 23:06:05'),
(951, 92, '2022-09-01 23:29:19', '2022-09-01 23:29:19'),
(952, 92, '2022-09-01 23:31:21', '2022-09-01 23:31:21'),
(953, 91, '2022-09-01 23:54:41', '2022-09-01 23:54:41'),
(954, 83, '2022-09-02 00:17:35', '2022-09-02 00:17:35'),
(955, 114, '2022-09-02 02:05:37', '2022-09-02 02:05:37'),
(956, 90, '2022-09-02 02:57:06', '2022-09-02 02:57:06'),
(957, 77, '2022-09-02 03:00:04', '2022-09-02 03:00:04'),
(958, 77, '2022-09-02 03:00:52', '2022-09-02 03:00:52'),
(959, 114, '2022-09-02 03:01:44', '2022-09-02 03:01:44'),
(960, 86, '2022-09-02 07:23:15', '2022-09-02 07:23:15'),
(961, 66, '2022-09-02 08:30:11', '2022-09-02 08:30:11'),
(962, 74, '2022-09-02 09:08:06', '2022-09-02 09:08:06'),
(963, 81, '2022-09-02 09:41:40', '2022-09-02 09:41:40'),
(964, 119, '2022-09-02 10:35:14', '2022-09-02 10:35:14'),
(965, 103, '2022-09-02 11:46:18', '2022-09-02 11:46:18'),
(966, 118, '2022-09-02 12:02:47', '2022-09-02 12:02:47'),
(967, 74, '2022-09-02 18:05:23', '2022-09-02 18:05:23'),
(968, 92, '2022-09-02 18:15:28', '2022-09-02 18:15:28'),
(969, 69, '2022-09-02 18:48:07', '2022-09-02 18:48:07'),
(970, 81, '2022-09-02 19:25:33', '2022-09-02 19:25:33'),
(971, 80, '2022-09-02 19:32:43', '2022-09-02 19:32:43'),
(972, 97, '2022-09-02 20:12:37', '2022-09-02 20:12:37'),
(973, 109, '2022-09-02 20:18:54', '2022-09-02 20:18:54'),
(974, 108, '2022-09-02 20:49:12', '2022-09-02 20:49:12'),
(975, 100, '2022-09-02 21:25:33', '2022-09-02 21:25:33'),
(976, 80, '2022-09-02 23:15:34', '2022-09-02 23:15:34'),
(977, 80, '2022-09-02 23:16:05', '2022-09-02 23:16:05'),
(978, 80, '2022-09-02 23:17:02', '2022-09-02 23:17:02'),
(979, 97, '2022-09-03 00:25:15', '2022-09-03 00:25:15'),
(980, 86, '2022-09-03 00:49:42', '2022-09-03 00:49:42'),
(981, 81, '2022-09-03 02:56:26', '2022-09-03 02:56:26'),
(982, 102, '2022-09-03 03:17:21', '2022-09-03 03:17:21'),
(983, 85, '2022-09-03 03:39:30', '2022-09-03 03:39:30'),
(984, 104, '2022-09-03 03:55:14', '2022-09-03 03:55:14'),
(985, 84, '2022-09-03 04:15:50', '2022-09-03 04:15:50'),
(986, 121, '2022-09-03 04:26:15', '2022-09-03 04:26:15'),
(987, 64, '2022-09-03 06:34:17', '2022-09-03 06:34:17'),
(988, 81, '2022-09-03 11:32:50', '2022-09-03 11:32:50'),
(989, 114, '2022-09-03 12:29:20', '2022-09-03 12:29:20'),
(990, 112, '2022-09-03 12:59:58', '2022-09-03 12:59:58'),
(991, 93, '2022-09-03 13:05:00', '2022-09-03 13:05:00'),
(992, 119, '2022-09-03 14:13:46', '2022-09-03 14:13:46'),
(993, 76, '2022-09-03 14:20:11', '2022-09-03 14:20:11'),
(994, 65, '2022-09-03 15:56:08', '2022-09-03 15:56:08'),
(995, 112, '2022-09-03 21:44:01', '2022-09-03 21:44:01'),
(996, 90, '2022-09-03 23:14:01', '2022-09-03 23:14:01'),
(997, 99, '2022-09-04 00:01:21', '2022-09-04 00:01:21'),
(998, 83, '2022-09-04 00:14:01', '2022-09-04 00:14:01'),
(999, 75, '2022-09-04 01:13:12', '2022-09-04 01:13:12'),
(1000, 63, '2022-09-04 09:10:50', '2022-09-04 09:10:50'),
(1001, 88, '2022-09-04 09:44:22', '2022-09-04 09:44:22'),
(1002, 100, '2022-09-04 10:03:59', '2022-09-04 10:03:59'),
(1003, 86, '2022-09-04 16:24:08', '2022-09-04 16:24:08'),
(1004, 116, '2022-09-04 17:00:01', '2022-09-04 17:00:01'),
(1005, 126, '2022-09-04 19:44:50', '2022-09-04 19:44:50'),
(1006, 74, '2022-09-04 22:26:29', '2022-09-04 22:26:29'),
(1007, 124, '2022-09-04 22:50:57', '2022-09-04 22:50:57'),
(1008, 128, '2022-09-05 00:33:26', '2022-09-05 00:33:26'),
(1009, 97, '2022-09-05 01:27:00', '2022-09-05 01:27:00'),
(1010, 117, '2022-09-05 04:04:06', '2022-09-05 04:04:06'),
(1011, 125, '2022-09-05 04:09:41', '2022-09-05 04:09:41'),
(1012, 95, '2022-09-05 10:34:05', '2022-09-05 10:34:05'),
(1013, 86, '2022-09-05 11:01:55', '2022-09-05 11:01:55'),
(1014, 70, '2022-09-05 11:55:29', '2022-09-05 11:55:29'),
(1015, 87, '2022-09-05 12:29:04', '2022-09-05 12:29:04'),
(1016, 74, '2022-09-05 15:17:22', '2022-09-05 15:17:22'),
(1017, 64, '2022-09-05 16:02:19', '2022-09-05 16:02:19'),
(1018, 87, '2022-09-05 17:13:37', '2022-09-05 17:13:37'),
(1019, 98, '2022-09-05 19:57:31', '2022-09-05 19:57:31'),
(1020, 94, '2022-09-05 22:03:24', '2022-09-05 22:03:24'),
(1021, 73, '2022-09-05 22:09:03', '2022-09-05 22:09:03'),
(1022, 92, '2022-09-06 01:20:57', '2022-09-06 01:20:57'),
(1023, 97, '2022-09-06 04:42:37', '2022-09-06 04:42:37'),
(1024, 127, '2022-09-06 04:56:37', '2022-09-06 04:56:37'),
(1025, 85, '2022-09-06 04:56:38', '2022-09-06 04:56:38'),
(1026, 124, '2022-09-06 04:56:40', '2022-09-06 04:56:40'),
(1027, 74, '2022-09-06 04:56:41', '2022-09-06 04:56:41'),
(1028, 114, '2022-09-06 04:56:43', '2022-09-06 04:56:43'),
(1029, 108, '2022-09-06 04:56:44', '2022-09-06 04:56:44'),
(1030, 124, '2022-09-06 04:57:35', '2022-09-06 04:57:35'),
(1031, 127, '2022-09-06 08:40:42', '2022-09-06 08:40:42'),
(1032, 82, '2022-09-06 09:05:56', '2022-09-06 09:05:56'),
(1033, 76, '2022-09-06 09:12:24', '2022-09-06 09:12:24'),
(1034, 112, '2022-09-06 09:22:47', '2022-09-06 09:22:47'),
(1035, 81, '2022-09-06 10:07:51', '2022-09-06 10:07:51'),
(1036, 119, '2022-09-06 10:56:46', '2022-09-06 10:56:46'),
(1037, 104, '2022-09-06 11:45:41', '2022-09-06 11:45:41'),
(1038, 119, '2022-09-06 12:10:08', '2022-09-06 12:10:08'),
(1039, 69, '2022-09-06 13:03:42', '2022-09-06 13:03:42'),
(1040, 123, '2022-09-06 17:23:53', '2022-09-06 17:23:53'),
(1041, 115, '2022-09-06 23:46:59', '2022-09-06 23:46:59'),
(1042, 62, '2022-09-06 23:51:56', '2022-09-06 23:51:56'),
(1043, 74, '2022-09-07 01:57:17', '2022-09-07 01:57:17'),
(1044, 112, '2022-09-07 08:25:05', '2022-09-07 08:25:05'),
(1045, 128, '2022-09-07 08:30:09', '2022-09-07 08:30:09'),
(1046, 124, '2022-09-07 08:30:52', '2022-09-07 08:30:52'),
(1047, 111, '2022-09-07 08:35:08', '2022-09-07 08:35:08'),
(1048, 67, '2022-09-07 08:45:08', '2022-09-07 08:45:08'),
(1049, 86, '2022-09-07 11:24:59', '2022-09-07 11:24:59'),
(1050, 66, '2022-09-07 12:03:13', '2022-09-07 12:03:13'),
(1051, 107, '2022-09-07 13:05:52', '2022-09-07 13:05:52'),
(1052, 122, '2022-09-07 13:11:02', '2022-09-07 13:11:02'),
(1053, 97, '2022-09-07 13:54:39', '2022-09-07 13:54:39'),
(1054, 88, '2022-09-07 15:21:48', '2022-09-07 15:21:48'),
(1055, 128, '2022-09-07 16:15:23', '2022-09-07 16:15:23'),
(1056, 70, '2022-09-07 16:48:57', '2022-09-07 16:48:57'),
(1057, 87, '2022-09-07 17:56:07', '2022-09-07 17:56:07'),
(1058, 98, '2022-09-07 19:03:17', '2022-09-07 19:03:17'),
(1059, 92, '2022-09-07 20:10:27', '2022-09-07 20:10:27'),
(1060, 87, '2022-09-07 21:17:36', '2022-09-07 21:17:36'),
(1061, 86, '2022-09-07 22:15:39', '2022-09-07 22:15:39'),
(1062, 70, '2022-09-07 23:04:34', '2022-09-07 23:04:34'),
(1063, 128, '2022-09-08 00:17:56', '2022-09-08 00:17:56'),
(1064, 92, '2022-09-08 02:58:39', '2022-09-08 02:58:39'),
(1065, 90, '2022-09-08 03:29:57', '2022-09-08 03:29:57'),
(1066, 97, '2022-09-08 03:59:57', '2022-09-08 03:59:57'),
(1067, 83, '2022-09-08 07:30:10', '2022-09-08 07:30:10'),
(1068, 127, '2022-09-08 11:23:42', '2022-09-08 11:23:42'),
(1069, 70, '2022-09-08 11:26:58', '2022-09-08 11:26:58'),
(1070, 97, '2022-09-08 11:31:58', '2022-09-08 11:31:58'),
(1071, 89, '2022-09-08 11:36:59', '2022-09-08 11:36:59'),
(1072, 127, '2022-09-08 11:41:57', '2022-09-08 11:41:57'),
(1073, 92, '2022-09-08 11:46:58', '2022-09-08 11:46:58'),
(1074, 58, '2022-09-08 11:56:58', '2022-09-08 11:56:58'),
(1075, 88, '2022-09-08 12:02:02', '2022-09-08 12:02:02'),
(1076, 85, '2022-09-08 12:06:59', '2022-09-08 12:06:59'),
(1077, 102, '2022-09-08 12:11:59', '2022-09-08 12:11:59'),
(1078, 103, '2022-09-08 12:16:57', '2022-09-08 12:16:57'),
(1079, 81, '2022-09-08 12:33:56', '2022-09-08 12:33:56'),
(1080, 112, '2022-09-08 17:52:52', '2022-09-08 17:52:52'),
(1081, 121, '2022-09-08 18:36:51', '2022-09-08 18:36:51'),
(1082, 119, '2022-09-08 22:43:00', '2022-09-08 22:43:00'),
(1083, 104, '2022-09-09 00:07:28', '2022-09-09 00:07:28'),
(1084, 62, '2022-09-09 01:48:09', '2022-09-09 01:48:09'),
(1085, 93, '2022-09-09 01:48:40', '2022-09-09 01:48:40'),
(1086, 74, '2022-09-09 05:07:47', '2022-09-09 05:07:47'),
(1087, 84, '2022-09-09 05:42:51', '2022-09-09 05:42:51'),
(1088, 69, '2022-09-09 05:54:33', '2022-09-09 05:54:33'),
(1089, 78, '2022-09-09 06:06:04', '2022-09-09 06:06:04'),
(1090, 64, '2022-09-09 06:16:26', '2022-09-09 06:16:26'),
(1091, 96, '2022-09-09 06:27:01', '2022-09-09 06:27:01'),
(1092, 74, '2022-09-09 06:37:34', '2022-09-09 06:37:34'),
(1093, 113, '2022-09-09 07:08:24', '2022-09-09 07:08:24'),
(1094, 69, '2022-09-09 07:22:47', '2022-09-09 07:22:47'),
(1095, 91, '2022-09-09 07:56:40', '2022-09-09 07:56:40'),
(1096, 75, '2022-09-09 07:56:43', '2022-09-09 07:56:43'),
(1097, 126, '2022-09-09 07:57:36', '2022-09-09 07:57:36'),
(1098, 124, '2022-09-09 10:22:47', '2022-09-09 10:22:47'),
(1099, 86, '2022-09-09 13:54:29', '2022-09-09 13:54:29'),
(1100, 76, '2022-09-09 14:42:01', '2022-09-09 14:42:01'),
(1101, 81, '2022-09-09 15:21:12', '2022-09-09 15:21:12'),
(1102, 114, '2022-09-09 15:36:48', '2022-09-09 15:36:48'),
(1103, 99, '2022-09-09 15:43:08', '2022-09-09 15:43:08'),
(1104, 119, '2022-09-09 16:06:01', '2022-09-09 16:06:01'),
(1105, 109, '2022-09-09 16:14:31', '2022-09-09 16:14:31'),
(1106, 97, '2022-09-09 16:27:28', '2022-09-09 16:27:28'),
(1107, 98, '2022-09-09 18:09:37', '2022-09-09 18:09:37'),
(1108, 88, '2022-09-09 19:03:08', '2022-09-09 19:03:08'),
(1109, 108, '2022-09-09 19:46:48', '2022-09-09 19:46:48'),
(1110, 128, '2022-09-09 20:33:08', '2022-09-09 20:33:08'),
(1111, 121, '2022-09-09 20:55:00', '2022-09-09 20:55:00'),
(1112, 128, '2022-09-09 21:12:05', '2022-09-09 21:12:05'),
(1113, 70, '2022-09-09 22:03:08', '2022-09-09 22:03:08'),
(1114, 87, '2022-09-09 23:30:50', '2022-09-09 23:30:50'),
(1115, 98, '2022-09-09 23:47:38', '2022-09-09 23:47:38'),
(1116, 92, '2022-09-10 00:21:12', '2022-09-10 00:21:12'),
(1117, 87, '2022-09-10 00:51:03', '2022-09-10 00:51:03'),
(1118, 63, '2022-09-10 02:42:11', '2022-09-10 02:42:11'),
(1119, 114, '2022-09-10 03:30:02', '2022-09-10 03:30:02'),
(1120, 81, '2022-09-10 03:30:13', '2022-09-10 03:30:13'),
(1121, 114, '2022-09-10 03:30:20', '2022-09-10 03:30:20'),
(1122, 70, '2022-09-10 03:38:58', '2022-09-10 03:38:58'),
(1123, 104, '2022-09-10 04:59:35', '2022-09-10 04:59:35'),
(1124, 125, '2022-09-10 05:41:30', '2022-09-10 05:41:30'),
(1125, 118, '2022-09-10 09:23:39', '2022-09-10 09:23:39'),
(1126, 92, '2022-09-10 09:35:57', '2022-09-10 09:35:57'),
(1127, 128, '2022-09-10 10:29:57', '2022-09-10 10:29:57'),
(1128, 69, '2022-09-10 12:35:57', '2022-09-10 12:35:57'),
(1129, 127, '2022-09-10 14:01:07', '2022-09-10 14:01:07'),
(1130, 80, '2022-09-10 14:13:09', '2022-09-10 14:13:09'),
(1131, 119, '2022-09-10 15:08:17', '2022-09-10 15:08:17'),
(1132, 110, '2022-09-10 15:47:24', '2022-09-10 15:47:24'),
(1133, 86, '2022-09-10 15:57:12', '2022-09-10 15:57:12'),
(1134, 93, '2022-09-10 15:58:44', '2022-09-10 15:58:44'),
(1135, 76, '2022-09-10 16:04:20', '2022-09-10 16:04:20'),
(1136, 126, '2022-09-10 16:10:06', '2022-09-10 16:10:06'),
(1137, 119, '2022-09-10 23:07:10', '2022-09-10 23:07:10'),
(1138, 105, '2022-09-10 23:22:59', '2022-09-10 23:22:59'),
(1139, 77, '2022-09-11 00:30:24', '2022-09-11 00:30:24'),
(1140, 100, '2022-09-11 00:56:17', '2022-09-11 00:56:17'),
(1141, 104, '2022-09-11 01:48:30', '2022-09-11 01:48:30'),
(1142, 97, '2022-09-11 06:08:57', '2022-09-11 06:08:57'),
(1143, 90, '2022-09-11 06:39:55', '2022-09-11 06:39:55'),
(1144, 90, '2022-09-11 07:08:57', '2022-09-11 07:08:57'),
(1145, 87, '2022-09-11 08:21:29', '2022-09-11 08:21:29'),
(1146, 98, '2022-09-11 08:36:29', '2022-09-11 08:36:29'),
(1147, 74, '2022-09-11 10:01:12', '2022-09-11 10:01:12'),
(1148, 108, '2022-09-11 10:44:37', '2022-09-11 10:44:37'),
(1149, 128, '2022-09-11 11:11:00', '2022-09-11 11:11:00'),
(1150, 127, '2022-09-11 11:37:30', '2022-09-11 11:37:30'),
(1151, 83, '2022-09-11 14:54:21', '2022-09-11 14:54:21'),
(1152, 124, '2022-09-11 16:21:51', '2022-09-11 16:21:51'),
(1153, 86, '2022-09-11 16:45:37', '2022-09-11 16:45:37'),
(1154, 75, '2022-09-11 17:16:21', '2022-09-11 17:16:21'),
(1155, 91, '2022-09-11 19:48:34', '2022-09-11 19:48:34'),
(1156, 73, '2022-09-11 19:53:58', '2022-09-11 19:53:58'),
(1157, 116, '2022-09-11 20:04:49', '2022-09-11 20:04:49'),
(1158, 95, '2022-09-11 20:10:14', '2022-09-11 20:10:14'),
(1159, 97, '2022-09-11 20:30:38', '2022-09-11 20:30:38'),
(1160, 88, '2022-09-11 21:24:11', '2022-09-11 21:24:11'),
(1161, 98, '2022-09-11 22:17:45', '2022-09-11 22:17:45'),
(1162, 58, '2022-09-11 23:02:00', '2022-09-11 23:02:00'),
(1163, 73, '2022-09-11 23:02:08', '2022-09-11 23:02:08'),
(1164, 94, '2022-09-11 23:02:13', '2022-09-11 23:02:13'),
(1165, 99, '2022-09-11 23:02:22', '2022-09-11 23:02:22'),
(1166, 103, '2022-09-11 23:02:26', '2022-09-11 23:02:26'),
(1167, 108, '2022-09-11 23:02:43', '2022-09-11 23:02:43'),
(1168, 111, '2022-09-11 23:03:04', '2022-09-11 23:03:04'),
(1169, 118, '2022-09-11 23:03:16', '2022-09-11 23:03:16'),
(1170, 121, '2022-09-11 23:03:25', '2022-09-11 23:03:25'),
(1171, 62, '2022-09-11 23:03:33', '2022-09-11 23:03:33'),
(1172, 66, '2022-09-11 23:03:46', '2022-09-11 23:03:46'),
(1173, 78, '2022-09-11 23:04:00', '2022-09-11 23:04:00'),
(1174, 93, '2022-09-11 23:04:10', '2022-09-11 23:04:10'),
(1175, 96, '2022-09-11 23:04:25', '2022-09-11 23:04:25'),
(1176, 100, '2022-09-11 23:04:34', '2022-09-11 23:04:34'),
(1177, 105, '2022-09-11 23:04:44', '2022-09-11 23:04:44'),
(1178, 122, '2022-09-11 23:04:48', '2022-09-11 23:04:48'),
(1179, 123, '2022-09-11 23:04:58', '2022-09-11 23:04:58'),
(1180, 74, '2022-09-11 23:05:05', '2022-09-11 23:05:05'),
(1181, 80, '2022-09-11 23:05:13', '2022-09-11 23:05:13'),
(1182, 69, '2022-09-11 23:05:20', '2022-09-11 23:05:20'),
(1183, 92, '2022-09-11 23:05:23', '2022-09-11 23:05:23'),
(1184, 98, '2022-09-11 23:05:30', '2022-09-11 23:05:30'),
(1185, 104, '2022-09-11 23:05:40', '2022-09-11 23:05:40'),
(1186, 109, '2022-09-11 23:05:51', '2022-09-11 23:05:51'),
(1187, 119, '2022-09-11 23:06:01', '2022-09-11 23:06:01'),
(1188, 124, '2022-09-11 23:06:12', '2022-09-11 23:06:12'),
(1189, 63, '2022-09-11 23:06:30', '2022-09-11 23:06:30'),
(1190, 64, '2022-09-11 23:06:34', '2022-09-11 23:06:34'),
(1191, 67, '2022-09-11 23:06:44', '2022-09-11 23:06:44'),
(1192, 91, '2022-09-11 23:06:49', '2022-09-11 23:06:49'),
(1193, 95, '2022-09-11 23:06:54', '2022-09-11 23:06:54'),
(1194, 125, '2022-09-11 23:07:01', '2022-09-11 23:07:01'),
(1195, 65, '2022-09-11 23:07:05', '2022-09-11 23:07:05'),
(1196, 89, '2022-09-11 23:07:18', '2022-09-11 23:07:18'),
(1197, 107, '2022-09-11 23:07:26', '2022-09-11 23:07:26'),
(1198, 112, '2022-09-11 23:07:35', '2022-09-11 23:07:35'),
(1199, 113, '2022-09-11 23:07:45', '2022-09-11 23:07:45'),
(1200, 115, '2022-09-11 23:08:01', '2022-09-11 23:08:01'),
(1201, 90, '2022-09-11 23:08:21', '2022-09-11 23:08:21'),
(1202, 97, '2022-09-11 23:08:36', '2022-09-11 23:08:36'),
(1203, 110, '2022-09-11 23:08:46', '2022-09-11 23:08:46'),
(1204, 70, '2022-09-11 23:08:56', '2022-09-11 23:08:56'),
(1205, 86, '2022-09-11 23:09:04', '2022-09-11 23:09:04'),
(1206, 87, '2022-09-11 23:09:14', '2022-09-11 23:09:14'),
(1207, 88, '2022-09-11 23:09:27', '2022-09-11 23:09:27'),
(1208, 75, '2022-09-11 23:09:38', '2022-09-11 23:09:38'),
(1209, 77, '2022-09-11 23:09:48', '2022-09-11 23:09:48'),
(1210, 84, '2022-09-11 23:09:58', '2022-09-11 23:09:58'),
(1211, 85, '2022-09-11 23:10:08', '2022-09-11 23:10:08'),
(1212, 127, '2022-09-11 23:10:20', '2022-09-11 23:10:20'),
(1213, 81, '2022-09-11 23:10:34', '2022-09-11 23:10:34'),
(1214, 114, '2022-09-11 23:10:44', '2022-09-11 23:10:44'),
(1215, 102, '2022-09-11 23:10:55', '2022-09-11 23:10:55'),
(1216, 116, '2022-09-11 23:10:59', '2022-09-11 23:10:59'),
(1217, 117, '2022-09-11 23:11:09', '2022-09-11 23:11:09'),
(1218, 126, '2022-09-11 23:11:17', '2022-09-11 23:11:17'),
(1219, 76, '2022-09-11 23:11:26', '2022-09-11 23:11:26'),
(1220, 76, '2022-09-11 23:11:34', '2022-09-11 23:11:34'),
(1221, 128, '2022-09-11 23:11:39', '2022-09-11 23:11:39'),
(1222, 82, '2022-09-11 23:11:56', '2022-09-11 23:11:56'),
(1223, 83, '2022-09-11 23:12:07', '2022-09-11 23:12:07'),
(1224, 58, '2022-09-11 23:12:30', '2022-09-11 23:12:30'),
(1225, 73, '2022-09-11 23:12:42', '2022-09-11 23:12:42'),
(1226, 94, '2022-09-11 23:13:57', '2022-09-11 23:13:57'),
(1227, 99, '2022-09-11 23:14:07', '2022-09-11 23:14:07'),
(1228, 103, '2022-09-11 23:14:24', '2022-09-11 23:14:24'),
(1229, 108, '2022-09-11 23:14:37', '2022-09-11 23:14:37'),
(1230, 111, '2022-09-11 23:14:46', '2022-09-11 23:14:46'),
(1231, 118, '2022-09-11 23:14:50', '2022-09-11 23:14:50'),
(1232, 121, '2022-09-11 23:15:03', '2022-09-11 23:15:03'),
(1233, 62, '2022-09-11 23:15:17', '2022-09-11 23:15:17'),
(1234, 66, '2022-09-11 23:15:28', '2022-09-11 23:15:28'),
(1235, 78, '2022-09-11 23:15:42', '2022-09-11 23:15:42'),
(1236, 93, '2022-09-11 23:15:53', '2022-09-11 23:15:53'),
(1237, 96, '2022-09-11 23:16:04', '2022-09-11 23:16:04'),
(1238, 100, '2022-09-11 23:16:18', '2022-09-11 23:16:18'),
(1239, 105, '2022-09-11 23:16:30', '2022-09-11 23:16:30'),
(1240, 122, '2022-09-11 23:16:39', '2022-09-11 23:16:39'),
(1241, 123, '2022-09-11 23:17:07', '2022-09-11 23:17:07'),
(1242, 74, '2022-09-11 23:17:19', '2022-09-11 23:17:19'),
(1243, 80, '2022-09-11 23:17:35', '2022-09-11 23:17:35'),
(1244, 69, '2022-09-11 23:17:48', '2022-09-11 23:17:48'),
(1245, 92, '2022-09-11 23:17:59', '2022-09-11 23:17:59'),
(1246, 98, '2022-09-11 23:18:10', '2022-09-11 23:18:10'),
(1247, 104, '2022-09-11 23:18:22', '2022-09-11 23:18:22'),
(1248, 109, '2022-09-11 23:18:35', '2022-09-11 23:18:35'),
(1249, 119, '2022-09-11 23:18:46', '2022-09-11 23:18:46'),
(1250, 124, '2022-09-11 23:18:58', '2022-09-11 23:18:58'),
(1251, 63, '2022-09-11 23:19:10', '2022-09-11 23:19:10'),
(1252, 64, '2022-09-11 23:19:23', '2022-09-11 23:19:23'),
(1253, 67, '2022-09-11 23:19:38', '2022-09-11 23:19:38'),
(1254, 91, '2022-09-11 23:19:49', '2022-09-11 23:19:49'),
(1255, 95, '2022-09-11 23:20:02', '2022-09-11 23:20:02'),
(1256, 125, '2022-09-11 23:20:13', '2022-09-11 23:20:13'),
(1257, 65, '2022-09-11 23:20:24', '2022-09-11 23:20:24'),
(1258, 89, '2022-09-11 23:20:34', '2022-09-11 23:20:34'),
(1259, 107, '2022-09-11 23:20:45', '2022-09-11 23:20:45'),
(1260, 112, '2022-09-11 23:20:55', '2022-09-11 23:20:55'),
(1261, 113, '2022-09-11 23:21:07', '2022-09-11 23:21:07'),
(1262, 115, '2022-09-11 23:21:42', '2022-09-11 23:21:42'),
(1263, 90, '2022-09-11 23:21:53', '2022-09-11 23:21:53'),
(1264, 97, '2022-09-11 23:22:05', '2022-09-11 23:22:05'),
(1265, 110, '2022-09-11 23:22:20', '2022-09-11 23:22:20'),
(1266, 70, '2022-09-11 23:22:23', '2022-09-11 23:22:23'),
(1267, 86, '2022-09-11 23:22:28', '2022-09-11 23:22:28'),
(1268, 87, '2022-09-11 23:22:36', '2022-09-11 23:22:36'),
(1269, 88, '2022-09-11 23:22:41', '2022-09-11 23:22:41'),
(1270, 75, '2022-09-11 23:22:53', '2022-09-11 23:22:53'),
(1271, 77, '2022-09-11 23:23:06', '2022-09-11 23:23:06'),
(1272, 84, '2022-09-11 23:23:17', '2022-09-11 23:23:17'),
(1273, 85, '2022-09-11 23:23:29', '2022-09-11 23:23:29'),
(1274, 127, '2022-09-11 23:23:41', '2022-09-11 23:23:41'),
(1275, 81, '2022-09-11 23:23:53', '2022-09-11 23:23:53'),
(1276, 114, '2022-09-11 23:24:03', '2022-09-11 23:24:03'),
(1277, 102, '2022-09-11 23:24:15', '2022-09-11 23:24:15'),
(1278, 116, '2022-09-11 23:24:24', '2022-09-11 23:24:24'),
(1279, 117, '2022-09-11 23:24:37', '2022-09-11 23:24:37'),
(1280, 126, '2022-09-11 23:24:46', '2022-09-11 23:24:46'),
(1281, 76, '2022-09-11 23:24:54', '2022-09-11 23:24:54'),
(1282, 128, '2022-09-11 23:24:59', '2022-09-11 23:24:59'),
(1283, 82, '2022-09-11 23:25:08', '2022-09-11 23:25:08'),
(1284, 83, '2022-09-11 23:25:19', '2022-09-11 23:25:19'),
(1285, 70, '2022-09-12 00:04:54', '2022-09-12 00:04:54'),
(1286, 98, '2022-09-12 01:32:03', '2022-09-12 01:32:03'),
(1287, 69, '2022-09-12 02:39:13', '2022-09-12 02:39:13'),
(1288, 92, '2022-09-12 03:24:13', '2022-09-12 03:24:13'),
(1289, 87, '2022-09-12 04:54:14', '2022-09-12 04:54:14'),
(1290, 128, '2022-09-12 11:50:37', '2022-09-12 11:50:37'),
(1291, 94, '2022-09-12 12:23:55', '2022-09-12 12:23:55'),
(1292, 65, '2022-09-12 13:55:28', '2022-09-12 13:55:28'),
(1293, 62, '2022-09-12 16:18:44', '2022-09-12 16:18:44'),
(1294, 115, '2022-09-12 17:49:33', '2022-09-12 17:49:33'),
(1295, 107, '2022-09-12 18:32:12', '2022-09-12 18:32:12'),
(1296, 67, '2022-09-12 19:39:45', '2022-09-12 19:39:45'),
(1297, 111, '2022-09-12 21:01:57', '2022-09-12 21:01:57'),
(1298, 63, '2022-09-12 21:04:13', '2022-09-12 21:04:13'),
(1299, 63, '2022-09-12 21:04:21', '2022-09-12 21:04:21'),
(1300, 77, '2022-09-12 21:05:14', '2022-09-12 21:05:14'),
(1301, 127, '2022-09-12 23:46:40', '2022-09-12 23:46:40'),
(1302, 123, '2022-09-13 06:37:56', '2022-09-13 06:37:56'),
(1303, 108, '2022-09-13 13:09:05', '2022-09-13 13:09:05'),
(1304, 88, '2022-09-13 16:52:08', '2022-09-13 16:52:08'),
(1305, 122, '2022-09-13 22:15:03', '2022-09-13 22:15:03'),
(1306, 96, '2022-09-14 02:06:24', '2022-09-14 02:06:24'),
(1307, 90, '2022-09-14 02:11:48', '2022-09-14 02:11:48'),
(1308, 70, '2022-09-14 03:54:46', '2022-09-14 03:54:46'),
(1309, 114, '2022-09-14 06:27:14', '2022-09-14 06:27:14'),
(1310, 81, '2022-09-14 10:09:33', '2022-09-14 10:09:33'),
(1311, 66, '2022-09-14 11:14:59', '2022-09-14 11:14:59'),
(1312, 92, '2022-09-14 12:29:00', '2022-09-14 12:29:00'),
(1313, 89, '2022-09-14 12:40:06', '2022-09-14 12:40:06'),
(1314, 84, '2022-09-14 13:07:06', '2022-09-14 13:07:06'),
(1315, 75, '2022-09-14 17:26:04', '2022-09-14 17:26:04'),
(1316, 75, '2022-09-14 17:26:20', '2022-09-14 17:26:20'),
(1317, 75, '2022-09-14 17:27:37', '2022-09-14 17:27:37'),
(1318, 75, '2022-09-14 17:30:06', '2022-09-14 17:30:06'),
(1319, 86, '2022-09-14 20:22:44', '2022-09-14 20:22:44'),
(1320, 64, '2022-09-14 20:39:20', '2022-09-14 20:39:20'),
(1321, 127, '2022-09-14 21:45:42', '2022-09-14 21:45:42'),
(1322, 107, '2022-09-15 00:40:32', '2022-09-15 00:40:32'),
(1323, 74, '2022-09-15 01:57:36', '2022-09-15 01:57:36'),
(1324, 104, '2022-09-15 02:51:11', '2022-09-15 02:51:11'),
(1325, 88, '2022-09-15 03:44:45', '2022-09-15 03:44:45'),
(1326, 78, '2022-09-15 04:39:02', '2022-09-15 04:39:02'),
(1327, 99, '2022-09-15 06:03:23', '2022-09-15 06:03:23'),
(1328, 85, '2022-09-15 06:14:11', '2022-09-15 06:14:11'),
(1329, 119, '2022-09-15 06:19:34', '2022-09-15 06:19:34'),
(1330, 108, '2022-09-15 06:24:58', '2022-09-15 06:24:58'),
(1331, 86, '2022-09-15 06:30:24', '2022-09-15 06:30:24'),
(1332, 97, '2022-09-15 06:35:48', '2022-09-15 06:35:48'),
(1333, 107, '2022-09-15 07:34:48', '2022-09-15 07:34:48'),
(1334, 92, '2022-09-15 08:28:14', '2022-09-15 08:28:14'),
(1335, 107, '2022-09-15 08:34:48', '2022-09-15 08:34:48'),
(1336, 121, '2022-09-15 13:58:19', '2022-09-15 13:58:19'),
(1337, 92, '2022-09-15 14:10:29', '2022-09-15 14:10:29'),
(1338, 92, '2022-09-15 14:50:22', '2022-09-15 14:50:22'),
(1339, 69, '2022-09-15 17:42:55', '2022-09-15 17:42:55'),
(1340, 92, '2022-09-15 17:44:17', '2022-09-15 17:44:17'),
(1341, 69, '2022-09-15 21:41:06', '2022-09-15 21:41:06'),
(1342, 110, '2022-09-15 23:05:36', '2022-09-15 23:05:36'),
(1343, 80, '2022-09-15 23:11:46', '2022-09-15 23:11:46'),
(1344, 118, '2022-09-16 01:39:17', '2022-09-16 01:39:17'),
(1345, 114, '2022-09-16 05:00:58', '2022-09-16 05:00:58'),
(1346, 126, '2022-09-16 07:53:02', '2022-09-16 07:53:02'),
(1347, 65, '2022-09-16 08:41:08', '2022-09-16 08:41:08'),
(1348, 65, '2022-09-16 08:43:00', '2022-09-16 08:43:00'),
(1349, 65, '2022-09-16 08:43:21', '2022-09-16 08:43:21'),
(1350, 73, '2022-09-16 08:45:44', '2022-09-16 08:45:44'),
(1351, 73, '2022-09-16 08:46:31', '2022-09-16 08:46:31'),
(1352, 73, '2022-09-16 08:46:42', '2022-09-16 08:46:42'),
(1353, 73, '2022-09-16 08:47:47', '2022-09-16 08:47:47'),
(1354, 73, '2022-09-16 08:48:34', '2022-09-16 08:48:34'),
(1355, 128, '2022-09-16 09:18:00', '2022-09-16 09:18:00'),
(1356, 114, '2022-09-16 10:07:49', '2022-09-16 10:07:49'),
(1357, 112, '2022-09-16 10:12:53', '2022-09-16 10:12:53'),
(1358, 76, '2022-09-16 10:17:55', '2022-09-16 10:17:55'),
(1359, 98, '2022-09-16 10:28:44', '2022-09-16 10:28:44'),
(1360, 76, '2022-09-16 12:03:02', '2022-09-16 12:03:02'),
(1361, 92, '2022-09-16 13:41:18', '2022-09-16 13:41:18'),
(1362, 117, '2022-09-16 18:12:18', '2022-09-16 18:12:18'),
(1363, 104, '2022-09-16 18:18:29', '2022-09-16 18:18:29'),
(1364, 77, '2022-09-16 18:35:59', '2022-09-16 18:35:59'),
(1365, 58, '2022-09-16 19:18:13', '2022-09-16 19:18:13'),
(1366, 93, '2022-09-16 23:19:24', '2022-09-16 23:19:24'),
(1367, 96, '2022-09-17 00:19:03', '2022-09-17 00:19:03'),
(1368, 105, '2022-09-17 01:16:41', '2022-09-17 01:16:41'),
(1369, 105, '2022-09-17 01:49:03', '2022-09-17 01:49:03'),
(1370, 82, '2022-09-17 02:13:07', '2022-09-17 02:13:07'),
(1371, 100, '2022-09-17 02:19:03', '2022-09-17 02:19:03'),
(1372, 96, '2022-09-17 03:19:03', '2022-09-17 03:19:03'),
(1373, 103, '2022-09-17 06:42:51', '2022-09-17 06:42:51'),
(1374, 63, '2022-09-17 10:05:57', '2022-09-17 10:05:57'),
(1375, 104, '2022-09-17 10:20:38', '2022-09-17 10:20:38'),
(1376, 65, '2022-09-17 14:08:54', '2022-09-17 14:08:54'),
(1377, 83, '2022-09-17 14:13:58', '2022-09-17 14:13:58'),
(1378, 95, '2022-09-17 14:24:06', '2022-09-17 14:24:06'),
(1379, 92, '2022-09-17 16:11:50', '2022-09-17 16:11:50'),
(1380, 86, '2022-09-17 21:59:36', '2022-09-17 21:59:36'),
(1381, 62, '2022-09-17 22:49:07', '2022-09-17 22:49:07'),
(1382, 62, '2022-09-17 23:46:39', '2022-09-17 23:46:39'),
(1383, 94, '2022-09-18 00:20:59', '2022-09-18 00:20:59'),
(1384, 94, '2022-09-18 00:21:14', '2022-09-18 00:21:14'),
(1385, 94, '2022-09-18 00:21:15', '2022-09-18 00:21:15'),
(1386, 127, '2022-09-18 01:35:53', '2022-09-18 01:35:53'),
(1387, 92, '2022-09-18 02:23:46', '2022-09-18 02:23:46'),
(1388, 85, '2022-09-18 03:05:53', '2022-09-18 03:05:53'),
(1389, 114, '2022-09-18 04:04:08', '2022-09-18 04:04:08'),
(1390, 85, '2022-09-18 04:04:13', '2022-09-18 04:04:13'),
(1391, 108, '2022-09-18 04:04:13', '2022-09-18 04:04:13'),
(1392, 74, '2022-09-18 04:04:14', '2022-09-18 04:04:14'),
(1393, 90, '2022-09-18 04:04:15', '2022-09-18 04:04:15'),
(1394, 94, '2022-09-18 06:06:37', '2022-09-18 06:06:37'),
(1395, 124, '2022-09-18 06:12:18', '2022-09-18 06:12:18'),
(1396, 113, '2022-09-18 06:36:40', '2022-09-18 06:36:40'),
(1397, 113, '2022-09-18 06:37:25', '2022-09-18 06:37:25'),
(1398, 125, '2022-09-18 07:12:54', '2022-09-18 07:12:54'),
(1399, 100, '2022-09-18 07:19:18', '2022-09-18 07:19:18'),
(1400, 74, '2022-09-18 07:31:11', '2022-09-18 07:31:11'),
(1401, 69, '2022-09-18 08:32:53', '2022-09-18 08:32:53'),
(1402, 93, '2022-09-18 13:15:24', '2022-09-18 13:15:24'),
(1403, 111, '2022-09-18 13:33:33', '2022-09-18 13:33:33'),
(1404, 126, '2022-09-18 13:51:31', '2022-09-18 13:51:31'),
(1405, 87, '2022-09-18 13:57:15', '2022-09-18 13:57:15'),
(1406, 102, '2022-09-18 16:11:20', '2022-09-18 16:11:20'),
(1407, 115, '2022-09-18 18:02:11', '2022-09-18 18:02:11'),
(1408, 105, '2022-09-18 18:22:18', '2022-09-18 18:22:18'),
(1409, 100, '2022-09-18 21:25:27', '2022-09-18 21:25:27'),
(1410, 69, '2022-09-18 22:19:00', '2022-09-18 22:19:00'),
(1411, 74, '2022-09-18 22:51:55', '2022-09-18 22:51:55'),
(1412, 128, '2022-09-19 00:32:40', '2022-09-19 00:32:40'),
(1413, 62, '2022-09-19 07:31:10', '2022-09-19 07:31:10'),
(1414, 107, '2022-09-19 09:23:59', '2022-09-19 09:23:59'),
(1415, 116, '2022-09-19 10:44:44', '2022-09-19 10:44:44'),
(1416, 107, '2022-09-19 11:41:49', '2022-09-19 11:41:49'),
(1417, 96, '2022-09-19 18:30:53', '2022-09-19 18:30:53'),
(1418, 98, '2022-09-19 18:36:57', '2022-09-19 18:36:57'),
(1419, 94, '2022-09-19 18:54:19', '2022-09-19 18:54:19'),
(1420, 109, '2022-09-19 18:56:56', '2022-09-19 18:56:56'),
(1421, 127, '2022-09-19 20:07:23', '2022-09-19 20:07:23'),
(1422, 73, '2022-09-19 22:04:50', '2022-09-19 22:04:50'),
(1423, 91, '2022-09-19 22:10:55', '2022-09-19 22:10:55'),
(1424, 81, '2022-09-19 23:38:41', '2022-09-19 23:38:41'),
(1425, 117, '2022-09-20 02:18:18', '2022-09-20 02:18:18'),
(1426, 116, '2022-09-20 02:39:12', '2022-09-20 02:39:12'),
(1427, 67, '2022-09-20 04:38:17', '2022-09-20 04:38:17'),
(1428, 66, '2022-09-20 06:34:20', '2022-09-20 06:34:20'),
(1429, 64, '2022-09-20 08:00:20', '2022-09-20 08:00:20'),
(1430, 116, '2022-09-20 11:46:47', '2022-09-20 11:46:47'),
(1431, 108, '2022-09-20 12:16:24', '2022-09-20 12:16:24'),
(1432, 116, '2022-09-20 12:28:40', '2022-09-20 12:28:40'),
(1433, 78, '2022-09-20 16:27:56', '2022-09-20 16:27:56'),
(1434, 66, '2022-09-20 16:28:07', '2022-09-20 16:28:07'),
(1435, 122, '2022-09-20 16:28:18', '2022-09-20 16:28:18'),
(1436, 74, '2022-09-20 17:22:02', '2022-09-20 17:22:02'),
(1437, 66, '2022-09-20 18:33:58', '2022-09-20 18:33:58'),
(1438, 62, '2022-09-20 18:46:25', '2022-09-20 18:46:25'),
(1439, 109, '2022-09-20 19:47:58', '2022-09-20 19:47:58'),
(1440, 96, '2022-09-20 20:18:54', '2022-09-20 20:18:54'),
(1441, 73, '2022-09-20 20:30:18', '2022-09-20 20:30:18'),
(1442, 91, '2022-09-20 20:40:49', '2022-09-20 20:40:49'),
(1443, 98, '2022-09-20 20:50:40', '2022-09-20 20:50:40'),
(1444, 127, '2022-09-20 21:10:53', '2022-09-20 21:10:53'),
(1445, 66, '2022-09-20 22:07:15', '2022-09-20 22:07:15'),
(1446, 67, '2022-09-20 22:17:54', '2022-09-20 22:17:54'),
(1447, 64, '2022-09-20 22:27:51', '2022-09-20 22:27:51'),
(1448, 108, '2022-09-20 23:16:00', '2022-09-20 23:16:00'),
(1449, 88, '2022-09-20 23:30:04', '2022-09-20 23:30:04'),
(1450, 70, '2022-09-21 00:14:09', '2022-09-21 00:14:09'),
(1451, 69, '2022-09-21 00:16:07', '2022-09-21 00:16:07'),
(1452, 69, '2022-09-21 00:16:47', '2022-09-21 00:16:47'),
(1453, 100, '2022-09-21 00:29:32', '2022-09-21 00:29:32'),
(1454, 75, '2022-09-21 00:32:12', '2022-09-21 00:32:12'),
(1455, 97, '2022-09-21 00:50:48', '2022-09-21 00:50:48'),
(1456, 85, '2022-09-21 02:48:59', '2022-09-21 02:48:59'),
(1457, 80, '2022-09-21 03:08:57', '2022-09-21 03:08:57'),
(1458, 83, '2022-09-21 06:05:59', '2022-09-21 06:05:59'),
(1459, 64, '2022-09-21 07:04:14', '2022-09-21 07:04:14'),
(1460, 85, '2022-09-21 07:04:18', '2022-09-21 07:04:18'),
(1461, 105, '2022-09-21 07:04:18', '2022-09-21 07:04:18'),
(1462, 90, '2022-09-21 07:04:23', '2022-09-21 07:04:23'),
(1463, 107, '2022-09-21 12:35:58', '2022-09-21 12:35:58'),
(1464, 104, '2022-09-21 12:45:53', '2022-09-21 12:45:53'),
(1465, 104, '2022-09-21 14:15:56', '2022-09-21 14:15:56'),
(1466, 119, '2022-09-21 14:21:04', '2022-09-21 14:21:04'),
(1467, 118, '2022-09-21 15:09:28', '2022-09-21 15:09:28'),
(1468, 107, '2022-09-21 16:35:59', '2022-09-21 16:35:59'),
(1469, 77, '2022-09-21 20:27:48', '2022-09-21 20:27:48'),
(1470, 89, '2022-09-21 20:45:35', '2022-09-21 20:45:35'),
(1471, 117, '2022-09-21 21:20:38', '2022-09-21 21:20:38'),
(1472, 76, '2022-09-22 00:52:56', '2022-09-22 00:52:56'),
(1473, 128, '2022-09-22 00:53:18', '2022-09-22 00:53:18'),
(1474, 121, '2022-09-22 01:24:47', '2022-09-22 01:24:47'),
(1475, 58, '2022-09-22 01:35:06', '2022-09-22 01:35:06'),
(1476, 58, '2022-09-22 01:35:17', '2022-09-22 01:35:17'),
(1477, 58, '2022-09-22 01:35:17', '2022-09-22 01:35:17'),
(1478, 58, '2022-09-22 01:36:08', '2022-09-22 01:36:08'),
(1479, 58, '2022-09-22 01:36:15', '2022-09-22 01:36:15'),
(1480, 58, '2022-09-22 01:36:26', '2022-09-22 01:36:26'),
(1481, 58, '2022-09-22 01:36:27', '2022-09-22 01:36:27'),
(1482, 58, '2022-09-22 01:40:14', '2022-09-22 01:40:14'),
(1483, 100, '2022-09-22 01:59:58', '2022-09-22 01:59:58'),
(1484, 100, '2022-09-22 02:00:07', '2022-09-22 02:00:07'),
(1485, 100, '2022-09-22 02:00:18', '2022-09-22 02:00:18'),
(1486, 100, '2022-09-22 02:00:19', '2022-09-22 02:00:19'),
(1487, 100, '2022-09-22 02:01:22', '2022-09-22 02:01:22'),
(1488, 100, '2022-09-22 02:01:23', '2022-09-22 02:01:23'),
(1489, 90, '2022-09-22 02:35:09', '2022-09-22 02:35:09'),
(1490, 76, '2022-09-22 04:03:24', '2022-09-22 04:03:24'),
(1491, 82, '2022-09-22 06:08:30', '2022-09-22 06:08:30'),
(1492, 128, '2022-09-22 06:15:38', '2022-09-22 06:15:38'),
(1493, 123, '2022-09-22 06:18:32', '2022-09-22 06:18:32'),
(1494, 105, '2022-09-22 11:39:13', '2022-09-22 11:39:13'),
(1495, 110, '2022-09-22 14:40:05', '2022-09-22 14:40:05'),
(1496, 103, '2022-09-22 14:45:46', '2022-09-22 14:45:46'),
(1497, 73, '2022-09-22 20:23:12', '2022-09-22 20:23:12'),
(1498, 80, '2022-09-22 20:23:37', '2022-09-22 20:23:37'),
(1499, 113, '2022-09-22 20:25:02', '2022-09-22 20:25:02'),
(1500, 99, '2022-09-22 23:57:37', '2022-09-22 23:57:37'),
(1501, 112, '2022-09-23 00:50:16', '2022-09-23 00:50:16'),
(1502, 114, '2022-09-23 07:28:21', '2022-09-23 07:28:21'),
(1503, 90, '2022-09-23 07:33:52', '2022-09-23 07:33:52'),
(1504, 58, '2022-09-23 07:33:59', '2022-09-23 07:33:59'),
(1505, 89, '2022-09-23 07:34:32', '2022-09-23 07:34:32'),
(1506, 125, '2022-09-23 08:04:09', '2022-09-23 08:04:09'),
(1507, 81, '2022-09-23 09:20:27', '2022-09-23 09:20:27'),
(1508, 118, '2022-09-23 10:14:51', '2022-09-23 10:14:51'),
(1509, 81, '2022-09-23 10:20:07', '2022-09-23 10:20:07'),
(1510, 94, '2022-09-23 10:25:23', '2022-09-23 10:25:23'),
(1511, 128, '2022-09-23 15:45:38', '2022-09-23 15:45:38'),
(1512, 111, '2022-09-23 17:18:29', '2022-09-23 17:18:29'),
(1513, 74, '2022-09-23 17:23:37', '2022-09-23 17:23:37'),
(1514, 115, '2022-09-23 18:08:45', '2022-09-23 18:08:45'),
(1515, 113, '2022-09-23 18:43:34', '2022-09-23 18:43:34'),
(1516, 93, '2022-09-23 21:20:58', '2022-09-23 21:20:58'),
(1517, 63, '2022-09-23 23:17:09', '2022-09-23 23:17:09'),
(1518, 126, '2022-09-24 09:41:07', '2022-09-24 09:41:07'),
(1519, 128, '2022-09-24 11:31:26', '2022-09-24 11:31:26'),
(1520, 69, '2022-09-24 11:39:40', '2022-09-24 11:39:40'),
(1521, 109, '2022-09-24 12:25:56', '2022-09-24 12:25:56'),
(1522, 126, '2022-09-24 14:04:02', '2022-09-24 14:04:02'),
(1523, 107, '2022-09-24 14:09:39', '2022-09-24 14:09:39'),
(1524, 62, '2022-09-24 14:15:15', '2022-09-24 14:15:15'),
(1525, 100, '2022-09-24 14:20:56', '2022-09-24 14:20:56'),
(1526, 122, '2022-09-24 14:26:33', '2022-09-24 14:26:33'),
(1527, 65, '2022-09-24 22:15:24', '2022-09-24 22:15:24'),
(1528, 104, '2022-09-24 22:53:47', '2022-09-24 22:53:47'),
(1529, 73, '2022-09-24 22:55:08', '2022-09-24 22:55:08'),
(1530, 109, '2022-09-24 22:59:32', '2022-09-24 22:59:32'),
(1531, 110, '2022-09-24 23:41:05', '2022-09-24 23:41:05'),
(1532, 97, '2022-09-24 23:42:14', '2022-09-24 23:42:14'),
(1533, 90, '2022-09-24 23:42:25', '2022-09-24 23:42:25'),
(1534, 97, '2022-09-24 23:42:37', '2022-09-24 23:42:37'),
(1535, 111, '2022-09-24 23:48:42', '2022-09-24 23:48:42'),
(1536, 97, '2022-09-24 23:50:41', '2022-09-24 23:50:41'),
(1537, 90, '2022-09-24 23:50:45', '2022-09-24 23:50:45'),
(1538, 77, '2022-09-24 23:54:15', '2022-09-24 23:54:15'),
(1539, 127, '2022-09-24 23:54:34', '2022-09-24 23:54:34'),
(1540, 75, '2022-09-24 23:54:45', '2022-09-24 23:54:45'),
(1541, 108, '2022-09-25 00:42:16', '2022-09-25 00:42:16'),
(1542, 94, '2022-09-25 01:35:51', '2022-09-25 01:35:51'),
(1543, 99, '2022-09-25 02:29:25', '2022-09-25 02:29:25'),
(1544, 58, '2022-09-25 03:22:59', '2022-09-25 03:22:59'),
(1545, 73, '2022-09-25 06:24:54', '2022-09-25 06:24:54'),
(1546, 73, '2022-09-25 07:25:08', '2022-09-25 07:25:08'),
(1547, 74, '2022-09-25 08:15:55', '2022-09-25 08:15:55'),
(1548, 116, '2022-09-25 09:19:12', '2022-09-25 09:19:12'),
(1549, 127, '2022-09-25 15:39:57', '2022-09-25 15:39:57'),
(1550, 96, '2022-09-25 18:15:52', '2022-09-25 18:15:52'),
(1551, 105, '2022-09-25 18:26:39', '2022-09-25 18:26:39'),
(1552, 102, '2022-09-25 18:37:21', '2022-09-25 18:37:21'),
(1553, 95, '2022-09-26 02:01:03', '2022-09-26 02:01:03'),
(1554, 97, '2022-09-26 02:42:57', '2022-09-26 02:42:57'),
(1555, 86, '2022-09-26 04:10:43', '2022-09-26 04:10:43'),
(1556, 86, '2022-09-26 06:49:31', '2022-09-26 06:49:31'),
(1557, 88, '2022-09-26 07:55:57', '2022-09-26 07:55:57'),
(1558, 91, '2022-09-26 07:56:00', '2022-09-26 07:56:00'),
(1559, 76, '2022-09-26 08:51:13', '2022-09-26 08:51:13'),
(1560, 70, '2022-09-26 09:16:48', '2022-09-26 09:16:48'),
(1561, 88, '2022-09-26 09:22:26', '2022-09-26 09:22:26'),
(1562, 64, '2022-09-26 11:13:52', '2022-09-26 11:13:52'),
(1563, 70, '2022-09-26 18:23:12', '2022-09-26 18:23:12'),
(1564, 75, '2022-09-26 22:03:39', '2022-09-26 22:03:39'),
(1565, 83, '2022-09-26 22:08:55', '2022-09-26 22:08:55'),
(1566, 84, '2022-09-26 22:14:15', '2022-09-26 22:14:15'),
(1567, 85, '2022-09-26 22:19:34', '2022-09-26 22:19:34'),
(1568, 119, '2022-09-27 00:50:15', '2022-09-27 00:50:15'),
(1569, 119, '2022-09-27 00:50:19', '2022-09-27 00:50:19'),
(1570, 81, '2022-09-27 01:08:18', '2022-09-27 01:08:18'),
(1571, 111, '2022-09-27 02:02:24', '2022-09-27 02:02:24'),
(1572, 105, '2022-09-27 05:14:01', '2022-09-27 05:14:01'),
(1573, 90, '2022-09-27 07:54:16', '2022-09-27 07:54:16'),
(1574, 81, '2022-09-27 08:11:09', '2022-09-27 08:11:09'),
(1575, 91, '2022-09-27 12:21:12', '2022-09-27 12:21:12'),
(1576, 105, '2022-09-27 12:47:41', '2022-09-27 12:47:41'),
(1577, 121, '2022-09-27 14:18:48', '2022-09-27 14:18:48'),
(1578, 105, '2022-09-27 15:50:05', '2022-09-27 15:50:05'),
(1579, 67, '2022-09-27 17:05:14', '2022-09-27 17:05:14'),
(1580, 121, '2022-09-27 17:39:24', '2022-09-27 17:39:24'),
(1581, 66, '2022-09-27 21:21:39', '2022-09-27 21:21:39'),
(1582, 128, '2022-09-28 00:42:20', '2022-09-28 00:42:20'),
(1583, 98, '2022-09-28 02:04:24', '2022-09-28 02:04:24'),
(1584, 77, '2022-09-28 02:09:46', '2022-09-28 02:09:46'),
(1585, 92, '2022-09-28 02:15:10', '2022-09-28 02:15:10'),
(1586, 97, '2022-09-28 02:15:18', '2022-09-28 02:15:18'),
(1587, 99, '2022-09-28 02:20:31', '2022-09-28 02:20:31'),
(1588, 80, '2022-09-28 02:31:19', '2022-09-28 02:31:19'),
(1589, 75, '2022-09-28 03:45:18', '2022-09-28 03:45:18'),
(1590, 78, '2022-09-28 08:28:11', '2022-09-28 08:28:11'),
(1591, 125, '2022-09-28 09:16:06', '2022-09-28 09:16:06'),
(1592, 76, '2022-09-28 11:12:50', '2022-09-28 11:12:50'),
(1593, 58, '2022-09-28 12:06:24', '2022-09-28 12:06:24'),
(1594, 111, '2022-09-28 13:53:33', '2022-09-28 13:53:33'),
(1595, 86, '2022-09-28 16:17:07', '2022-09-28 16:17:07'),
(1596, 82, '2022-09-28 17:51:35', '2022-09-28 17:51:35'),
(1597, 123, '2022-09-28 18:11:48', '2022-09-28 18:11:48'),
(1598, 76, '2022-09-28 20:03:10', '2022-09-28 20:03:10'),
(1599, 117, '2022-09-28 20:34:48', '2022-09-28 20:34:48'),
(1600, 114, '2022-09-28 22:26:11', '2022-09-28 22:26:11'),
(1601, 110, '2022-09-28 23:56:32', '2022-09-28 23:56:32'),
(1602, 111, '2022-09-29 02:06:41', '2022-09-29 02:06:41'),
(1603, 82, '2022-09-29 03:20:05', '2022-09-29 03:20:05'),
(1604, 115, '2022-09-29 03:31:22', '2022-09-29 03:31:22'),
(1605, 93, '2022-09-29 06:19:34', '2022-09-29 06:19:34'),
(1606, 103, '2022-09-29 06:30:25', '2022-09-29 06:30:25'),
(1607, 111, '2022-09-29 06:35:47', '2022-09-29 06:35:47'),
(1608, 89, '2022-09-29 06:41:11', '2022-09-29 06:41:11'),
(1609, 69, '2022-09-29 13:18:31', '2022-09-29 13:18:31'),
(1610, 58, '2022-09-29 13:35:49', '2022-09-29 13:35:49'),
(1611, 78, '2022-09-29 13:47:22', '2022-09-29 13:47:22'),
(1612, 81, '2022-09-29 14:10:18', '2022-09-29 14:10:18'),
(1613, 112, '2022-09-29 14:22:22', '2022-09-29 14:22:22'),
(1614, 128, '2022-09-29 14:39:57', '2022-09-29 14:39:57'),
(1615, 122, '2022-09-29 22:01:38', '2022-09-29 22:01:38'),
(1616, 108, '2022-09-29 22:09:21', '2022-09-29 22:09:21'),
(1617, 118, '2022-09-29 22:15:26', '2022-09-29 22:15:26'),
(1618, 75, '2022-09-29 22:57:18', '2022-09-29 22:57:18'),
(1619, 127, '2022-09-29 22:57:53', '2022-09-29 22:57:53'),
(1620, 75, '2022-09-29 22:58:25', '2022-09-29 22:58:25'),
(1621, 84, '2022-09-29 22:58:38', '2022-09-29 22:58:38'),
(1622, 113, '2022-09-29 23:00:52', '2022-09-29 23:00:52'),
(1623, 70, '2022-09-29 23:01:51', '2022-09-29 23:01:51'),
(1624, 119, '2022-09-29 23:10:59', '2022-09-29 23:10:59'),
(1625, 80, '2022-09-29 23:11:15', '2022-09-29 23:11:15'),
(1626, 127, '2022-09-29 23:11:55', '2022-09-29 23:11:55'),
(1627, 127, '2022-09-29 23:12:12', '2022-09-29 23:12:12'),
(1628, 76, '2022-09-29 23:25:28', '2022-09-29 23:25:28'),
(1629, 115, '2022-09-29 23:38:02', '2022-09-29 23:38:02'),
(1630, 81, '2022-09-29 23:38:33', '2022-09-29 23:38:33'),
(1631, 76, '2022-09-29 23:48:43', '2022-09-29 23:48:43'),
(1632, 128, '2022-09-29 23:48:54', '2022-09-29 23:48:54'),
(1633, 128, '2022-09-29 23:48:56', '2022-09-29 23:48:56'),
(1634, 128, '2022-09-30 00:15:20', '2022-09-30 00:15:20'),
(1635, 63, '2022-09-30 00:24:03', '2022-09-30 00:24:03'),
(1636, 76, '2022-09-30 01:52:25', '2022-09-30 01:52:25'),
(1637, 76, '2022-09-30 01:55:06', '2022-09-30 01:55:06'),
(1638, 76, '2022-09-30 04:20:37', '2022-09-30 04:20:37'),
(1639, 128, '2022-09-30 04:20:46', '2022-09-30 04:20:46'),
(1640, 128, '2022-09-30 04:24:28', '2022-09-30 04:24:28'),
(1641, 69, '2022-09-30 04:27:32', '2022-09-30 04:27:32'),
(1642, 83, '2022-09-30 04:29:49', '2022-09-30 04:29:49'),
(1643, 82, '2022-09-30 04:29:57', '2022-09-30 04:29:57'),
(1644, 74, '2022-09-30 05:39:17', '2022-09-30 05:39:17'),
(1645, 119, '2022-09-30 07:43:07', '2022-09-30 07:43:07'),
(1646, 78, '2022-09-30 07:43:26', '2022-09-30 07:43:26'),
(1647, 76, '2022-09-30 10:20:38', '2022-09-30 10:20:38'),
(1648, 82, '2022-09-30 10:21:53', '2022-09-30 10:21:53'),
(1649, 128, '2022-09-30 15:37:53', '2022-09-30 15:37:53'),
(1650, 80, '2022-09-30 16:50:28', '2022-09-30 16:50:28'),
(1651, 74, '2022-09-30 16:53:51', '2022-09-30 16:53:51'),
(1652, 76, '2022-09-30 17:46:35', '2022-09-30 17:46:35'),
(1653, 76, '2022-09-30 17:52:28', '2022-09-30 17:52:28'),
(1654, 80, '2022-09-30 18:24:50', '2022-09-30 18:24:50'),
(1655, 62, '2022-09-30 18:28:30', '2022-09-30 18:28:30'),
(1656, 76, '2022-09-30 21:27:04', '2022-09-30 21:27:04'),
(1657, 128, '2022-09-30 21:53:48', '2022-09-30 21:53:48'),
(1658, 66, '2022-09-30 22:13:15', '2022-09-30 22:13:15'),
(1659, 128, '2022-10-01 01:04:29', '2022-10-01 01:04:29'),
(1660, 94, '2022-10-01 01:13:47', '2022-10-01 01:13:47'),
(1661, 128, '2022-10-01 01:54:28', '2022-10-01 01:54:28'),
(1662, 76, '2022-10-01 01:55:05', '2022-10-01 01:55:05'),
(1663, 76, '2022-10-01 01:55:10', '2022-10-01 01:55:10'),
(1664, 127, '2022-10-01 02:36:52', '2022-10-01 02:36:52'),
(1665, 74, '2022-10-01 03:01:01', '2022-10-01 03:01:01'),
(1666, 110, '2022-10-01 06:20:44', '2022-10-01 06:20:44'),
(1667, 76, '2022-10-01 08:50:31', '2022-10-01 08:50:31'),
(1668, 76, '2022-10-01 08:50:33', '2022-10-01 08:50:33'),
(1669, 128, '2022-10-01 08:51:45', '2022-10-01 08:51:45'),
(1670, 128, '2022-10-01 11:48:23', '2022-10-01 11:48:23'),
(1671, 126, '2022-10-01 11:59:04', '2022-10-01 11:59:04'),
(1672, 113, '2022-10-01 12:24:54', '2022-10-01 12:24:54'),
(1673, 100, '2022-10-01 13:06:08', '2022-10-01 13:06:08'),
(1674, 107, '2022-10-01 14:06:09', '2022-10-01 14:06:09'),
(1675, 109, '2022-10-01 14:16:58', '2022-10-01 14:16:58'),
(1676, 97, '2022-10-01 14:22:24', '2022-10-01 14:22:24'),
(1677, 102, '2022-10-01 14:38:41', '2022-10-01 14:38:41'),
(1678, 81, '2022-10-02 03:45:09', '2022-10-02 03:45:09'),
(1679, 107, '2022-10-02 03:55:27', '2022-10-02 03:55:27'),
(1680, 112, '2022-10-02 03:55:50', '2022-10-02 03:55:50'),
(1681, 87, '2022-10-02 05:25:59', '2022-10-02 05:25:59'),
(1682, 84, '2022-10-02 06:21:36', '2022-10-02 06:21:36'),
(1683, 73, '2022-10-02 06:50:41', '2022-10-02 06:50:41'),
(1684, 124, '2022-10-02 07:12:45', '2022-10-02 07:12:45'),
(1685, 85, '2022-10-02 07:18:30', '2022-10-02 07:18:30'),
(1686, 76, '2022-10-02 08:01:06', '2022-10-02 08:01:06'),
(1687, 104, '2022-10-02 08:07:14', '2022-10-02 08:07:14'),
(1688, 107, '2022-10-02 09:15:42', '2022-10-02 09:15:42'),
(1689, 76, '2022-10-02 10:47:06', '2022-10-02 10:47:06'),
(1690, 110, '2022-10-02 10:58:20', '2022-10-02 10:58:20'),
(1691, 107, '2022-10-02 11:25:59', '2022-10-02 11:25:59'),
(1692, 85, '2022-10-02 11:31:24', '2022-10-02 11:31:24'),
(1693, 107, '2022-10-02 12:27:41', '2022-10-02 12:27:41'),
(1694, 91, '2022-10-02 12:40:38', '2022-10-02 12:40:38'),
(1695, 89, '2022-10-02 14:09:09', '2022-10-02 14:09:09'),
(1696, 111, '2022-10-02 14:26:36', '2022-10-02 14:26:36'),
(1697, 116, '2022-10-02 14:35:18', '2022-10-02 14:35:18'),
(1698, 81, '2022-10-02 14:45:36', '2022-10-02 14:45:36'),
(1699, 64, '2022-10-02 17:11:25', '2022-10-02 17:11:25'),
(1700, 95, '2022-10-02 18:06:43', '2022-10-02 18:06:43'),
(1701, 123, '2022-10-02 21:32:09', '2022-10-02 21:32:09'),
(1702, 82, '2022-10-03 02:05:36', '2022-10-03 02:05:36'),
(1703, 86, '2022-10-03 03:21:56', '2022-10-03 03:21:56'),
(1704, 96, '2022-10-03 03:34:23', '2022-10-03 03:34:23'),
(1705, 83, '2022-10-03 08:57:17', '2022-10-03 08:57:17'),
(1706, 70, '2022-10-03 09:59:30', '2022-10-03 09:59:30'),
(1707, 121, '2022-10-03 10:10:59', '2022-10-03 10:10:59'),
(1708, 65, '2022-10-03 11:09:56', '2022-10-03 11:09:56'),
(1709, 80, '2022-10-03 11:45:47', '2022-10-03 11:45:47'),
(1710, 105, '2022-10-03 16:14:04', '2022-10-03 16:14:04'),
(1711, 66, '2022-10-03 17:15:34', '2022-10-03 17:15:34'),
(1712, 107, '2022-10-03 17:38:07', '2022-10-03 17:38:07'),
(1713, 92, '2022-10-03 17:53:00', '2022-10-03 17:53:00'),
(1714, 88, '2022-10-03 19:17:37', '2022-10-03 19:17:37'),
(1715, 67, '2022-10-03 20:47:55', '2022-10-03 20:47:55'),
(1716, 107, '2022-10-03 21:40:33', '2022-10-03 21:40:33'),
(1717, 128, '2022-10-03 21:44:14', '2022-10-03 21:44:14'),
(1718, 75, '2022-10-03 22:08:16', '2022-10-03 22:08:16'),
(1719, 111, '2022-10-03 22:43:18', '2022-10-03 22:43:18'),
(1720, 112, '2022-10-03 23:28:05', '2022-10-03 23:28:05'),
(1721, 96, '2022-10-03 23:47:33', '2022-10-03 23:47:33'),
(1722, 73, '2022-10-04 00:39:16', '2022-10-04 00:39:16'),
(1723, 97, '2022-10-04 01:50:44', '2022-10-04 01:50:44'),
(1724, 93, '2022-10-04 02:39:59', '2022-10-04 02:39:59'),
(1725, 82, '2022-10-04 02:41:12', '2022-10-04 02:41:12'),
(1726, 108, '2022-10-04 04:01:29', '2022-10-04 04:01:29'),
(1727, 123, '2022-10-04 04:05:27', '2022-10-04 04:05:27'),
(1728, 115, '2022-10-04 04:51:15', '2022-10-04 04:51:15'),
(1729, 128, '2022-10-04 05:16:38', '2022-10-04 05:16:38'),
(1730, 62, '2022-10-04 05:53:47', '2022-10-04 05:53:47'),
(1731, 125, '2022-10-04 06:12:52', '2022-10-04 06:12:52'),
(1732, 123, '2022-10-04 07:24:23', '2022-10-04 07:24:23'),
(1733, 78, '2022-10-04 08:06:31', '2022-10-04 08:06:31'),
(1734, 113, '2022-10-04 09:04:38', '2022-10-04 09:04:38'),
(1735, 122, '2022-10-04 09:32:50', '2022-10-04 09:32:50'),
(1736, 82, '2022-10-04 10:16:09', '2022-10-04 10:16:09'),
(1737, 82, '2022-10-04 10:28:26', '2022-10-04 10:28:26'),
(1738, 70, '2022-10-04 10:41:26', '2022-10-04 10:41:26'),
(1739, 66, '2022-10-04 10:59:04', '2022-10-04 10:59:04'),
(1740, 105, '2022-10-04 11:30:24', '2022-10-04 11:30:24'),
(1741, 70, '2022-10-04 11:51:04', '2022-10-04 11:51:04'),
(1742, 123, '2022-10-04 12:34:58', '2022-10-04 12:34:58'),
(1743, 96, '2022-10-04 13:33:13', '2022-10-04 13:33:13'),
(1744, 112, '2022-10-04 13:43:49', '2022-10-04 13:43:49'),
(1745, 77, '2022-10-04 14:02:06', '2022-10-04 14:02:06'),
(1746, 107, '2022-10-04 14:15:25', '2022-10-04 14:15:25'),
(1747, 58, '2022-10-04 17:27:10', '2022-10-04 17:27:10'),
(1748, 82, '2022-10-04 19:02:56', '2022-10-04 19:02:56'),
(1749, 99, '2022-10-04 20:21:04', '2022-10-04 20:21:04'),
(1750, 67, '2022-10-04 20:36:01', '2022-10-04 20:36:01'),
(1751, 114, '2022-10-04 20:57:04', '2022-10-04 20:57:04'),
(1752, 58, '2022-10-04 21:07:51', '2022-10-04 21:07:51'),
(1753, 64, '2022-10-04 21:35:01', '2022-10-04 21:35:01'),
(1754, 63, '2022-10-04 22:15:09', '2022-10-04 22:15:09'),
(1755, 109, '2022-10-04 22:20:25', '2022-10-04 22:20:25'),
(1756, 91, '2022-10-04 22:49:08', '2022-10-04 22:49:08'),
(1757, 70, '2022-10-05 00:33:10', '2022-10-05 00:33:10'),
(1758, 67, '2022-10-05 00:52:12', '2022-10-05 00:52:12'),
(1759, 95, '2022-10-05 01:12:45', '2022-10-05 01:12:45'),
(1760, 125, '2022-10-05 01:41:23', '2022-10-05 01:41:23'),
(1761, 74, '2022-10-05 01:52:10', '2022-10-05 01:52:10'),
(1762, 80, '2022-10-05 02:07:33', '2022-10-05 02:07:33'),
(1763, 93, '2022-10-05 02:28:56', '2022-10-05 02:28:56'),
(1764, 80, '2022-10-05 02:52:38', '2022-10-05 02:52:38'),
(1765, 93, '2022-10-05 03:41:14', '2022-10-05 03:41:14'),
(1766, 63, '2022-10-05 04:47:30', '2022-10-05 04:47:30'),
(1767, 78, '2022-10-05 04:59:03', '2022-10-05 04:59:03'),
(1768, 105, '2022-10-05 05:20:00', '2022-10-05 05:20:00'),
(1769, 77, '2022-10-05 05:33:32', '2022-10-05 05:33:32'),
(1770, 66, '2022-10-05 05:53:38', '2022-10-05 05:53:38'),
(1771, 122, '2022-10-05 06:35:00', '2022-10-05 06:35:00'),
(1772, 78, '2022-10-05 07:15:18', '2022-10-05 07:15:18'),
(1773, 69, '2022-10-05 07:26:55', '2022-10-05 07:26:55'),
(1774, 104, '2022-10-05 07:58:39', '2022-10-05 07:58:39'),
(1775, 92, '2022-10-05 10:26:55', '2022-10-05 10:26:55'),
(1776, 126, '2022-10-05 11:17:09', '2022-10-05 11:17:09'),
(1777, 102, '2022-10-05 11:17:23', '2022-10-05 11:17:23'),
(1778, 116, '2022-10-05 11:17:33', '2022-10-05 11:17:33'),
(1779, 117, '2022-10-05 11:17:37', '2022-10-05 11:17:37'),
(1780, 128, '2022-10-05 12:19:50', '2022-10-05 12:19:50'),
(1781, 115, '2022-10-05 12:41:50', '2022-10-05 12:41:50'),
(1782, 66, '2022-10-05 12:45:55', '2022-10-05 12:45:55'),
(1783, 77, '2022-10-05 12:59:45', '2022-10-05 12:59:45'),
(1784, 96, '2022-10-05 13:08:27', '2022-10-05 13:08:27'),
(1785, 124, '2022-10-05 13:22:18', '2022-10-05 13:22:18'),
(1786, 119, '2022-10-05 13:36:09', '2022-10-05 13:36:09'),
(1787, 90, '2022-10-05 14:35:12', '2022-10-05 14:35:12'),
(1788, 103, '2022-10-05 14:40:54', '2022-10-05 14:40:54');
INSERT INTO `publicacion_visita` (`id`, `publicacion_id`, `created_at`, `updated_at`) VALUES
(1789, 95, '2022-10-05 14:54:36', '2022-10-05 14:54:36'),
(1790, 103, '2022-10-05 14:59:44', '2022-10-05 14:59:44'),
(1791, 117, '2022-10-05 15:02:23', '2022-10-05 15:02:23'),
(1792, 110, '2022-10-05 15:13:05', '2022-10-05 15:13:05'),
(1793, 105, '2022-10-05 15:54:37', '2022-10-05 15:54:37'),
(1794, 103, '2022-10-05 16:29:26', '2022-10-05 16:29:26'),
(1795, 107, '2022-10-05 20:41:48', '2022-10-05 20:41:48'),
(1796, 119, '2022-10-05 21:29:46', '2022-10-05 21:29:46'),
(1797, 104, '2022-10-05 21:38:48', '2022-10-05 21:38:48'),
(1798, 93, '2022-10-05 21:57:00', '2022-10-05 21:57:00'),
(1799, 125, '2022-10-05 22:05:35', '2022-10-05 22:05:35'),
(1800, 64, '2022-10-05 22:32:48', '2022-10-05 22:32:48'),
(1801, 108, '2022-10-05 22:57:02', '2022-10-05 22:57:02'),
(1802, 111, '2022-10-05 23:09:07', '2022-10-05 23:09:07'),
(1803, 66, '2022-10-05 23:32:15', '2022-10-05 23:32:15'),
(1804, 111, '2022-10-06 01:07:51', '2022-10-06 01:07:51'),
(1805, 75, '2022-10-06 05:50:35', '2022-10-06 05:50:35'),
(1806, 128, '2022-10-06 09:06:22', '2022-10-06 09:06:22'),
(1807, 98, '2022-10-06 09:18:16', '2022-10-06 09:18:16'),
(1808, 108, '2022-10-06 09:24:41', '2022-10-06 09:24:41'),
(1809, 69, '2022-10-06 09:39:36', '2022-10-06 09:39:36'),
(1810, 108, '2022-10-06 09:42:38', '2022-10-06 09:42:38'),
(1811, 118, '2022-10-06 09:49:42', '2022-10-06 09:49:42'),
(1812, 107, '2022-10-06 10:04:56', '2022-10-06 10:04:56'),
(1813, 64, '2022-10-06 10:10:21', '2022-10-06 10:10:21'),
(1814, 82, '2022-10-06 10:17:58', '2022-10-06 10:17:58'),
(1815, 65, '2022-10-06 10:46:29', '2022-10-06 10:46:29'),
(1816, 125, '2022-10-06 10:50:32', '2022-10-06 10:50:32'),
(1817, 81, '2022-10-06 11:05:36', '2022-10-06 11:05:36'),
(1818, 115, '2022-10-06 11:13:13', '2022-10-06 11:13:13'),
(1819, 115, '2022-10-06 11:16:07', '2022-10-06 11:16:07'),
(1820, 125, '2022-10-06 13:02:21', '2022-10-06 13:02:21'),
(1821, 64, '2022-10-06 16:31:23', '2022-10-06 16:31:23'),
(1822, 108, '2022-10-06 17:19:55', '2022-10-06 17:19:55'),
(1823, 69, '2022-10-06 17:37:11', '2022-10-06 17:37:11'),
(1824, 122, '2022-10-06 18:25:30', '2022-10-06 18:25:30'),
(1825, 109, '2022-10-06 18:33:18', '2022-10-06 18:33:18'),
(1826, 63, '2022-10-06 20:07:33', '2022-10-06 20:07:33'),
(1827, 63, '2022-10-06 20:33:44', '2022-10-06 20:33:44'),
(1828, 116, '2022-10-06 20:57:41', '2022-10-06 20:57:41'),
(1829, 119, '2022-10-06 21:59:25', '2022-10-06 21:59:25'),
(1830, 124, '2022-10-06 22:42:53', '2022-10-06 22:42:53'),
(1831, 115, '2022-10-06 23:28:31', '2022-10-06 23:28:31'),
(1832, 97, '2022-10-07 01:40:00', '2022-10-07 01:40:00'),
(1833, 102, '2022-10-07 02:43:55', '2022-10-07 02:43:55'),
(1834, 82, '2022-10-07 03:41:50', '2022-10-07 03:41:50'),
(1835, 83, '2022-10-07 03:43:05', '2022-10-07 03:43:05'),
(1836, 82, '2022-10-07 03:43:17', '2022-10-07 03:43:17'),
(1837, 85, '2022-10-07 13:44:25', '2022-10-07 13:44:25'),
(1838, 104, '2022-10-07 14:10:14', '2022-10-07 14:10:14'),
(1839, 92, '2022-10-07 14:14:09', '2022-10-07 14:14:09'),
(1840, 90, '2022-10-07 14:14:09', '2022-10-07 14:14:09'),
(1841, 128, '2022-10-07 14:36:48', '2022-10-07 14:36:48'),
(1842, 62, '2022-10-07 14:49:38', '2022-10-07 14:49:38'),
(1843, 74, '2022-10-07 14:56:20', '2022-10-07 14:56:20'),
(1844, 127, '2022-10-07 15:27:10', '2022-10-07 15:27:10'),
(1845, 107, '2022-10-07 22:10:36', '2022-10-07 22:10:36'),
(1846, 95, '2022-10-08 01:34:53', '2022-10-08 01:34:53'),
(1847, 91, '2022-10-08 01:48:05', '2022-10-08 01:48:05'),
(1848, 121, '2022-10-08 16:52:41', '2022-10-08 16:52:41'),
(1849, 82, '2022-10-08 18:45:55', '2022-10-08 18:45:55'),
(1850, 113, '2022-10-08 18:53:10', '2022-10-08 18:53:10'),
(1851, 124, '2022-10-09 01:23:09', '2022-10-09 01:23:09'),
(1852, 80, '2022-10-09 02:17:36', '2022-10-09 02:17:36'),
(1853, 83, '2022-10-09 06:04:34', '2022-10-09 06:04:34'),
(1854, 96, '2022-10-09 06:09:49', '2022-10-09 06:09:49'),
(1855, 92, '2022-10-09 06:20:29', '2022-10-09 06:20:29'),
(1856, 128, '2022-10-09 06:39:43', '2022-10-09 06:39:43'),
(1857, 128, '2022-10-09 07:54:15', '2022-10-09 07:54:15'),
(1858, 80, '2022-10-09 09:26:51', '2022-10-09 09:26:51'),
(1859, 104, '2022-10-09 09:39:05', '2022-10-09 09:39:05'),
(1860, 73, '2022-10-09 09:49:17', '2022-10-09 09:49:17'),
(1861, 103, '2022-10-09 10:00:13', '2022-10-09 10:00:13'),
(1862, 94, '2022-10-09 13:02:13', '2022-10-09 13:02:13'),
(1863, 70, '2022-10-09 13:18:21', '2022-10-09 13:18:21'),
(1864, 65, '2022-10-09 13:39:40', '2022-10-09 13:39:40'),
(1865, 73, '2022-10-09 15:48:21', '2022-10-09 15:48:21'),
(1866, 104, '2022-10-09 21:40:27', '2022-10-09 21:40:27'),
(1867, 110, '2022-10-09 22:48:54', '2022-10-09 22:48:54'),
(1868, 112, '2022-10-09 22:54:30', '2022-10-09 22:54:30'),
(1869, 121, '2022-10-10 07:06:37', '2022-10-10 07:06:37'),
(1870, 121, '2022-10-10 07:32:48', '2022-10-10 07:32:48'),
(1871, 113, '2022-10-10 08:35:57', '2022-10-10 08:35:57'),
(1872, 85, '2022-10-10 08:44:19', '2022-10-10 08:44:19'),
(1873, 114, '2022-10-10 09:07:57', '2022-10-10 09:07:57'),
(1874, 116, '2022-10-10 10:49:54', '2022-10-10 10:49:54'),
(1875, 100, '2022-10-10 10:54:55', '2022-10-10 10:54:55'),
(1876, 114, '2022-10-10 10:59:57', '2022-10-10 10:59:57'),
(1877, 126, '2022-10-10 11:04:58', '2022-10-10 11:04:58'),
(1878, 87, '2022-10-10 11:10:02', '2022-10-10 11:10:02'),
(1879, 99, '2022-10-10 11:15:03', '2022-10-10 11:15:03'),
(1880, 64, '2022-10-10 12:04:30', '2022-10-10 12:04:30'),
(1881, 119, '2022-10-10 12:54:15', '2022-10-10 12:54:15'),
(1882, 98, '2022-10-10 12:59:02', '2022-10-10 12:59:02'),
(1883, 76, '2022-10-10 14:04:47', '2022-10-10 14:04:47'),
(1884, 115, '2022-10-10 14:32:58', '2022-10-10 14:32:58'),
(1885, 76, '2022-10-10 15:40:00', '2022-10-10 15:40:00'),
(1886, 125, '2022-10-10 15:41:16', '2022-10-10 15:41:16'),
(1887, 98, '2022-10-10 16:11:10', '2022-10-10 16:11:10'),
(1888, 90, '2022-10-10 16:22:19', '2022-10-10 16:22:19'),
(1889, 128, '2022-10-10 16:27:33', '2022-10-10 16:27:33'),
(1890, 98, '2022-10-10 16:41:00', '2022-10-10 16:41:00'),
(1891, 121, '2022-10-10 17:16:59', '2022-10-10 17:16:59'),
(1892, 87, '2022-10-10 17:59:02', '2022-10-10 17:59:02'),
(1893, 73, '2022-10-10 18:01:51', '2022-10-10 18:01:51'),
(1894, 81, '2022-10-10 19:35:49', '2022-10-10 19:35:49'),
(1895, 80, '2022-10-10 22:01:11', '2022-10-10 22:01:11'),
(1896, 80, '2022-10-10 22:48:34', '2022-10-10 22:48:34'),
(1897, 67, '2022-10-10 23:00:41', '2022-10-10 23:00:41'),
(1898, 62, '2022-10-11 00:35:12', '2022-10-11 00:35:12'),
(1899, 127, '2022-10-11 01:14:42', '2022-10-11 01:14:42'),
(1900, 127, '2022-10-11 01:15:07', '2022-10-11 01:15:07'),
(1901, 75, '2022-10-11 01:15:47', '2022-10-11 01:15:47'),
(1902, 86, '2022-10-11 01:31:13', '2022-10-11 01:31:13'),
(1903, 100, '2022-10-11 02:37:21', '2022-10-11 02:37:21'),
(1904, 100, '2022-10-11 02:37:28', '2022-10-11 02:37:28'),
(1905, 97, '2022-10-11 02:41:49', '2022-10-11 02:41:49'),
(1906, 67, '2022-10-11 03:02:26', '2022-10-11 03:02:26'),
(1907, 124, '2022-10-11 03:02:29', '2022-10-11 03:02:29'),
(1908, 127, '2022-10-11 03:11:28', '2022-10-11 03:11:28'),
(1909, 128, '2022-10-11 04:01:34', '2022-10-11 04:01:34'),
(1910, 108, '2022-10-11 04:01:53', '2022-10-11 04:01:53'),
(1911, 97, '2022-10-11 04:49:32', '2022-10-11 04:49:32'),
(1912, 75, '2022-10-11 05:41:50', '2022-10-11 05:41:50'),
(1913, 119, '2022-10-11 06:08:27', '2022-10-11 06:08:27'),
(1914, 100, '2022-10-11 06:16:57', '2022-10-11 06:16:57'),
(1915, 97, '2022-10-11 06:17:03', '2022-10-11 06:17:03'),
(1916, 75, '2022-10-11 06:17:08', '2022-10-11 06:17:08'),
(1917, 100, '2022-10-11 06:34:29', '2022-10-11 06:34:29'),
(1918, 126, '2022-10-11 06:36:13', '2022-10-11 06:36:13'),
(1919, 107, '2022-10-11 06:36:30', '2022-10-11 06:36:30'),
(1920, 97, '2022-10-11 06:45:49', '2022-10-11 06:45:49'),
(1921, 81, '2022-10-11 07:01:57', '2022-10-11 07:01:57'),
(1922, 92, '2022-10-11 07:26:57', '2022-10-11 07:26:57'),
(1923, 114, '2022-10-11 07:27:10', '2022-10-11 07:27:10'),
(1924, 124, '2022-10-11 07:29:06', '2022-10-11 07:29:06'),
(1925, 109, '2022-10-11 07:52:47', '2022-10-11 07:52:47'),
(1926, 91, '2022-10-11 07:52:53', '2022-10-11 07:52:53'),
(1927, 90, '2022-10-11 07:52:56', '2022-10-11 07:52:56'),
(1928, 114, '2022-10-11 08:08:56', '2022-10-11 08:08:56'),
(1929, 62, '2022-10-11 08:22:21', '2022-10-11 08:22:21'),
(1930, 121, '2022-10-11 08:27:27', '2022-10-11 08:27:27'),
(1931, 103, '2022-10-11 08:27:34', '2022-10-11 08:27:34'),
(1932, 100, '2022-10-11 08:32:51', '2022-10-11 08:32:51'),
(1933, 109, '2022-10-11 08:35:27', '2022-10-11 08:35:27'),
(1934, 114, '2022-10-11 08:52:45', '2022-10-11 08:52:45'),
(1935, 109, '2022-10-11 09:02:44', '2022-10-11 09:02:44'),
(1936, 81, '2022-10-11 09:14:36', '2022-10-11 09:14:36'),
(1937, 83, '2022-10-11 09:27:16', '2022-10-11 09:27:16'),
(1938, 83, '2022-10-11 09:30:37', '2022-10-11 09:30:37'),
(1939, 104, '2022-10-11 09:40:28', '2022-10-11 09:40:28'),
(1940, 91, '2022-10-11 09:42:32', '2022-10-11 09:42:32'),
(1941, 92, '2022-10-11 09:49:32', '2022-10-11 09:49:32'),
(1942, 118, '2022-10-11 10:00:36', '2022-10-11 10:00:36'),
(1943, 64, '2022-10-11 10:03:35', '2022-10-11 10:03:35'),
(1944, 82, '2022-10-11 10:13:38', '2022-10-11 10:13:38'),
(1945, 67, '2022-10-11 10:44:04', '2022-10-11 10:44:04'),
(1946, 67, '2022-10-11 11:01:35', '2022-10-11 11:01:35'),
(1947, 78, '2022-10-11 11:06:41', '2022-10-11 11:06:41'),
(1948, 95, '2022-10-11 11:15:08', '2022-10-11 11:15:08'),
(1949, 66, '2022-10-11 11:21:58', '2022-10-11 11:21:58'),
(1950, 107, '2022-10-11 11:37:09', '2022-10-11 11:37:09'),
(1951, 63, '2022-10-11 11:38:28', '2022-10-11 11:38:28'),
(1952, 82, '2022-10-11 11:54:03', '2022-10-11 11:54:03'),
(1953, 63, '2022-10-11 12:28:27', '2022-10-11 12:28:27'),
(1954, 62, '2022-10-11 12:39:27', '2022-10-11 12:39:27'),
(1955, 69, '2022-10-11 13:07:00', '2022-10-11 13:07:00'),
(1956, 117, '2022-10-11 13:57:02', '2022-10-11 13:57:02'),
(1957, 126, '2022-10-11 15:09:31', '2022-10-11 15:09:31'),
(1958, 64, '2022-10-11 15:55:30', '2022-10-11 15:55:30'),
(1959, 116, '2022-10-11 16:26:31', '2022-10-11 16:26:31'),
(1960, 107, '2022-10-11 16:48:17', '2022-10-11 16:48:17'),
(1961, 102, '2022-10-11 17:08:31', '2022-10-11 17:08:31'),
(1962, 86, '2022-10-11 17:24:37', '2022-10-11 17:24:37'),
(1963, 70, '2022-10-11 17:51:18', '2022-10-11 17:51:18'),
(1964, 77, '2022-10-11 18:49:11', '2022-10-11 18:49:11'),
(1965, 103, '2022-10-11 18:52:42', '2022-10-11 18:52:42'),
(1966, 84, '2022-10-11 19:48:24', '2022-10-11 19:48:24'),
(1967, 86, '2022-10-11 19:48:49', '2022-10-11 19:48:49'),
(1968, 127, '2022-10-11 20:34:17', '2022-10-11 20:34:17'),
(1969, 98, '2022-10-11 21:01:45', '2022-10-11 21:01:45'),
(1970, 63, '2022-10-11 21:06:54', '2022-10-11 21:06:54'),
(1971, 85, '2022-10-11 21:29:47', '2022-10-11 21:29:47'),
(1972, 125, '2022-10-11 22:21:38', '2022-10-11 22:21:38'),
(1973, 80, '2022-10-11 23:16:22', '2022-10-11 23:16:22'),
(1974, 128, '2022-10-11 23:39:52', '2022-10-11 23:39:52'),
(1975, 128, '2022-10-11 23:42:50', '2022-10-11 23:42:50'),
(1976, 90, '2022-10-11 23:47:30', '2022-10-11 23:47:30'),
(1977, 74, '2022-10-12 00:03:15', '2022-10-12 00:03:15'),
(1978, 114, '2022-10-12 02:11:31', '2022-10-12 02:11:31'),
(1979, 65, '2022-10-12 02:29:23', '2022-10-12 02:29:23'),
(1980, 83, '2022-10-12 02:37:18', '2022-10-12 02:37:18'),
(1981, 86, '2022-10-12 03:33:35', '2022-10-12 03:33:35'),
(1982, 64, '2022-10-12 03:55:55', '2022-10-12 03:55:55'),
(1983, 109, '2022-10-12 03:56:13', '2022-10-12 03:56:13'),
(1984, 102, '2022-10-12 04:10:55', '2022-10-12 04:10:55'),
(1985, 69, '2022-10-12 04:49:30', '2022-10-12 04:49:30'),
(1986, 58, '2022-10-12 05:00:56', '2022-10-12 05:00:56'),
(1987, 76, '2022-10-12 05:06:28', '2022-10-12 05:06:28'),
(1988, 64, '2022-10-12 06:16:40', '2022-10-12 06:16:40'),
(1989, 85, '2022-10-12 06:24:45', '2022-10-12 06:24:45'),
(1990, 123, '2022-10-12 06:29:57', '2022-10-12 06:29:57'),
(1991, 123, '2022-10-12 06:30:04', '2022-10-12 06:30:04'),
(1992, 88, '2022-10-12 06:34:46', '2022-10-12 06:34:46'),
(1993, 65, '2022-10-12 09:05:25', '2022-10-12 09:05:25'),
(1994, 111, '2022-10-12 10:11:04', '2022-10-12 10:11:04'),
(1995, 92, '2022-10-12 11:21:28', '2022-10-12 11:21:28'),
(1996, 99, '2022-10-12 11:49:30', '2022-10-12 11:49:30'),
(1997, 73, '2022-10-12 12:02:09', '2022-10-12 12:02:09'),
(1998, 111, '2022-10-12 14:10:57', '2022-10-12 14:10:57'),
(1999, 99, '2022-10-12 14:41:21', '2022-10-12 14:41:21'),
(2000, 94, '2022-10-12 15:21:33', '2022-10-12 15:21:33'),
(2001, 94, '2022-10-12 16:35:22', '2022-10-12 16:35:22'),
(2002, 108, '2022-10-12 17:53:16', '2022-10-12 17:53:16'),
(2003, 118, '2022-10-12 18:46:32', '2022-10-12 18:46:32'),
(2004, 58, '2022-10-12 19:50:12', '2022-10-12 19:50:12'),
(2005, 77, '2022-10-12 20:21:46', '2022-10-12 20:21:46'),
(2006, 118, '2022-10-12 20:34:55', '2022-10-12 20:34:55'),
(2007, 108, '2022-10-12 21:13:26', '2022-10-12 21:13:26'),
(2008, 103, '2022-10-12 21:28:57', '2022-10-12 21:28:57'),
(2009, 89, '2022-10-12 22:21:03', '2022-10-12 22:21:03'),
(2010, 58, '2022-10-12 22:24:17', '2022-10-12 22:24:17'),
(2011, 83, '2022-10-12 23:02:24', '2022-10-12 23:02:24'),
(2012, 90, '2022-10-12 23:32:41', '2022-10-12 23:32:41'),
(2013, 127, '2022-10-12 23:35:07', '2022-10-12 23:35:07'),
(2014, 100, '2022-10-12 23:54:01', '2022-10-12 23:54:01'),
(2015, 123, '2022-10-12 23:55:11', '2022-10-12 23:55:11'),
(2016, 89, '2022-10-13 02:06:17', '2022-10-13 02:06:17'),
(2017, 125, '2022-10-13 02:11:24', '2022-10-13 02:11:24'),
(2018, 105, '2022-10-13 02:16:31', '2022-10-13 02:16:31'),
(2019, 109, '2022-10-13 03:20:55', '2022-10-13 03:20:55'),
(2020, 115, '2022-10-13 04:29:56', '2022-10-13 04:29:56'),
(2021, 73, '2022-10-13 04:29:58', '2022-10-13 04:29:58'),
(2022, 89, '2022-10-13 04:29:59', '2022-10-13 04:29:59'),
(2023, 88, '2022-10-13 04:30:01', '2022-10-13 04:30:01'),
(2024, 121, '2022-10-13 04:30:04', '2022-10-13 04:30:04'),
(2025, 88, '2022-10-13 04:39:39', '2022-10-13 04:39:39'),
(2026, 124, '2022-10-13 05:10:01', '2022-10-13 05:10:01'),
(2027, 69, '2022-10-13 05:10:24', '2022-10-13 05:10:24'),
(2028, 122, '2022-10-13 05:33:53', '2022-10-13 05:33:53'),
(2029, 121, '2022-10-13 05:33:56', '2022-10-13 05:33:56'),
(2030, 97, '2022-10-13 06:02:50', '2022-10-13 06:02:50'),
(2031, 107, '2022-10-13 06:02:53', '2022-10-13 06:02:53'),
(2032, 73, '2022-10-13 06:41:35', '2022-10-13 06:41:35'),
(2033, 113, '2022-10-13 06:41:36', '2022-10-13 06:41:36'),
(2034, 97, '2022-10-13 07:01:37', '2022-10-13 07:01:37'),
(2035, 113, '2022-10-13 09:08:33', '2022-10-13 09:08:33'),
(2036, 88, '2022-10-13 09:46:33', '2022-10-13 09:46:33'),
(2037, 118, '2022-10-13 10:08:22', '2022-10-13 10:08:22'),
(2038, 112, '2022-10-13 10:25:45', '2022-10-13 10:25:45'),
(2039, 121, '2022-10-13 10:31:53', '2022-10-13 10:31:53'),
(2040, 91, '2022-10-13 12:33:08', '2022-10-13 12:33:08'),
(2041, 108, '2022-10-13 12:37:07', '2022-10-13 12:37:07'),
(2042, 115, '2022-10-13 13:25:11', '2022-10-13 13:25:11'),
(2043, 121, '2022-10-13 13:54:44', '2022-10-13 13:54:44'),
(2044, 89, '2022-10-13 14:16:52', '2022-10-13 14:16:52'),
(2045, 124, '2022-10-13 14:25:02', '2022-10-13 14:25:02'),
(2046, 102, '2022-10-13 14:56:32', '2022-10-13 14:56:32'),
(2047, 90, '2022-10-13 15:17:33', '2022-10-13 15:17:33'),
(2048, 84, '2022-10-13 15:24:15', '2022-10-13 15:24:15'),
(2049, 127, '2022-10-13 16:04:26', '2022-10-13 16:04:26'),
(2050, 77, '2022-10-13 16:06:13', '2022-10-13 16:06:13'),
(2051, 70, '2022-10-13 16:54:03', '2022-10-13 16:54:03'),
(2052, 90, '2022-10-13 17:05:28', '2022-10-13 17:05:28'),
(2053, 116, '2022-10-13 17:10:52', '2022-10-13 17:10:52'),
(2054, 126, '2022-10-13 17:26:13', '2022-10-13 17:26:13'),
(2055, 117, '2022-10-13 17:34:06', '2022-10-13 17:34:06'),
(2056, 81, '2022-10-13 17:50:34', '2022-10-13 17:50:34'),
(2057, 97, '2022-10-13 17:58:28', '2022-10-13 17:58:28'),
(2058, 117, '2022-10-13 18:10:20', '2022-10-13 18:10:20'),
(2059, 115, '2022-10-13 18:22:24', '2022-10-13 18:22:24'),
(2060, 83, '2022-10-13 18:36:50', '2022-10-13 18:36:50'),
(2061, 86, '2022-10-13 18:45:25', '2022-10-13 18:45:25'),
(2062, 87, '2022-10-13 19:08:45', '2022-10-13 19:08:45'),
(2063, 81, '2022-10-13 20:05:50', '2022-10-13 20:05:50'),
(2064, 82, '2022-10-13 20:47:12', '2022-10-13 20:47:12'),
(2065, 91, '2022-10-13 20:55:19', '2022-10-13 20:55:19'),
(2066, 125, '2022-10-13 22:07:23', '2022-10-13 22:07:23'),
(2067, 82, '2022-10-13 22:21:36', '2022-10-13 22:21:36'),
(2068, 97, '2022-10-14 00:14:21', '2022-10-14 00:14:21'),
(2069, 69, '2022-10-14 00:20:55', '2022-10-14 00:20:55'),
(2070, 116, '2022-10-14 01:57:24', '2022-10-14 01:57:24'),
(2071, 117, '2022-10-14 02:02:25', '2022-10-14 02:02:25'),
(2072, 90, '2022-10-14 03:01:29', '2022-10-14 03:01:29'),
(2073, 93, '2022-10-14 03:12:47', '2022-10-14 03:12:47'),
(2074, 74, '2022-10-14 05:16:44', '2022-10-14 05:16:44'),
(2075, 62, '2022-10-14 05:22:14', '2022-10-14 05:22:14'),
(2076, 85, '2022-10-14 05:27:38', '2022-10-14 05:27:38'),
(2077, 117, '2022-10-14 05:33:03', '2022-10-14 05:33:03'),
(2078, 75, '2022-10-14 05:38:23', '2022-10-14 05:38:23'),
(2079, 115, '2022-10-14 05:43:48', '2022-10-14 05:43:48'),
(2080, 97, '2022-10-14 05:49:11', '2022-10-14 05:49:11'),
(2081, 90, '2022-10-14 14:21:04', '2022-10-14 14:21:04'),
(2082, 80, '2022-10-14 14:29:29', '2022-10-14 14:29:29'),
(2083, 96, '2022-10-14 14:42:35', '2022-10-14 14:42:35'),
(2084, 128, '2022-10-14 16:05:42', '2022-10-14 16:05:42'),
(2085, 117, '2022-10-14 16:26:56', '2022-10-14 16:26:56'),
(2086, 111, '2022-10-14 22:39:25', '2022-10-14 22:39:25'),
(2087, 81, '2022-10-14 23:18:24', '2022-10-14 23:18:24'),
(2088, 113, '2022-10-14 23:28:48', '2022-10-14 23:28:48'),
(2089, 58, '2022-10-15 00:10:52', '2022-10-15 00:10:52'),
(2090, 73, '2022-10-15 00:11:06', '2022-10-15 00:11:06'),
(2091, 125, '2022-10-15 00:31:39', '2022-10-15 00:31:39'),
(2092, 65, '2022-10-15 01:29:39', '2022-10-15 01:29:39'),
(2093, 58, '2022-10-15 01:29:46', '2022-10-15 01:29:46'),
(2094, 83, '2022-10-15 09:02:54', '2022-10-15 09:02:54'),
(2095, 112, '2022-10-15 09:08:12', '2022-10-15 09:08:12'),
(2096, 117, '2022-10-15 15:54:27', '2022-10-15 15:54:27'),
(2097, 97, '2022-10-15 17:16:20', '2022-10-15 17:16:20'),
(2098, 84, '2022-10-15 17:59:49', '2022-10-15 17:59:49'),
(2099, 75, '2022-10-15 18:04:09', '2022-10-15 18:04:09'),
(2100, 97, '2022-10-15 18:54:37', '2022-10-15 18:54:37'),
(2101, 103, '2022-10-15 20:41:20', '2022-10-15 20:41:20'),
(2102, 70, '2022-10-15 21:25:30', '2022-10-15 21:25:30'),
(2103, 74, '2022-10-15 22:33:46', '2022-10-15 22:33:46'),
(2104, 112, '2022-10-15 23:02:27', '2022-10-15 23:02:27'),
(2105, 113, '2022-10-15 23:24:09', '2022-10-15 23:24:09'),
(2106, 110, '2022-10-15 23:40:47', '2022-10-15 23:40:47'),
(2107, 121, '2022-10-16 00:30:45', '2022-10-16 00:30:45'),
(2108, 69, '2022-10-16 00:49:44', '2022-10-16 00:49:44'),
(2109, 88, '2022-10-16 02:06:21', '2022-10-16 02:06:21'),
(2110, 84, '2022-10-16 02:10:52', '2022-10-16 02:10:52'),
(2111, 116, '2022-10-16 02:22:23', '2022-10-16 02:22:23'),
(2112, 114, '2022-10-16 02:39:09', '2022-10-16 02:39:09'),
(2113, 110, '2022-10-16 08:35:16', '2022-10-16 08:35:16'),
(2114, 73, '2022-10-16 09:06:22', '2022-10-16 09:06:22'),
(2115, 70, '2022-10-16 10:58:19', '2022-10-16 10:58:19'),
(2116, 99, '2022-10-16 11:11:18', '2022-10-16 11:11:18'),
(2117, 67, '2022-10-16 11:49:42', '2022-10-16 11:49:42'),
(2118, 67, '2022-10-16 13:12:29', '2022-10-16 13:12:29'),
(2119, 69, '2022-10-16 14:47:12', '2022-10-16 14:47:12'),
(2120, 73, '2022-10-16 17:06:58', '2022-10-16 17:06:58'),
(2121, 95, '2022-10-16 20:30:22', '2022-10-16 20:30:22'),
(2122, 69, '2022-10-16 20:43:46', '2022-10-16 20:43:46'),
(2123, 100, '2022-10-16 20:49:31', '2022-10-16 20:49:31'),
(2124, 74, '2022-10-16 20:56:47', '2022-10-16 20:56:47'),
(2125, 116, '2022-10-16 21:21:42', '2022-10-16 21:21:42'),
(2126, 89, '2022-10-16 21:29:17', '2022-10-16 21:29:17'),
(2127, 107, '2022-10-16 22:07:44', '2022-10-16 22:07:44'),
(2128, 115, '2022-10-16 22:21:48', '2022-10-16 22:21:48'),
(2129, 66, '2022-10-16 22:28:30', '2022-10-16 22:28:30'),
(2130, 94, '2022-10-16 23:39:05', '2022-10-16 23:39:05'),
(2131, 87, '2022-10-16 23:39:05', '2022-10-16 23:39:05'),
(2132, 94, '2022-10-17 01:51:54', '2022-10-17 01:51:54'),
(2133, 58, '2022-10-17 02:28:25', '2022-10-17 02:28:25'),
(2134, 104, '2022-10-17 05:25:53', '2022-10-17 05:25:53'),
(2135, 58, '2022-10-17 05:44:23', '2022-10-17 05:44:23'),
(2136, 94, '2022-10-17 06:01:47', '2022-10-17 06:01:47'),
(2137, 88, '2022-10-17 07:39:16', '2022-10-17 07:39:16'),
(2138, 76, '2022-10-17 08:01:45', '2022-10-17 08:01:45'),
(2139, 119, '2022-10-17 08:07:43', '2022-10-17 08:07:43'),
(2140, 102, '2022-10-17 08:13:38', '2022-10-17 08:13:38'),
(2141, 115, '2022-10-17 08:26:15', '2022-10-17 08:26:15'),
(2142, 63, '2022-10-17 12:53:06', '2022-10-17 12:53:06'),
(2143, 124, '2022-10-17 13:08:55', '2022-10-17 13:08:55'),
(2144, 88, '2022-10-17 15:14:41', '2022-10-17 15:14:41'),
(2145, 121, '2022-10-17 15:31:07', '2022-10-17 15:31:07'),
(2146, 113, '2022-10-17 16:25:09', '2022-10-17 16:25:09'),
(2147, 91, '2022-10-17 19:01:57', '2022-10-17 19:01:57'),
(2148, 113, '2022-10-17 19:09:14', '2022-10-17 19:09:14'),
(2149, 97, '2022-10-17 20:36:51', '2022-10-17 20:36:51'),
(2150, 84, '2022-10-17 20:52:13', '2022-10-17 20:52:13'),
(2151, 109, '2022-10-17 21:26:21', '2022-10-17 21:26:21'),
(2152, 103, '2022-10-17 22:12:08', '2022-10-17 22:12:08'),
(2153, 123, '2022-10-17 23:13:23', '2022-10-17 23:13:23'),
(2154, 100, '2022-10-17 23:13:47', '2022-10-17 23:13:47'),
(2155, 105, '2022-10-17 23:13:59', '2022-10-17 23:13:59'),
(2156, 122, '2022-10-17 23:14:34', '2022-10-17 23:14:34'),
(2157, 96, '2022-10-17 23:14:49', '2022-10-17 23:14:49'),
(2158, 66, '2022-10-17 23:15:02', '2022-10-17 23:15:02'),
(2159, 62, '2022-10-17 23:15:43', '2022-10-17 23:15:43'),
(2160, 78, '2022-10-17 23:15:50', '2022-10-17 23:15:50'),
(2161, 93, '2022-10-17 23:16:09', '2022-10-17 23:16:09'),
(2162, 90, '2022-10-18 00:01:29', '2022-10-18 00:01:29'),
(2163, 90, '2022-10-18 01:32:41', '2022-10-18 01:32:41'),
(2164, 127, '2022-10-18 01:55:36', '2022-10-18 01:55:36'),
(2165, 89, '2022-10-18 02:31:04', '2022-10-18 02:31:04'),
(2166, 124, '2022-10-18 02:56:09', '2022-10-18 02:56:09'),
(2167, 121, '2022-10-18 05:07:46', '2022-10-18 05:07:46'),
(2168, 88, '2022-10-18 05:08:02', '2022-10-18 05:08:02'),
(2169, 70, '2022-10-18 05:53:41', '2022-10-18 05:53:41'),
(2170, 69, '2022-10-18 06:49:37', '2022-10-18 06:49:37'),
(2171, 97, '2022-10-18 06:55:03', '2022-10-18 06:55:03'),
(2172, 93, '2022-10-18 07:31:54', '2022-10-18 07:31:54'),
(2173, 110, '2022-10-18 07:32:36', '2022-10-18 07:32:36'),
(2174, 124, '2022-10-18 07:32:37', '2022-10-18 07:32:37'),
(2175, 97, '2022-10-18 07:37:51', '2022-10-18 07:37:51'),
(2176, 75, '2022-10-18 08:22:51', '2022-10-18 08:22:51'),
(2177, 64, '2022-10-18 08:35:45', '2022-10-18 08:35:45'),
(2178, 116, '2022-10-18 08:57:09', '2022-10-18 08:57:09'),
(2179, 90, '2022-10-18 09:59:10', '2022-10-18 09:59:10'),
(2180, 90, '2022-10-18 10:44:10', '2022-10-18 10:44:10'),
(2181, 113, '2022-10-18 11:49:39', '2022-10-18 11:49:39'),
(2182, 118, '2022-10-18 12:53:02', '2022-10-18 12:53:02'),
(2183, 104, '2022-10-18 17:54:10', '2022-10-18 17:54:10'),
(2184, 89, '2022-10-18 21:26:26', '2022-10-18 21:26:26'),
(2185, 98, '2022-10-18 21:27:32', '2022-10-18 21:27:32'),
(2186, 115, '2022-10-18 23:01:23', '2022-10-18 23:01:23'),
(2187, 58, '2022-10-19 04:08:39', '2022-10-19 04:08:39'),
(2188, 123, '2022-10-19 05:01:02', '2022-10-19 05:01:02'),
(2189, 94, '2022-10-19 05:06:24', '2022-10-19 05:06:24'),
(2190, 77, '2022-10-19 05:40:46', '2022-10-19 05:40:46'),
(2191, 97, '2022-10-19 06:20:56', '2022-10-19 06:20:56'),
(2192, 85, '2022-10-19 06:40:02', '2022-10-19 06:40:02'),
(2193, 126, '2022-10-19 06:45:57', '2022-10-19 06:45:57'),
(2194, 93, '2022-10-19 07:40:13', '2022-10-19 07:40:13'),
(2195, 73, '2022-10-19 14:27:13', '2022-10-19 14:27:13'),
(2196, 105, '2022-10-19 14:53:38', '2022-10-19 14:53:38'),
(2197, 96, '2022-10-19 15:13:52', '2022-10-19 15:13:52'),
(2198, 78, '2022-10-19 15:24:09', '2022-10-19 15:24:09'),
(2199, 122, '2022-10-19 16:08:23', '2022-10-19 16:08:23'),
(2200, 128, '2022-10-19 22:34:56', '2022-10-19 22:34:56'),
(2201, 114, '2022-10-19 23:25:06', '2022-10-19 23:25:06'),
(2202, 76, '2022-10-20 00:28:47', '2022-10-20 00:28:47'),
(2203, 128, '2022-10-20 00:29:01', '2022-10-20 00:29:01'),
(2204, 75, '2022-10-20 02:09:09', '2022-10-20 02:09:09'),
(2205, 108, '2022-10-20 02:14:45', '2022-10-20 02:14:45'),
(2206, 128, '2022-10-20 06:08:31', '2022-10-20 06:08:31'),
(2207, 112, '2022-10-20 09:57:24', '2022-10-20 09:57:24'),
(2208, 118, '2022-10-20 10:40:40', '2022-10-20 10:40:40'),
(2209, 103, '2022-10-20 11:54:09', '2022-10-20 11:54:09'),
(2210, 92, '2022-10-20 13:49:21', '2022-10-20 13:49:21'),
(2211, 62, '2022-10-20 18:57:34', '2022-10-20 18:57:34'),
(2212, 82, '2022-10-20 20:09:35', '2022-10-20 20:09:35'),
(2213, 100, '2022-10-20 20:58:50', '2022-10-20 20:58:50'),
(2214, 89, '2022-10-21 00:08:30', '2022-10-21 00:08:30'),
(2215, 81, '2022-10-21 02:27:52', '2022-10-21 02:27:52'),
(2216, 81, '2022-10-21 02:34:15', '2022-10-21 02:34:15'),
(2217, 126, '2022-10-21 02:40:22', '2022-10-21 02:40:22'),
(2218, 77, '2022-10-21 02:41:42', '2022-10-21 02:41:42'),
(2219, 92, '2022-10-21 02:42:14', '2022-10-21 02:42:14'),
(2220, 112, '2022-10-21 02:46:19', '2022-10-21 02:46:19'),
(2221, 95, '2022-10-21 02:54:28', '2022-10-21 02:54:28'),
(2222, 58, '2022-10-21 03:09:32', '2022-10-21 03:09:32'),
(2223, 58, '2022-10-21 03:09:46', '2022-10-21 03:09:46'),
(2224, 92, '2022-10-21 03:44:48', '2022-10-21 03:44:48'),
(2225, 94, '2022-10-21 04:33:29', '2022-10-21 04:33:29'),
(2226, 91, '2022-10-21 05:19:28', '2022-10-21 05:19:28'),
(2227, 91, '2022-10-21 05:28:41', '2022-10-21 05:28:41'),
(2228, 80, '2022-10-21 05:33:51', '2022-10-21 05:33:51'),
(2229, 97, '2022-10-21 06:13:51', '2022-10-21 06:13:51'),
(2230, 98, '2022-10-21 07:51:31', '2022-10-21 07:51:31'),
(2231, 93, '2022-10-21 08:37:55', '2022-10-21 08:37:55'),
(2232, 90, '2022-10-21 09:23:11', '2022-10-21 09:23:11'),
(2233, 88, '2022-10-21 10:09:36', '2022-10-21 10:09:36'),
(2234, 99, '2022-10-21 10:57:14', '2022-10-21 10:57:14'),
(2235, 117, '2022-10-21 14:20:40', '2022-10-21 14:20:40'),
(2236, 74, '2022-10-21 14:37:48', '2022-10-21 14:37:48'),
(2237, 70, '2022-10-21 15:01:26', '2022-10-21 15:01:26'),
(2238, 84, '2022-10-21 15:08:45', '2022-10-21 15:08:45'),
(2239, 119, '2022-10-21 19:14:08', '2022-10-21 19:14:08'),
(2240, 95, '2022-10-21 20:01:27', '2022-10-21 20:01:27'),
(2241, 110, '2022-10-21 21:25:22', '2022-10-21 21:25:22'),
(2242, 128, '2022-10-21 21:34:45', '2022-10-21 21:34:45'),
(2243, 67, '2022-10-21 21:40:18', '2022-10-21 21:40:18'),
(2244, 99, '2022-10-21 22:44:09', '2022-10-21 22:44:09'),
(2245, 62, '2022-10-22 00:03:17', '2022-10-22 00:03:17'),
(2246, 66, '2022-10-22 00:04:01', '2022-10-22 00:04:01'),
(2247, 105, '2022-10-22 00:04:33', '2022-10-22 00:04:33'),
(2248, 105, '2022-10-22 00:07:09', '2022-10-22 00:07:09'),
(2249, 100, '2022-10-22 00:11:29', '2022-10-22 00:11:29'),
(2250, 82, '2022-10-22 00:20:30', '2022-10-22 00:20:30'),
(2251, 109, '2022-10-22 00:48:09', '2022-10-22 00:48:09'),
(2252, 117, '2022-10-22 02:29:35', '2022-10-22 02:29:35'),
(2253, 58, '2022-10-22 02:30:32', '2022-10-22 02:30:32'),
(2254, 113, '2022-10-22 02:33:45', '2022-10-22 02:33:45'),
(2255, 63, '2022-10-22 03:23:14', '2022-10-22 03:23:14'),
(2256, 62, '2022-10-22 04:13:38', '2022-10-22 04:13:38'),
(2257, 86, '2022-10-22 07:05:43', '2022-10-22 07:05:43'),
(2258, 95, '2022-10-22 08:09:25', '2022-10-22 08:09:25'),
(2259, 58, '2022-10-22 09:07:14', '2022-10-22 09:07:14'),
(2260, 76, '2022-10-22 09:12:19', '2022-10-22 09:12:19'),
(2261, 119, '2022-10-22 15:56:27', '2022-10-22 15:56:27'),
(2262, 94, '2022-10-22 16:01:41', '2022-10-22 16:01:41'),
(2263, 114, '2022-10-22 16:06:42', '2022-10-22 16:06:42'),
(2264, 73, '2022-10-22 17:03:28', '2022-10-22 17:03:28'),
(2265, 102, '2022-10-22 17:58:28', '2022-10-22 17:58:28'),
(2266, 62, '2022-10-22 18:09:58', '2022-10-22 18:09:58'),
(2267, 128, '2022-10-22 18:55:23', '2022-10-22 18:55:23'),
(2268, 104, '2022-10-22 19:07:18', '2022-10-22 19:07:18'),
(2269, 74, '2022-10-22 19:16:27', '2022-10-22 19:16:27'),
(2270, 128, '2022-10-22 22:11:53', '2022-10-22 22:11:53'),
(2271, 88, '2022-10-22 23:16:45', '2022-10-22 23:16:45'),
(2272, 87, '2022-10-22 23:25:51', '2022-10-22 23:25:51'),
(2273, 86, '2022-10-22 23:33:29', '2022-10-22 23:33:29'),
(2274, 70, '2022-10-23 00:03:49', '2022-10-23 00:03:49'),
(2275, 77, '2022-10-23 00:18:52', '2022-10-23 00:18:52'),
(2276, 90, '2022-10-23 07:40:29', '2022-10-23 07:40:29'),
(2277, 100, '2022-10-23 08:32:24', '2022-10-23 08:32:24'),
(2278, 104, '2022-10-23 09:09:07', '2022-10-23 09:09:07'),
(2279, 102, '2022-10-23 10:24:32', '2022-10-23 10:24:32'),
(2280, 116, '2022-10-23 16:35:15', '2022-10-23 16:35:15'),
(2281, 113, '2022-10-23 16:41:46', '2022-10-23 16:41:46'),
(2282, 111, '2022-10-23 17:38:59', '2022-10-23 17:38:59'),
(2283, 66, '2022-10-24 04:00:55', '2022-10-24 04:00:55'),
(2284, 114, '2022-10-24 04:15:15', '2022-10-24 04:15:15'),
(2285, 83, '2022-10-24 05:07:03', '2022-10-24 05:07:03'),
(2286, 81, '2022-10-24 09:44:02', '2022-10-24 09:44:02'),
(2287, 122, '2022-10-24 09:47:11', '2022-10-24 09:47:11'),
(2288, 124, '2022-10-24 09:48:39', '2022-10-24 09:48:39'),
(2289, 89, '2022-10-24 09:51:09', '2022-10-24 09:51:09'),
(2290, 92, '2022-10-24 09:51:46', '2022-10-24 09:51:46'),
(2291, 110, '2022-10-24 09:54:03', '2022-10-24 09:54:03'),
(2292, 112, '2022-10-24 09:55:13', '2022-10-24 09:55:13'),
(2293, 114, '2022-10-24 09:56:35', '2022-10-24 09:56:35'),
(2294, 76, '2022-10-24 09:59:15', '2022-10-24 09:59:15'),
(2295, 64, '2022-10-24 09:59:30', '2022-10-24 09:59:30'),
(2296, 91, '2022-10-24 09:59:48', '2022-10-24 09:59:48'),
(2297, 100, '2022-10-24 10:02:07', '2022-10-24 10:02:07'),
(2298, 75, '2022-10-24 10:07:10', '2022-10-24 10:07:10'),
(2299, 63, '2022-10-24 10:07:25', '2022-10-24 10:07:25'),
(2300, 90, '2022-10-24 10:07:46', '2022-10-24 10:07:46'),
(2301, 98, '2022-10-24 10:14:46', '2022-10-24 10:14:46'),
(2302, 97, '2022-10-24 10:22:44', '2022-10-24 10:22:44'),
(2303, 85, '2022-10-24 10:22:57', '2022-10-24 10:22:57'),
(2304, 123, '2022-10-24 10:23:28', '2022-10-24 10:23:28'),
(2305, 125, '2022-10-24 10:24:38', '2022-10-24 10:24:38'),
(2306, 127, '2022-10-24 10:25:50', '2022-10-24 10:25:50'),
(2307, 69, '2022-10-24 10:30:03', '2022-10-24 10:30:03'),
(2308, 96, '2022-10-24 10:30:19', '2022-10-24 10:30:19'),
(2309, 84, '2022-10-24 10:30:33', '2022-10-24 10:30:33'),
(2310, 113, '2022-10-24 10:31:06', '2022-10-24 10:31:06'),
(2311, 115, '2022-10-24 10:32:23', '2022-10-24 10:32:23'),
(2312, 119, '2022-10-24 10:34:57', '2022-10-24 10:34:57'),
(2313, 95, '2022-10-24 10:38:10', '2022-10-24 10:38:10'),
(2314, 83, '2022-10-24 10:38:24', '2022-10-24 10:38:24'),
(2315, 105, '2022-10-24 10:40:07', '2022-10-24 10:40:07'),
(2316, 107, '2022-10-24 10:41:26', '2022-10-24 10:41:26'),
(2317, 109, '2022-10-24 10:42:40', '2022-10-24 10:42:40'),
(2318, 115, '2022-10-24 15:58:53', '2022-10-24 15:58:53'),
(2319, 80, '2022-10-24 16:01:39', '2022-10-24 16:01:39'),
(2320, 118, '2022-10-24 16:07:39', '2022-10-24 16:07:39'),
(2321, 64, '2022-10-24 16:12:58', '2022-10-24 16:12:58'),
(2322, 69, '2022-10-24 16:26:52', '2022-10-24 16:26:52'),
(2323, 81, '2022-10-24 16:38:02', '2022-10-24 16:38:02'),
(2324, 78, '2022-10-24 16:54:00', '2022-10-24 16:54:00'),
(2325, 66, '2022-10-24 16:54:18', '2022-10-24 16:54:18'),
(2326, 93, '2022-10-24 16:54:43', '2022-10-24 16:54:43'),
(2327, 127, '2022-10-24 20:15:34', '2022-10-24 20:15:34'),
(2328, 125, '2022-10-24 20:56:05', '2022-10-24 20:56:05'),
(2329, 65, '2022-10-24 21:11:12', '2022-10-24 21:11:12'),
(2330, 126, '2022-10-24 23:13:47', '2022-10-24 23:13:47'),
(2331, 96, '2022-10-25 01:07:48', '2022-10-25 01:07:48'),
(2332, 108, '2022-10-25 04:59:47', '2022-10-25 04:59:47'),
(2333, 78, '2022-10-25 08:38:56', '2022-10-25 08:38:56'),
(2334, 113, '2022-10-25 09:08:09', '2022-10-25 09:08:09'),
(2335, 73, '2022-10-25 09:23:06', '2022-10-25 09:23:06'),
(2336, 126, '2022-10-25 09:28:39', '2022-10-25 09:28:39'),
(2337, 126, '2022-10-25 09:54:12', '2022-10-25 09:54:12'),
(2338, 73, '2022-10-25 10:00:09', '2022-10-25 10:00:09'),
(2339, 58, '2022-10-25 10:06:53', '2022-10-25 10:06:53'),
(2340, 63, '2022-10-25 11:31:11', '2022-10-25 11:31:11'),
(2341, 77, '2022-10-25 11:45:58', '2022-10-25 11:45:58'),
(2342, 107, '2022-10-25 15:33:36', '2022-10-25 15:33:36'),
(2343, 99, '2022-10-25 15:47:11', '2022-10-25 15:47:11'),
(2344, 64, '2022-10-25 16:04:54', '2022-10-25 16:04:54'),
(2345, 98, '2022-10-25 17:57:31', '2022-10-25 17:57:31'),
(2346, 87, '2022-10-25 18:35:07', '2022-10-25 18:35:07'),
(2347, 69, '2022-10-25 19:51:41', '2022-10-25 19:51:41'),
(2348, 121, '2022-10-25 20:04:20', '2022-10-25 20:04:20'),
(2349, 121, '2022-10-25 20:04:28', '2022-10-25 20:04:28'),
(2350, 121, '2022-10-25 20:04:48', '2022-10-25 20:04:48'),
(2351, 121, '2022-10-25 20:04:53', '2022-10-25 20:04:53'),
(2352, 121, '2022-10-25 20:05:13', '2022-10-25 20:05:13'),
(2353, 121, '2022-10-25 20:12:04', '2022-10-25 20:12:04'),
(2354, 105, '2022-10-26 01:54:38', '2022-10-26 01:54:38'),
(2355, 81, '2022-10-26 02:00:11', '2022-10-26 02:00:11'),
(2356, 85, '2022-10-26 02:05:50', '2022-10-26 02:05:50'),
(2357, 97, '2022-10-26 02:39:22', '2022-10-26 02:39:22'),
(2358, 62, '2022-10-26 03:21:49', '2022-10-26 03:21:49'),
(2359, 104, '2022-10-26 03:51:38', '2022-10-26 03:51:38'),
(2360, 89, '2022-10-26 04:00:14', '2022-10-26 04:00:14'),
(2361, 105, '2022-10-26 04:05:16', '2022-10-26 04:05:16'),
(2362, 92, '2022-10-26 04:10:23', '2022-10-26 04:10:23'),
(2363, 103, '2022-10-26 04:15:21', '2022-10-26 04:15:21'),
(2364, 123, '2022-10-26 04:20:33', '2022-10-26 04:20:33'),
(2365, 121, '2022-10-26 05:27:35', '2022-10-26 05:27:35'),
(2366, 113, '2022-10-26 07:14:08', '2022-10-26 07:14:08'),
(2367, 113, '2022-10-26 07:18:53', '2022-10-26 07:18:53'),
(2368, 113, '2022-10-26 07:22:50', '2022-10-26 07:22:50'),
(2369, 113, '2022-10-26 07:47:28', '2022-10-26 07:47:28'),
(2370, 113, '2022-10-26 07:48:30', '2022-10-26 07:48:30'),
(2371, 113, '2022-10-26 07:52:52', '2022-10-26 07:52:52'),
(2372, 81, '2022-10-26 09:35:29', '2022-10-26 09:35:29'),
(2373, 91, '2022-10-26 09:35:59', '2022-10-26 09:35:59'),
(2374, 127, '2022-10-26 09:37:24', '2022-10-26 09:37:24'),
(2375, 102, '2022-10-26 09:38:50', '2022-10-26 09:38:50'),
(2376, 125, '2022-10-26 09:39:31', '2022-10-26 09:39:31'),
(2377, 75, '2022-10-26 09:40:28', '2022-10-26 09:40:28'),
(2378, 78, '2022-10-26 09:44:56', '2022-10-26 09:44:56'),
(2379, 85, '2022-10-26 09:45:40', '2022-10-26 09:45:40'),
(2380, 119, '2022-10-26 09:48:10', '2022-10-26 09:48:10'),
(2381, 118, '2022-10-26 09:48:13', '2022-10-26 09:48:13'),
(2382, 74, '2022-10-26 09:48:56', '2022-10-26 09:48:56'),
(2383, 100, '2022-10-26 09:49:56', '2022-10-26 09:49:56'),
(2384, 84, '2022-10-26 09:53:01', '2022-10-26 09:53:01'),
(2385, 115, '2022-10-26 09:53:54', '2022-10-26 09:53:54'),
(2386, 70, '2022-10-26 09:54:46', '2022-10-26 09:54:46'),
(2387, 73, '2022-10-26 09:56:03', '2022-10-26 09:56:03'),
(2388, 107, '2022-10-26 09:57:03', '2022-10-26 09:57:03'),
(2389, 89, '2022-10-26 09:57:43', '2022-10-26 09:57:43'),
(2390, 109, '2022-10-26 09:58:02', '2022-10-26 09:58:02'),
(2391, 124, '2022-10-26 09:58:40', '2022-10-26 09:58:40'),
(2392, 88, '2022-10-26 09:59:33', '2022-10-26 09:59:33'),
(2393, 96, '2022-10-26 10:00:40', '2022-10-26 10:00:40'),
(2394, 97, '2022-10-26 10:02:33', '2022-10-26 10:02:33'),
(2395, 105, '2022-10-26 10:04:11', '2022-10-26 10:04:11'),
(2396, 98, '2022-10-26 10:04:36', '2022-10-26 10:04:36'),
(2397, 77, '2022-10-26 10:05:30', '2022-10-26 10:05:30'),
(2398, 93, '2022-10-26 10:06:46', '2022-10-26 10:06:46'),
(2399, 80, '2022-10-26 10:07:12', '2022-10-26 10:07:12'),
(2400, 64, '2022-10-26 10:07:30', '2022-10-26 10:07:30'),
(2401, 95, '2022-10-26 10:08:41', '2022-10-26 10:08:41'),
(2402, 86, '2022-10-26 10:09:49', '2022-10-26 10:09:49'),
(2403, 114, '2022-10-26 10:10:56', '2022-10-26 10:10:56'),
(2404, 128, '2022-10-26 10:11:25', '2022-10-26 10:11:25'),
(2405, 126, '2022-10-26 10:11:47', '2022-10-26 10:11:47'),
(2406, 66, '2022-10-26 10:12:07', '2022-10-26 10:12:07'),
(2407, 112, '2022-10-26 10:12:40', '2022-10-26 10:12:40'),
(2408, 76, '2022-10-26 10:13:14', '2022-10-26 10:13:14'),
(2409, 90, '2022-10-26 10:14:59', '2022-10-26 10:14:59'),
(2410, 63, '2022-10-26 10:15:43', '2022-10-26 10:15:43'),
(2411, 113, '2022-10-26 10:16:31', '2022-10-26 10:16:31'),
(2412, 104, '2022-10-26 10:16:35', '2022-10-26 10:16:35'),
(2413, 92, '2022-10-26 10:17:08', '2022-10-26 10:17:08'),
(2414, 62, '2022-10-26 10:18:41', '2022-10-26 10:18:41'),
(2415, 87, '2022-10-26 10:19:11', '2022-10-26 10:19:11'),
(2416, 123, '2022-10-26 10:19:20', '2022-10-26 10:19:20'),
(2417, 69, '2022-10-26 10:20:47', '2022-10-26 10:20:47'),
(2418, 83, '2022-10-26 10:21:55', '2022-10-26 10:21:55'),
(2419, 110, '2022-10-26 10:23:36', '2022-10-26 10:23:36'),
(2420, 122, '2022-10-26 10:26:04', '2022-10-26 10:26:04'),
(2421, 92, '2022-10-26 11:10:42', '2022-10-26 11:10:42'),
(2422, 94, '2022-10-26 11:27:40', '2022-10-26 11:27:40'),
(2423, 107, '2022-10-26 11:32:09', '2022-10-26 11:32:09'),
(2424, 91, '2022-10-26 12:18:17', '2022-10-26 12:18:17'),
(2425, 115, '2022-10-26 15:58:19', '2022-10-26 15:58:19'),
(2426, 115, '2022-10-26 15:58:19', '2022-10-26 15:58:19'),
(2427, 115, '2022-10-26 16:35:47', '2022-10-26 16:35:47'),
(2428, 121, '2022-10-26 18:23:54', '2022-10-26 18:23:54'),
(2429, 121, '2022-10-26 20:25:51', '2022-10-26 20:25:51'),
(2430, 69, '2022-10-26 21:06:42', '2022-10-26 21:06:42'),
(2431, 69, '2022-10-26 21:14:29', '2022-10-26 21:14:29'),
(2432, 92, '2022-10-26 21:15:34', '2022-10-26 21:15:34'),
(2433, 92, '2022-10-26 21:15:44', '2022-10-26 21:15:44'),
(2434, 98, '2022-10-26 21:18:03', '2022-10-26 21:18:03'),
(2435, 98, '2022-10-26 21:18:26', '2022-10-26 21:18:26'),
(2436, 124, '2022-10-26 22:06:29', '2022-10-26 22:06:29'),
(2437, 110, '2022-10-27 04:16:39', '2022-10-27 04:16:39'),
(2438, 84, '2022-10-27 05:29:41', '2022-10-27 05:29:41'),
(2439, 108, '2022-10-27 06:53:59', '2022-10-27 06:53:59'),
(2440, 73, '2022-10-27 07:24:59', '2022-10-27 07:24:59'),
(2441, 73, '2022-10-27 07:47:51', '2022-10-27 07:47:51'),
(2442, 73, '2022-10-27 07:56:23', '2022-10-27 07:56:23'),
(2443, 121, '2022-10-27 12:28:37', '2022-10-27 12:28:37'),
(2444, 90, '2022-10-27 15:31:58', '2022-10-27 15:31:58'),
(2445, 97, '2022-10-27 15:32:22', '2022-10-27 15:32:22'),
(2446, 81, '2022-10-27 15:33:33', '2022-10-27 15:33:33'),
(2447, 114, '2022-10-27 15:33:50', '2022-10-27 15:33:50'),
(2448, 109, '2022-10-27 16:20:11', '2022-10-27 16:20:11'),
(2449, 80, '2022-10-27 16:54:52', '2022-10-27 16:54:52'),
(2450, 86, '2022-10-27 18:11:28', '2022-10-27 18:11:28'),
(2451, 112, '2022-10-28 02:29:31', '2022-10-28 02:29:31'),
(2452, 74, '2022-10-28 03:20:21', '2022-10-28 03:20:21'),
(2453, 112, '2022-10-28 08:37:02', '2022-10-28 08:37:02'),
(2454, 122, '2022-10-28 08:45:46', '2022-10-28 08:45:46'),
(2455, 95, '2022-10-28 09:05:06', '2022-10-28 09:05:06'),
(2456, 94, '2022-10-28 09:18:33', '2022-10-28 09:18:33'),
(2457, 82, '2022-10-28 12:01:47', '2022-10-28 12:01:47'),
(2458, 121, '2022-10-28 12:07:07', '2022-10-28 12:07:07'),
(2459, 92, '2022-10-28 12:59:23', '2022-10-28 12:59:23'),
(2460, 112, '2022-10-28 14:59:23', '2022-10-28 14:59:23'),
(2461, 97, '2022-10-28 15:30:20', '2022-10-28 15:30:20'),
(2462, 76, '2022-10-28 15:31:17', '2022-10-28 15:31:17'),
(2463, 76, '2022-10-28 15:35:47', '2022-10-28 15:35:47'),
(2464, 128, '2022-10-28 15:36:42', '2022-10-28 15:36:42'),
(2465, 128, '2022-10-28 15:38:08', '2022-10-28 15:38:08'),
(2466, 128, '2022-10-28 15:40:19', '2022-10-28 15:40:19'),
(2467, 128, '2022-10-28 15:42:48', '2022-10-28 15:42:48'),
(2468, 128, '2022-10-28 15:43:07', '2022-10-28 15:43:07'),
(2469, 94, '2022-10-28 15:59:23', '2022-10-28 15:59:23'),
(2470, 88, '2022-10-28 20:19:33', '2022-10-28 20:19:33'),
(2471, 90, '2022-10-28 20:33:05', '2022-10-28 20:33:05'),
(2472, 119, '2022-10-28 21:25:09', '2022-10-28 21:25:09'),
(2473, 115, '2022-10-28 21:30:55', '2022-10-28 21:30:55'),
(2474, 67, '2022-10-28 21:36:43', '2022-10-28 21:36:43'),
(2475, 100, '2022-10-28 23:37:03', '2022-10-28 23:37:03'),
(2476, 128, '2022-10-29 03:54:43', '2022-10-29 03:54:43'),
(2477, 104, '2022-10-29 11:54:17', '2022-10-29 11:54:17'),
(2478, 66, '2022-10-29 16:05:41', '2022-10-29 16:05:41'),
(2479, 104, '2022-10-29 16:11:07', '2022-10-29 16:11:07'),
(2480, 128, '2022-10-29 16:16:34', '2022-10-29 16:16:34'),
(2481, 125, '2022-10-30 00:36:50', '2022-10-30 00:36:50'),
(2482, 85, '2022-10-31 14:07:44', '2022-10-31 14:07:44'),
(2483, 98, '2022-10-31 15:10:43', '2022-10-31 15:10:43'),
(2484, 89, '2022-10-31 21:01:19', '2022-10-31 21:01:19'),
(2485, 113, '2022-10-31 21:59:11', '2022-10-31 21:59:11'),
(2486, 92, '2022-10-31 22:49:05', '2022-10-31 22:49:05'),
(2487, 70, '2022-10-31 22:49:27', '2022-10-31 22:49:27'),
(2488, 66, '2022-10-31 23:19:05', '2022-10-31 23:19:05'),
(2489, 113, '2022-10-31 23:26:49', '2022-10-31 23:26:49'),
(2490, 78, '2022-11-01 01:02:44', '2022-11-01 01:02:44'),
(2491, 105, '2022-11-01 01:08:09', '2022-11-01 01:08:09'),
(2492, 103, '2022-11-01 01:13:36', '2022-11-01 01:13:36'),
(2493, 113, '2022-11-01 01:19:02', '2022-11-01 01:19:02'),
(2494, 63, '2022-11-01 01:24:30', '2022-11-01 01:24:30'),
(2495, 110, '2022-11-01 09:37:24', '2022-11-01 09:37:24'),
(2496, 127, '2022-11-01 14:30:55', '2022-11-01 14:30:55'),
(2497, 62, '2022-11-01 14:36:16', '2022-11-01 14:36:16'),
(2498, 81, '2022-11-01 17:22:59', '2022-11-01 17:22:59'),
(2499, 114, '2022-11-01 17:23:16', '2022-11-01 17:23:16'),
(2500, 86, '2022-11-01 23:28:44', '2022-11-01 23:28:44'),
(2501, 108, '2022-11-02 00:56:10', '2022-11-02 00:56:10'),
(2502, 92, '2022-11-02 04:04:10', '2022-11-02 04:04:10'),
(2503, 87, '2022-11-02 04:09:31', '2022-11-02 04:09:31'),
(2504, 100, '2022-11-02 06:40:35', '2022-11-02 06:40:35'),
(2505, 100, '2022-11-02 06:41:26', '2022-11-02 06:41:26'),
(2506, 66, '2022-11-02 06:42:26', '2022-11-02 06:42:26'),
(2507, 112, '2022-11-02 08:14:47', '2022-11-02 08:14:47'),
(2508, 82, '2022-11-02 08:54:39', '2022-11-02 08:54:39'),
(2509, 83, '2022-11-02 08:54:56', '2022-11-02 08:54:56'),
(2510, 99, '2022-11-02 08:55:22', '2022-11-02 08:55:22'),
(2511, 103, '2022-11-02 08:55:29', '2022-11-02 08:55:29'),
(2512, 74, '2022-11-02 08:55:45', '2022-11-02 08:55:45'),
(2513, 80, '2022-11-02 08:55:58', '2022-11-02 08:55:58'),
(2514, 80, '2022-11-02 08:55:59', '2022-11-02 08:55:59'),
(2515, 84, '2022-11-02 12:03:02', '2022-11-02 12:03:02'),
(2516, 107, '2022-11-02 13:14:16', '2022-11-02 13:14:16'),
(2517, 122, '2022-11-02 14:49:31', '2022-11-02 14:49:31'),
(2518, 109, '2022-11-02 18:20:13', '2022-11-02 18:20:13'),
(2519, 89, '2022-11-02 18:55:58', '2022-11-02 18:55:58'),
(2520, 70, '2022-11-02 18:55:58', '2022-11-02 18:55:58'),
(2521, 58, '2022-11-02 20:37:11', '2022-11-02 20:37:11'),
(2522, 90, '2022-11-02 21:16:58', '2022-11-02 21:16:58'),
(2523, 99, '2022-11-03 00:34:09', '2022-11-03 00:34:09'),
(2524, 88, '2022-11-03 01:06:42', '2022-11-03 01:06:42'),
(2525, 115, '2022-11-03 03:02:46', '2022-11-03 03:02:46'),
(2526, 115, '2022-11-03 03:03:29', '2022-11-03 03:03:29'),
(2527, 93, '2022-11-03 04:22:35', '2022-11-03 04:22:35'),
(2528, 123, '2022-11-03 07:18:18', '2022-11-03 07:18:18'),
(2529, 92, '2022-11-03 10:54:35', '2022-11-03 10:54:35'),
(2530, 66, '2022-11-03 11:54:35', '2022-11-03 11:54:35'),
(2531, 126, '2022-11-03 14:28:25', '2022-11-03 14:28:25'),
(2532, 81, '2022-11-03 16:03:07', '2022-11-03 16:03:07'),
(2533, 124, '2022-11-03 17:53:21', '2022-11-03 17:53:21'),
(2534, 113, '2022-11-03 20:07:18', '2022-11-03 20:07:18'),
(2535, 95, '2022-11-03 20:17:27', '2022-11-03 20:17:27'),
(2536, 67, '2022-11-03 20:17:46', '2022-11-03 20:17:46'),
(2537, 64, '2022-11-03 20:17:54', '2022-11-03 20:17:54'),
(2538, 63, '2022-11-03 20:18:01', '2022-11-03 20:18:01'),
(2539, 95, '2022-11-03 20:23:52', '2022-11-03 20:23:52'),
(2540, 86, '2022-11-03 20:52:37', '2022-11-03 20:52:37'),
(2541, 95, '2022-11-03 21:15:10', '2022-11-03 21:15:10'),
(2542, 91, '2022-11-03 21:15:18', '2022-11-03 21:15:18'),
(2543, 95, '2022-11-03 21:16:37', '2022-11-03 21:16:37'),
(2544, 64, '2022-11-03 21:16:45', '2022-11-03 21:16:45'),
(2545, 91, '2022-11-03 21:19:48', '2022-11-03 21:19:48'),
(2546, 128, '2022-11-04 00:17:23', '2022-11-04 00:17:23'),
(2547, 115, '2022-11-04 02:08:55', '2022-11-04 02:08:55'),
(2548, 115, '2022-11-04 02:11:15', '2022-11-04 02:11:15'),
(2549, 112, '2022-11-04 02:11:19', '2022-11-04 02:11:19'),
(2550, 115, '2022-11-04 02:11:25', '2022-11-04 02:11:25'),
(2551, 119, '2022-11-04 02:26:38', '2022-11-04 02:26:38'),
(2552, 118, '2022-11-04 03:39:18', '2022-11-04 03:39:18'),
(2553, 116, '2022-11-04 11:21:17', '2022-11-04 11:21:17'),
(2554, 86, '2022-11-04 20:28:46', '2022-11-04 20:28:46'),
(2555, 65, '2022-11-04 20:33:44', '2022-11-04 20:33:44'),
(2556, 67, '2022-11-04 20:53:17', '2022-11-04 20:53:17'),
(2557, 58, '2022-11-04 20:54:18', '2022-11-04 20:54:18'),
(2558, 125, '2022-11-04 21:03:20', '2022-11-04 21:03:20'),
(2559, 94, '2022-11-04 21:37:33', '2022-11-04 21:37:33'),
(2560, 80, '2022-11-04 22:04:26', '2022-11-04 22:04:26'),
(2561, 121, '2022-11-04 22:35:07', '2022-11-04 22:35:07'),
(2562, 75, '2022-11-05 04:53:36', '2022-11-05 04:53:36'),
(2563, 64, '2022-11-05 04:58:36', '2022-11-05 04:58:36'),
(2564, 115, '2022-11-05 05:34:35', '2022-11-05 05:34:35'),
(2565, 104, '2022-11-05 05:57:27', '2022-11-05 05:57:27'),
(2566, 80, '2022-11-05 06:02:29', '2022-11-05 06:02:29'),
(2567, 66, '2022-11-05 06:23:58', '2022-11-05 06:23:58'),
(2568, 58, '2022-11-05 07:29:58', '2022-11-05 07:29:58'),
(2569, 112, '2022-11-05 08:14:11', '2022-11-05 08:14:11'),
(2570, 76, '2022-11-05 16:03:45', '2022-11-05 16:03:45'),
(2571, 92, '2022-11-05 20:30:00', '2022-11-05 20:30:00'),
(2572, 66, '2022-11-05 21:16:00', '2022-11-05 21:16:00'),
(2573, 112, '2022-11-05 22:04:47', '2022-11-05 22:04:47'),
(2574, 96, '2022-11-06 01:03:44', '2022-11-06 01:03:44'),
(2575, 74, '2022-11-06 01:15:01', '2022-11-06 01:15:01'),
(2576, 117, '2022-11-06 01:41:43', '2022-11-06 01:41:43'),
(2577, 119, '2022-11-06 03:10:29', '2022-11-06 03:10:29'),
(2578, 89, '2022-11-06 04:05:44', '2022-11-06 04:05:44'),
(2579, 83, '2022-11-06 05:10:33', '2022-11-06 05:10:33'),
(2580, 83, '2022-11-06 05:11:01', '2022-11-06 05:11:01'),
(2581, 110, '2022-11-06 10:19:35', '2022-11-06 10:19:35'),
(2582, 63, '2022-11-06 10:31:38', '2022-11-06 10:31:38'),
(2583, 82, '2022-11-06 11:20:50', '2022-11-06 11:20:50'),
(2584, 78, '2022-11-06 15:49:58', '2022-11-06 15:49:58'),
(2585, 109, '2022-11-06 16:05:08', '2022-11-06 16:05:08'),
(2586, 103, '2022-11-06 19:13:08', '2022-11-06 19:13:08'),
(2587, 98, '2022-11-06 20:01:27', '2022-11-06 20:01:27'),
(2588, 121, '2022-11-06 20:06:22', '2022-11-06 20:06:22'),
(2589, 127, '2022-11-06 20:16:23', '2022-11-06 20:16:23'),
(2590, 91, '2022-11-06 20:21:23', '2022-11-06 20:21:23'),
(2591, 99, '2022-11-06 23:51:32', '2022-11-06 23:51:32'),
(2592, 103, '2022-11-07 01:25:00', '2022-11-07 01:25:00'),
(2593, 103, '2022-11-07 01:25:01', '2022-11-07 01:25:01'),
(2594, 83, '2022-11-07 11:46:56', '2022-11-07 11:46:56'),
(2595, 112, '2022-11-07 14:09:16', '2022-11-07 14:09:16'),
(2596, 117, '2022-11-07 15:20:14', '2022-11-07 15:20:14'),
(2597, 117, '2022-11-07 15:20:14', '2022-11-07 15:20:14'),
(2598, 107, '2022-11-08 01:05:43', '2022-11-08 01:05:43'),
(2599, 105, '2022-11-08 01:15:56', '2022-11-08 01:15:56'),
(2600, 80, '2022-11-08 03:10:41', '2022-11-08 03:10:41'),
(2601, 90, '2022-11-08 09:09:27', '2022-11-08 09:09:27'),
(2602, 85, '2022-11-08 09:24:41', '2022-11-08 09:24:41'),
(2603, 76, '2022-11-08 20:32:49', '2022-11-08 20:32:49'),
(2604, 58, '2022-11-08 20:33:13', '2022-11-08 20:33:13'),
(2605, 90, '2022-11-08 20:34:09', '2022-11-08 20:34:09'),
(2606, 63, '2022-11-08 20:34:56', '2022-11-08 20:34:56'),
(2607, 113, '2022-11-08 20:35:46', '2022-11-08 20:35:46'),
(2608, 104, '2022-11-08 20:35:51', '2022-11-08 20:35:51'),
(2609, 92, '2022-11-08 20:36:19', '2022-11-08 20:36:19'),
(2610, 62, '2022-11-08 20:37:52', '2022-11-08 20:37:52'),
(2611, 65, '2022-11-08 20:38:07', '2022-11-08 20:38:07'),
(2612, 87, '2022-11-08 20:38:23', '2022-11-08 20:38:23'),
(2613, 123, '2022-11-08 20:38:31', '2022-11-08 20:38:31'),
(2614, 83, '2022-11-08 20:40:53', '2022-11-08 20:40:53'),
(2615, 110, '2022-11-08 20:42:21', '2022-11-08 20:42:21'),
(2616, 116, '2022-11-08 20:42:38', '2022-11-08 20:42:38'),
(2617, 122, '2022-11-08 20:44:23', '2022-11-08 20:44:23'),
(2618, 108, '2022-11-08 20:47:45', '2022-11-08 20:47:45'),
(2619, 91, '2022-11-08 20:48:16', '2022-11-08 20:48:16'),
(2620, 127, '2022-11-08 20:49:11', '2022-11-08 20:49:11'),
(2621, 99, '2022-11-08 20:49:43', '2022-11-08 20:49:43'),
(2622, 102, '2022-11-08 20:50:06', '2022-11-08 20:50:06'),
(2623, 125, '2022-11-08 20:50:37', '2022-11-08 20:50:37'),
(2624, 75, '2022-11-08 20:51:13', '2022-11-08 20:51:13'),
(2625, 78, '2022-11-08 20:53:52', '2022-11-08 20:53:52'),
(2626, 85, '2022-11-08 20:54:17', '2022-11-08 20:54:17'),
(2627, 121, '2022-11-08 20:55:21', '2022-11-08 20:55:21'),
(2628, 119, '2022-11-08 20:55:44', '2022-11-08 20:55:44'),
(2629, 118, '2022-11-08 20:55:47', '2022-11-08 20:55:47'),
(2630, 74, '2022-11-08 20:56:12', '2022-11-08 20:56:12'),
(2631, 100, '2022-11-08 20:56:52', '2022-11-08 20:56:52'),
(2632, 84, '2022-11-08 20:58:51', '2022-11-08 20:58:51'),
(2633, 111, '2022-11-08 20:59:28', '2022-11-08 20:59:28'),
(2634, 70, '2022-11-08 20:59:51', '2022-11-08 20:59:51'),
(2635, 73, '2022-11-08 21:00:40', '2022-11-08 21:00:40'),
(2636, 107, '2022-11-08 21:01:14', '2022-11-08 21:01:14'),
(2637, 117, '2022-11-08 21:01:18', '2022-11-08 21:01:18'),
(2638, 89, '2022-11-08 21:01:40', '2022-11-08 21:01:40'),
(2639, 109, '2022-11-08 21:01:51', '2022-11-08 21:01:51'),
(2640, 124, '2022-11-08 21:02:15', '2022-11-08 21:02:15'),
(2641, 88, '2022-11-08 21:02:44', '2022-11-08 21:02:44'),
(2642, 96, '2022-11-08 21:03:22', '2022-11-08 21:03:22'),
(2643, 97, '2022-11-08 21:04:24', '2022-11-08 21:04:24'),
(2644, 105, '2022-11-08 21:05:14', '2022-11-08 21:05:14'),
(2645, 98, '2022-11-08 21:05:28', '2022-11-08 21:05:28'),
(2646, 77, '2022-11-08 21:05:56', '2022-11-08 21:05:56'),
(2647, 93, '2022-11-08 21:06:36', '2022-11-08 21:06:36'),
(2648, 80, '2022-11-08 21:06:48', '2022-11-08 21:06:48'),
(2649, 95, '2022-11-08 21:07:32', '2022-11-08 21:07:32'),
(2650, 86, '2022-11-08 21:08:09', '2022-11-08 21:08:09'),
(2651, 114, '2022-11-08 21:08:48', '2022-11-08 21:08:48'),
(2652, 126, '2022-11-08 21:09:18', '2022-11-08 21:09:18'),
(2653, 66, '2022-11-08 21:09:31', '2022-11-08 21:09:31'),
(2654, 112, '2022-11-08 21:09:50', '2022-11-08 21:09:50'),
(2655, 126, '2022-11-08 22:50:06', '2022-11-08 22:50:06'),
(2656, 96, '2022-11-08 23:52:12', '2022-11-08 23:52:12'),
(2657, 96, '2022-11-08 23:53:09', '2022-11-08 23:53:09'),
(2658, 115, '2022-11-09 05:07:50', '2022-11-09 05:07:50'),
(2659, 115, '2022-11-09 05:11:42', '2022-11-09 05:11:42'),
(2660, 115, '2022-11-09 05:13:55', '2022-11-09 05:13:55'),
(2661, 115, '2022-11-09 05:14:51', '2022-11-09 05:14:51'),
(2662, 115, '2022-11-09 05:24:20', '2022-11-09 05:24:20'),
(2663, 111, '2022-11-09 08:04:56', '2022-11-09 08:04:56'),
(2664, 77, '2022-11-09 08:14:21', '2022-11-09 08:14:21'),
(2665, 113, '2022-11-09 08:23:11', '2022-11-09 08:23:11'),
(2666, 87, '2022-11-09 08:32:07', '2022-11-09 08:32:07'),
(2667, 95, '2022-11-09 14:46:46', '2022-11-09 14:46:46'),
(2668, 124, '2022-11-09 21:09:07', '2022-11-09 21:09:07'),
(2669, 93, '2022-11-09 21:38:22', '2022-11-09 21:38:22'),
(2670, 122, '2022-11-09 23:35:07', '2022-11-09 23:35:07'),
(2671, 84, '2022-11-09 23:59:31', '2022-11-09 23:59:31'),
(2672, 125, '2022-11-10 00:20:49', '2022-11-10 00:20:49');
INSERT INTO `publicacion_visita` (`id`, `publicacion_id`, `created_at`, `updated_at`) VALUES
(2673, 76, '2022-11-10 03:55:12', '2022-11-10 03:55:12'),
(2674, 65, '2022-11-10 04:23:26', '2022-11-10 04:23:26'),
(2675, 76, '2022-11-10 05:17:41', '2022-11-10 05:17:41'),
(2676, 111, '2022-11-10 06:28:49', '2022-11-10 06:28:49'),
(2677, 97, '2022-11-10 06:35:10', '2022-11-10 06:35:10'),
(2678, 102, '2022-11-10 09:18:13', '2022-11-10 09:18:13'),
(2679, 73, '2022-11-10 09:33:12', '2022-11-10 09:33:12'),
(2680, 62, '2022-11-10 09:47:18', '2022-11-10 09:47:18'),
(2681, 83, '2022-11-10 10:12:52', '2022-11-10 10:12:52'),
(2682, 92, '2022-11-10 10:18:12', '2022-11-10 10:18:12'),
(2683, 83, '2022-11-10 10:25:42', '2022-11-10 10:25:42'),
(2684, 113, '2022-11-10 10:32:19', '2022-11-10 10:32:19'),
(2685, 102, '2022-11-10 10:51:21', '2022-11-10 10:51:21'),
(2686, 102, '2022-11-10 11:21:30', '2022-11-10 11:21:30'),
(2687, 81, '2022-11-10 12:04:29', '2022-11-10 12:04:29'),
(2688, 81, '2022-11-10 12:25:58', '2022-11-10 12:25:58'),
(2689, 66, '2022-11-10 13:39:58', '2022-11-10 13:39:58'),
(2690, 116, '2022-11-10 14:39:59', '2022-11-10 14:39:59'),
(2691, 73, '2022-11-10 15:49:21', '2022-11-10 15:49:21'),
(2692, 76, '2022-11-10 16:43:54', '2022-11-10 16:43:54'),
(2693, 70, '2022-11-10 16:57:02', '2022-11-10 16:57:02'),
(2694, 128, '2022-11-10 17:45:10', '2022-11-10 17:45:10'),
(2695, 58, '2022-11-10 18:39:29', '2022-11-10 18:39:29'),
(2696, 94, '2022-11-10 18:48:40', '2022-11-10 18:48:40'),
(2697, 94, '2022-11-10 19:48:43', '2022-11-10 19:48:43'),
(2698, 126, '2022-11-10 20:14:36', '2022-11-10 20:14:36'),
(2699, 121, '2022-11-10 21:47:43', '2022-11-10 21:47:43'),
(2700, 104, '2022-11-10 21:47:44', '2022-11-10 21:47:44'),
(2701, 97, '2022-11-10 22:12:17', '2022-11-10 22:12:17'),
(2702, 116, '2022-11-10 22:47:45', '2022-11-10 22:47:45'),
(2703, 83, '2022-11-11 00:14:53', '2022-11-11 00:14:53'),
(2704, 97, '2022-11-11 00:16:41', '2022-11-11 00:16:41'),
(2705, 92, '2022-11-11 01:05:18', '2022-11-11 01:05:18'),
(2706, 104, '2022-11-11 01:38:10', '2022-11-11 01:38:10'),
(2707, 64, '2022-11-11 01:48:55', '2022-11-11 01:48:55'),
(2708, 96, '2022-11-11 01:54:06', '2022-11-11 01:54:06'),
(2709, 86, '2022-11-11 06:11:24', '2022-11-11 06:11:24'),
(2710, 115, '2022-11-11 07:30:42', '2022-11-11 07:30:42'),
(2711, 121, '2022-11-11 07:51:55', '2022-11-11 07:51:55'),
(2712, 91, '2022-11-11 09:20:09', '2022-11-11 09:20:09'),
(2713, 92, '2022-11-11 09:57:52', '2022-11-11 09:57:52'),
(2714, 108, '2022-11-11 10:12:32', '2022-11-11 10:12:32'),
(2715, 112, '2022-11-11 10:42:52', '2022-11-11 10:42:52'),
(2716, 119, '2022-11-11 10:55:38', '2022-11-11 10:55:38'),
(2717, 112, '2022-11-11 11:22:14', '2022-11-11 11:22:14'),
(2718, 99, '2022-11-11 11:28:03', '2022-11-11 11:28:03'),
(2719, 102, '2022-11-11 12:43:02', '2022-11-11 12:43:02'),
(2720, 116, '2022-11-11 12:48:39', '2022-11-11 12:48:39'),
(2721, 118, '2022-11-11 12:59:39', '2022-11-11 12:59:39'),
(2722, 92, '2022-11-11 21:37:18', '2022-11-11 21:37:18'),
(2723, 98, '2022-11-11 23:07:51', '2022-11-11 23:07:51'),
(2724, 92, '2022-11-12 06:37:19', '2022-11-12 06:37:19'),
(2725, 117, '2022-11-12 08:24:54', '2022-11-12 08:24:54'),
(2726, 85, '2022-11-12 08:57:10', '2022-11-12 08:57:10'),
(2727, 98, '2022-11-12 09:27:06', '2022-11-12 09:27:06'),
(2728, 66, '2022-11-12 09:40:24', '2022-11-12 09:40:24'),
(2729, 85, '2022-11-12 09:42:09', '2022-11-12 09:42:09'),
(2730, 102, '2022-11-12 09:47:24', '2022-11-12 09:47:24'),
(2731, 123, '2022-11-12 10:07:20', '2022-11-12 10:07:20'),
(2732, 82, '2022-11-12 10:33:09', '2022-11-12 10:33:09'),
(2733, 62, '2022-11-12 10:44:53', '2022-11-12 10:44:53'),
(2734, 69, '2022-11-12 11:39:26', '2022-11-12 11:39:26'),
(2735, 110, '2022-11-12 11:54:26', '2022-11-12 11:54:26'),
(2736, 69, '2022-11-12 12:18:59', '2022-11-12 12:18:59'),
(2737, 102, '2022-11-12 12:27:09', '2022-11-12 12:27:09'),
(2738, 110, '2022-11-12 12:51:42', '2022-11-12 12:51:42'),
(2739, 63, '2022-11-12 14:52:08', '2022-11-12 14:52:08'),
(2740, 83, '2022-11-12 15:16:08', '2022-11-12 15:16:08'),
(2741, 102, '2022-11-12 16:10:25', '2022-11-12 16:10:25'),
(2742, 67, '2022-11-12 16:11:57', '2022-11-12 16:11:57'),
(2743, 65, '2022-11-12 16:18:23', '2022-11-12 16:18:23'),
(2744, 74, '2022-11-12 16:24:50', '2022-11-12 16:24:50'),
(2745, 92, '2022-11-12 16:47:25', '2022-11-12 16:47:25'),
(2746, 70, '2022-11-12 16:53:15', '2022-11-12 16:53:15'),
(2747, 102, '2022-11-12 19:09:49', '2022-11-12 19:09:49'),
(2748, 73, '2022-11-12 20:09:49', '2022-11-12 20:09:49'),
(2749, 118, '2022-11-12 22:02:23', '2022-11-12 22:02:23'),
(2750, 94, '2022-11-12 22:16:32', '2022-11-12 22:16:32'),
(2751, 75, '2022-11-13 00:10:12', '2022-11-13 00:10:12'),
(2752, 102, '2022-11-13 00:40:16', '2022-11-13 00:40:16'),
(2753, 116, '2022-11-13 00:40:34', '2022-11-13 00:40:34'),
(2754, 117, '2022-11-13 00:40:52', '2022-11-13 00:40:52'),
(2755, 126, '2022-11-13 00:41:00', '2022-11-13 00:41:00'),
(2756, 126, '2022-11-13 00:41:00', '2022-11-13 00:41:00'),
(2757, 126, '2022-11-13 00:41:15', '2022-11-13 00:41:15'),
(2758, 126, '2022-11-13 00:44:00', '2022-11-13 00:44:00'),
(2759, 97, '2022-11-13 00:56:57', '2022-11-13 00:56:57'),
(2760, 89, '2022-11-13 01:06:47', '2022-11-13 01:06:47'),
(2761, 113, '2022-11-13 01:39:22', '2022-11-13 01:39:22'),
(2762, 78, '2022-11-13 03:55:03', '2022-11-13 03:55:03'),
(2763, 97, '2022-11-13 10:07:39', '2022-11-13 10:07:39'),
(2764, 92, '2022-11-13 10:48:11', '2022-11-13 10:48:11'),
(2765, 97, '2022-11-13 10:52:37', '2022-11-13 10:52:37'),
(2766, 75, '2022-11-13 11:41:50', '2022-11-13 11:41:50'),
(2767, 92, '2022-11-13 11:51:40', '2022-11-13 11:51:40'),
(2768, 66, '2022-11-13 12:42:28', '2022-11-13 12:42:28'),
(2769, 73, '2022-11-14 03:20:38', '2022-11-14 03:20:38'),
(2770, 75, '2022-11-14 03:20:42', '2022-11-14 03:20:42'),
(2771, 93, '2022-11-14 03:20:42', '2022-11-14 03:20:42'),
(2772, 90, '2022-11-14 04:14:56', '2022-11-14 04:14:56'),
(2773, 85, '2022-11-14 04:20:30', '2022-11-14 04:20:30'),
(2774, 113, '2022-11-14 05:46:48', '2022-11-14 05:46:48'),
(2775, 73, '2022-11-14 06:50:41', '2022-11-14 06:50:41'),
(2776, 117, '2022-11-14 08:24:53', '2022-11-14 08:24:53'),
(2777, 102, '2022-11-14 08:25:02', '2022-11-14 08:25:02'),
(2778, 116, '2022-11-14 08:25:12', '2022-11-14 08:25:12'),
(2779, 107, '2022-11-14 12:11:08', '2022-11-14 12:11:08'),
(2780, 84, '2022-11-14 13:30:17', '2022-11-14 13:30:17'),
(2781, 75, '2022-11-14 14:00:19', '2022-11-14 14:00:19'),
(2782, 81, '2022-11-14 14:35:01', '2022-11-14 14:35:01'),
(2783, 117, '2022-11-14 14:45:18', '2022-11-14 14:45:18'),
(2784, 121, '2022-11-14 18:20:33', '2022-11-14 18:20:33'),
(2785, 115, '2022-11-14 21:24:32', '2022-11-14 21:24:32'),
(2786, 94, '2022-11-14 21:56:43', '2022-11-14 21:56:43'),
(2787, 88, '2022-11-14 21:58:14', '2022-11-14 21:58:14'),
(2788, 109, '2022-11-14 22:21:53', '2022-11-14 22:21:53'),
(2789, 80, '2022-11-14 23:22:44', '2022-11-14 23:22:44'),
(2790, 124, '2022-11-14 23:23:25', '2022-11-14 23:23:25'),
(2791, 80, '2022-11-14 23:28:07', '2022-11-14 23:28:07'),
(2792, 80, '2022-11-14 23:29:58', '2022-11-14 23:29:58'),
(2793, 80, '2022-11-14 23:33:07', '2022-11-14 23:33:07'),
(2794, 69, '2022-11-15 00:10:56', '2022-11-15 00:10:56'),
(2795, 122, '2022-11-15 00:21:20', '2022-11-15 00:21:20'),
(2796, 109, '2022-11-15 00:42:09', '2022-11-15 00:42:09'),
(2797, 80, '2022-11-15 03:02:29', '2022-11-15 03:02:29'),
(2798, 102, '2022-11-15 05:11:16', '2022-11-15 05:11:16'),
(2799, 73, '2022-11-15 05:35:09', '2022-11-15 05:35:09'),
(2800, 118, '2022-11-15 08:58:43', '2022-11-15 08:58:43'),
(2801, 119, '2022-11-15 09:58:45', '2022-11-15 09:58:45'),
(2802, 92, '2022-11-15 12:41:23', '2022-11-15 12:41:23'),
(2803, 73, '2022-11-15 13:11:25', '2022-11-15 13:11:25'),
(2804, 91, '2022-11-15 17:21:03', '2022-11-15 17:21:03'),
(2805, 58, '2022-11-15 18:24:01', '2022-11-15 18:24:01'),
(2806, 58, '2022-11-15 18:24:01', '2022-11-15 18:24:01'),
(2807, 73, '2022-11-15 18:24:02', '2022-11-15 18:24:02'),
(2808, 73, '2022-11-15 18:24:02', '2022-11-15 18:24:02'),
(2809, 94, '2022-11-15 18:24:02', '2022-11-15 18:24:02'),
(2810, 94, '2022-11-15 18:24:02', '2022-11-15 18:24:02'),
(2811, 99, '2022-11-15 18:24:02', '2022-11-15 18:24:02'),
(2812, 99, '2022-11-15 18:24:03', '2022-11-15 18:24:03'),
(2813, 103, '2022-11-15 18:24:03', '2022-11-15 18:24:03'),
(2814, 103, '2022-11-15 18:24:03', '2022-11-15 18:24:03'),
(2815, 108, '2022-11-15 18:24:03', '2022-11-15 18:24:03'),
(2816, 108, '2022-11-15 18:24:03', '2022-11-15 18:24:03'),
(2817, 111, '2022-11-15 18:24:03', '2022-11-15 18:24:03'),
(2818, 111, '2022-11-15 18:24:03', '2022-11-15 18:24:03'),
(2819, 118, '2022-11-15 18:24:04', '2022-11-15 18:24:04'),
(2820, 118, '2022-11-15 18:24:04', '2022-11-15 18:24:04'),
(2821, 121, '2022-11-15 18:24:04', '2022-11-15 18:24:04'),
(2822, 121, '2022-11-15 18:24:04', '2022-11-15 18:24:04'),
(2823, 62, '2022-11-15 18:24:05', '2022-11-15 18:24:05'),
(2824, 62, '2022-11-15 18:24:05', '2022-11-15 18:24:05'),
(2825, 66, '2022-11-15 18:24:05', '2022-11-15 18:24:05'),
(2826, 66, '2022-11-15 18:24:05', '2022-11-15 18:24:05'),
(2827, 78, '2022-11-15 18:24:05', '2022-11-15 18:24:05'),
(2828, 78, '2022-11-15 18:24:05', '2022-11-15 18:24:05'),
(2829, 93, '2022-11-15 18:24:06', '2022-11-15 18:24:06'),
(2830, 93, '2022-11-15 18:24:06', '2022-11-15 18:24:06'),
(2831, 96, '2022-11-15 18:24:06', '2022-11-15 18:24:06'),
(2832, 96, '2022-11-15 18:24:06', '2022-11-15 18:24:06'),
(2833, 100, '2022-11-15 18:24:06', '2022-11-15 18:24:06'),
(2834, 100, '2022-11-15 18:24:06', '2022-11-15 18:24:06'),
(2835, 105, '2022-11-15 18:24:07', '2022-11-15 18:24:07'),
(2836, 105, '2022-11-15 18:24:07', '2022-11-15 18:24:07'),
(2837, 122, '2022-11-15 18:24:07', '2022-11-15 18:24:07'),
(2838, 122, '2022-11-15 18:24:07', '2022-11-15 18:24:07'),
(2839, 123, '2022-11-15 18:24:07', '2022-11-15 18:24:07'),
(2840, 123, '2022-11-15 18:24:07', '2022-11-15 18:24:07'),
(2841, 74, '2022-11-15 18:24:08', '2022-11-15 18:24:08'),
(2842, 74, '2022-11-15 18:24:08', '2022-11-15 18:24:08'),
(2843, 80, '2022-11-15 18:24:08', '2022-11-15 18:24:08'),
(2844, 80, '2022-11-15 18:24:08', '2022-11-15 18:24:08'),
(2845, 69, '2022-11-15 18:24:09', '2022-11-15 18:24:09'),
(2846, 69, '2022-11-15 18:24:09', '2022-11-15 18:24:09'),
(2847, 92, '2022-11-15 18:24:09', '2022-11-15 18:24:09'),
(2848, 92, '2022-11-15 18:24:09', '2022-11-15 18:24:09'),
(2849, 98, '2022-11-15 18:24:09', '2022-11-15 18:24:09'),
(2850, 98, '2022-11-15 18:24:09', '2022-11-15 18:24:09'),
(2851, 104, '2022-11-15 18:24:11', '2022-11-15 18:24:11'),
(2852, 104, '2022-11-15 18:24:11', '2022-11-15 18:24:11'),
(2853, 109, '2022-11-15 18:24:11', '2022-11-15 18:24:11'),
(2854, 109, '2022-11-15 18:24:11', '2022-11-15 18:24:11'),
(2855, 119, '2022-11-15 18:24:11', '2022-11-15 18:24:11'),
(2856, 119, '2022-11-15 18:24:12', '2022-11-15 18:24:12'),
(2857, 124, '2022-11-15 18:24:12', '2022-11-15 18:24:12'),
(2858, 124, '2022-11-15 18:24:12', '2022-11-15 18:24:12'),
(2859, 63, '2022-11-15 18:24:12', '2022-11-15 18:24:12'),
(2860, 63, '2022-11-15 18:24:12', '2022-11-15 18:24:12'),
(2861, 64, '2022-11-15 18:24:12', '2022-11-15 18:24:12'),
(2862, 64, '2022-11-15 18:24:13', '2022-11-15 18:24:13'),
(2863, 67, '2022-11-15 18:24:13', '2022-11-15 18:24:13'),
(2864, 67, '2022-11-15 18:24:13', '2022-11-15 18:24:13'),
(2865, 91, '2022-11-15 18:24:13', '2022-11-15 18:24:13'),
(2866, 91, '2022-11-15 18:24:13', '2022-11-15 18:24:13'),
(2867, 95, '2022-11-15 18:24:13', '2022-11-15 18:24:13'),
(2868, 95, '2022-11-15 18:24:13', '2022-11-15 18:24:13'),
(2869, 125, '2022-11-15 18:24:14', '2022-11-15 18:24:14'),
(2870, 125, '2022-11-15 18:24:14', '2022-11-15 18:24:14'),
(2871, 65, '2022-11-15 18:24:14', '2022-11-15 18:24:14'),
(2872, 65, '2022-11-15 18:24:14', '2022-11-15 18:24:14'),
(2873, 89, '2022-11-15 18:24:14', '2022-11-15 18:24:14'),
(2874, 89, '2022-11-15 18:24:15', '2022-11-15 18:24:15'),
(2875, 107, '2022-11-15 18:24:15', '2022-11-15 18:24:15'),
(2876, 107, '2022-11-15 18:24:15', '2022-11-15 18:24:15'),
(2877, 112, '2022-11-15 18:24:15', '2022-11-15 18:24:15'),
(2878, 112, '2022-11-15 18:24:15', '2022-11-15 18:24:15'),
(2879, 113, '2022-11-15 18:24:15', '2022-11-15 18:24:15'),
(2880, 113, '2022-11-15 18:24:16', '2022-11-15 18:24:16'),
(2881, 115, '2022-11-15 18:24:16', '2022-11-15 18:24:16'),
(2882, 115, '2022-11-15 18:24:16', '2022-11-15 18:24:16'),
(2883, 90, '2022-11-15 18:24:17', '2022-11-15 18:24:17'),
(2884, 90, '2022-11-15 18:24:17', '2022-11-15 18:24:17'),
(2885, 97, '2022-11-15 18:24:17', '2022-11-15 18:24:17'),
(2886, 97, '2022-11-15 18:24:17', '2022-11-15 18:24:17'),
(2887, 110, '2022-11-15 18:24:18', '2022-11-15 18:24:18'),
(2888, 110, '2022-11-15 18:24:18', '2022-11-15 18:24:18'),
(2889, 70, '2022-11-15 18:24:19', '2022-11-15 18:24:19'),
(2890, 70, '2022-11-15 18:24:20', '2022-11-15 18:24:20'),
(2891, 86, '2022-11-15 18:24:20', '2022-11-15 18:24:20'),
(2892, 86, '2022-11-15 18:24:20', '2022-11-15 18:24:20'),
(2893, 87, '2022-11-15 18:24:21', '2022-11-15 18:24:21'),
(2894, 87, '2022-11-15 18:24:21', '2022-11-15 18:24:21'),
(2895, 88, '2022-11-15 18:24:21', '2022-11-15 18:24:21'),
(2896, 88, '2022-11-15 18:24:21', '2022-11-15 18:24:21'),
(2897, 75, '2022-11-15 18:24:22', '2022-11-15 18:24:22'),
(2898, 75, '2022-11-15 18:24:22', '2022-11-15 18:24:22'),
(2899, 77, '2022-11-15 18:24:22', '2022-11-15 18:24:22'),
(2900, 77, '2022-11-15 18:24:22', '2022-11-15 18:24:22'),
(2901, 84, '2022-11-15 18:24:23', '2022-11-15 18:24:23'),
(2902, 84, '2022-11-15 18:24:23', '2022-11-15 18:24:23'),
(2903, 85, '2022-11-15 18:24:23', '2022-11-15 18:24:23'),
(2904, 85, '2022-11-15 18:24:23', '2022-11-15 18:24:23'),
(2905, 127, '2022-11-15 18:24:23', '2022-11-15 18:24:23'),
(2906, 127, '2022-11-15 18:24:23', '2022-11-15 18:24:23'),
(2907, 81, '2022-11-15 18:24:25', '2022-11-15 18:24:25'),
(2908, 81, '2022-11-15 18:24:25', '2022-11-15 18:24:25'),
(2909, 114, '2022-11-15 18:24:25', '2022-11-15 18:24:25'),
(2910, 114, '2022-11-15 18:24:25', '2022-11-15 18:24:25'),
(2911, 102, '2022-11-15 18:24:26', '2022-11-15 18:24:26'),
(2912, 102, '2022-11-15 18:24:26', '2022-11-15 18:24:26'),
(2913, 116, '2022-11-15 18:24:28', '2022-11-15 18:24:28'),
(2914, 116, '2022-11-15 18:24:28', '2022-11-15 18:24:28'),
(2915, 117, '2022-11-15 18:24:28', '2022-11-15 18:24:28'),
(2916, 117, '2022-11-15 18:24:28', '2022-11-15 18:24:28'),
(2917, 126, '2022-11-15 18:24:29', '2022-11-15 18:24:29'),
(2918, 126, '2022-11-15 18:24:29', '2022-11-15 18:24:29'),
(2919, 76, '2022-11-15 18:24:29', '2022-11-15 18:24:29'),
(2920, 76, '2022-11-15 18:24:30', '2022-11-15 18:24:30'),
(2921, 128, '2022-11-15 18:24:30', '2022-11-15 18:24:30'),
(2922, 128, '2022-11-15 18:24:30', '2022-11-15 18:24:30'),
(2923, 82, '2022-11-15 18:24:30', '2022-11-15 18:24:30'),
(2924, 82, '2022-11-15 18:24:30', '2022-11-15 18:24:30'),
(2925, 83, '2022-11-15 18:24:31', '2022-11-15 18:24:31'),
(2926, 83, '2022-11-15 18:24:31', '2022-11-15 18:24:31'),
(2927, 58, '2022-11-15 18:24:31', '2022-11-15 18:24:31'),
(2928, 58, '2022-11-15 18:24:31', '2022-11-15 18:24:31'),
(2929, 73, '2022-11-15 18:24:32', '2022-11-15 18:24:32'),
(2930, 73, '2022-11-15 18:24:32', '2022-11-15 18:24:32'),
(2931, 94, '2022-11-15 18:24:32', '2022-11-15 18:24:32'),
(2932, 94, '2022-11-15 18:24:32', '2022-11-15 18:24:32'),
(2933, 99, '2022-11-15 18:24:33', '2022-11-15 18:24:33'),
(2934, 99, '2022-11-15 18:24:33', '2022-11-15 18:24:33'),
(2935, 103, '2022-11-15 18:24:33', '2022-11-15 18:24:33'),
(2936, 103, '2022-11-15 18:24:33', '2022-11-15 18:24:33'),
(2937, 108, '2022-11-15 18:24:33', '2022-11-15 18:24:33'),
(2938, 108, '2022-11-15 18:24:33', '2022-11-15 18:24:33'),
(2939, 111, '2022-11-15 18:24:33', '2022-11-15 18:24:33'),
(2940, 111, '2022-11-15 18:24:33', '2022-11-15 18:24:33'),
(2941, 118, '2022-11-15 18:24:34', '2022-11-15 18:24:34'),
(2942, 118, '2022-11-15 18:24:34', '2022-11-15 18:24:34'),
(2943, 121, '2022-11-15 18:24:34', '2022-11-15 18:24:34'),
(2944, 121, '2022-11-15 18:24:34', '2022-11-15 18:24:34'),
(2945, 62, '2022-11-15 18:24:34', '2022-11-15 18:24:34'),
(2946, 62, '2022-11-15 18:24:34', '2022-11-15 18:24:34'),
(2947, 66, '2022-11-15 18:24:34', '2022-11-15 18:24:34'),
(2948, 66, '2022-11-15 18:24:34', '2022-11-15 18:24:34'),
(2949, 78, '2022-11-15 18:24:35', '2022-11-15 18:24:35'),
(2950, 78, '2022-11-15 18:24:35', '2022-11-15 18:24:35'),
(2951, 93, '2022-11-15 18:24:35', '2022-11-15 18:24:35'),
(2952, 93, '2022-11-15 18:24:35', '2022-11-15 18:24:35'),
(2953, 96, '2022-11-15 18:24:35', '2022-11-15 18:24:35'),
(2954, 96, '2022-11-15 18:24:35', '2022-11-15 18:24:35'),
(2955, 100, '2022-11-15 18:24:35', '2022-11-15 18:24:35'),
(2956, 100, '2022-11-15 18:24:36', '2022-11-15 18:24:36'),
(2957, 105, '2022-11-15 18:24:36', '2022-11-15 18:24:36'),
(2958, 105, '2022-11-15 18:24:36', '2022-11-15 18:24:36'),
(2959, 122, '2022-11-15 18:24:36', '2022-11-15 18:24:36'),
(2960, 122, '2022-11-15 18:24:36', '2022-11-15 18:24:36'),
(2961, 123, '2022-11-15 18:24:36', '2022-11-15 18:24:36'),
(2962, 123, '2022-11-15 18:24:37', '2022-11-15 18:24:37'),
(2963, 74, '2022-11-15 18:24:39', '2022-11-15 18:24:39'),
(2964, 74, '2022-11-15 18:24:39', '2022-11-15 18:24:39'),
(2965, 80, '2022-11-15 18:24:40', '2022-11-15 18:24:40'),
(2966, 80, '2022-11-15 18:24:40', '2022-11-15 18:24:40'),
(2967, 69, '2022-11-15 18:24:40', '2022-11-15 18:24:40'),
(2968, 69, '2022-11-15 18:24:40', '2022-11-15 18:24:40'),
(2969, 92, '2022-11-15 18:24:40', '2022-11-15 18:24:40'),
(2970, 92, '2022-11-15 18:24:41', '2022-11-15 18:24:41'),
(2971, 98, '2022-11-15 18:24:46', '2022-11-15 18:24:46'),
(2972, 98, '2022-11-15 18:24:46', '2022-11-15 18:24:46'),
(2973, 104, '2022-11-15 18:24:46', '2022-11-15 18:24:46'),
(2974, 104, '2022-11-15 18:24:46', '2022-11-15 18:24:46'),
(2975, 109, '2022-11-15 18:24:47', '2022-11-15 18:24:47'),
(2976, 109, '2022-11-15 18:24:47', '2022-11-15 18:24:47'),
(2977, 119, '2022-11-15 18:24:47', '2022-11-15 18:24:47'),
(2978, 119, '2022-11-15 18:24:48', '2022-11-15 18:24:48'),
(2979, 124, '2022-11-15 18:24:48', '2022-11-15 18:24:48'),
(2980, 124, '2022-11-15 18:24:48', '2022-11-15 18:24:48'),
(2981, 63, '2022-11-15 18:24:48', '2022-11-15 18:24:48'),
(2982, 63, '2022-11-15 18:24:48', '2022-11-15 18:24:48'),
(2983, 64, '2022-11-15 18:24:49', '2022-11-15 18:24:49'),
(2984, 66, '2022-11-15 18:24:49', '2022-11-15 18:24:49'),
(2985, 64, '2022-11-15 18:24:49', '2022-11-15 18:24:49'),
(2986, 67, '2022-11-15 18:24:49', '2022-11-15 18:24:49'),
(2987, 67, '2022-11-15 18:24:50', '2022-11-15 18:24:50'),
(2988, 91, '2022-11-15 18:24:51', '2022-11-15 18:24:51'),
(2989, 91, '2022-11-15 18:24:51', '2022-11-15 18:24:51'),
(2990, 95, '2022-11-15 18:24:51', '2022-11-15 18:24:51'),
(2991, 95, '2022-11-15 18:24:51', '2022-11-15 18:24:51'),
(2992, 125, '2022-11-15 18:24:51', '2022-11-15 18:24:51'),
(2993, 125, '2022-11-15 18:24:51', '2022-11-15 18:24:51'),
(2994, 65, '2022-11-15 18:24:52', '2022-11-15 18:24:52'),
(2995, 65, '2022-11-15 18:24:52', '2022-11-15 18:24:52'),
(2996, 89, '2022-11-15 18:24:52', '2022-11-15 18:24:52'),
(2997, 89, '2022-11-15 18:24:52', '2022-11-15 18:24:52'),
(2998, 107, '2022-11-15 18:24:52', '2022-11-15 18:24:52'),
(2999, 107, '2022-11-15 18:24:52', '2022-11-15 18:24:52'),
(3000, 112, '2022-11-15 18:24:52', '2022-11-15 18:24:52'),
(3001, 112, '2022-11-15 18:24:52', '2022-11-15 18:24:52'),
(3002, 113, '2022-11-15 18:24:53', '2022-11-15 18:24:53'),
(3003, 113, '2022-11-15 18:24:53', '2022-11-15 18:24:53'),
(3004, 115, '2022-11-15 18:24:53', '2022-11-15 18:24:53'),
(3005, 115, '2022-11-15 18:24:53', '2022-11-15 18:24:53'),
(3006, 90, '2022-11-15 18:24:55', '2022-11-15 18:24:55'),
(3007, 90, '2022-11-15 18:24:55', '2022-11-15 18:24:55'),
(3008, 97, '2022-11-15 18:24:55', '2022-11-15 18:24:55'),
(3009, 97, '2022-11-15 18:24:55', '2022-11-15 18:24:55'),
(3010, 110, '2022-11-15 18:24:55', '2022-11-15 18:24:55'),
(3011, 110, '2022-11-15 18:24:55', '2022-11-15 18:24:55'),
(3012, 70, '2022-11-15 18:24:56', '2022-11-15 18:24:56'),
(3013, 70, '2022-11-15 18:24:56', '2022-11-15 18:24:56'),
(3014, 86, '2022-11-15 18:24:56', '2022-11-15 18:24:56'),
(3015, 86, '2022-11-15 18:24:56', '2022-11-15 18:24:56'),
(3016, 87, '2022-11-15 18:24:56', '2022-11-15 18:24:56'),
(3017, 87, '2022-11-15 18:24:56', '2022-11-15 18:24:56'),
(3018, 88, '2022-11-15 18:24:56', '2022-11-15 18:24:56'),
(3019, 88, '2022-11-15 18:24:56', '2022-11-15 18:24:56'),
(3020, 75, '2022-11-15 18:24:57', '2022-11-15 18:24:57'),
(3021, 75, '2022-11-15 18:24:57', '2022-11-15 18:24:57'),
(3022, 77, '2022-11-15 18:24:57', '2022-11-15 18:24:57'),
(3023, 77, '2022-11-15 18:24:57', '2022-11-15 18:24:57'),
(3024, 84, '2022-11-15 18:24:57', '2022-11-15 18:24:57'),
(3025, 84, '2022-11-15 18:24:57', '2022-11-15 18:24:57'),
(3026, 85, '2022-11-15 18:24:58', '2022-11-15 18:24:58'),
(3027, 85, '2022-11-15 18:24:58', '2022-11-15 18:24:58'),
(3028, 127, '2022-11-15 18:24:58', '2022-11-15 18:24:58'),
(3029, 127, '2022-11-15 18:24:58', '2022-11-15 18:24:58'),
(3030, 81, '2022-11-15 18:24:58', '2022-11-15 18:24:58'),
(3031, 81, '2022-11-15 18:24:58', '2022-11-15 18:24:58'),
(3032, 114, '2022-11-15 18:24:59', '2022-11-15 18:24:59'),
(3033, 114, '2022-11-15 18:24:59', '2022-11-15 18:24:59'),
(3034, 102, '2022-11-15 18:24:59', '2022-11-15 18:24:59'),
(3035, 102, '2022-11-15 18:24:59', '2022-11-15 18:24:59'),
(3036, 116, '2022-11-15 18:25:00', '2022-11-15 18:25:00'),
(3037, 116, '2022-11-15 18:25:00', '2022-11-15 18:25:00'),
(3038, 117, '2022-11-15 18:25:00', '2022-11-15 18:25:00'),
(3039, 117, '2022-11-15 18:25:00', '2022-11-15 18:25:00'),
(3040, 126, '2022-11-15 18:25:00', '2022-11-15 18:25:00'),
(3041, 126, '2022-11-15 18:25:01', '2022-11-15 18:25:01'),
(3042, 76, '2022-11-15 18:25:01', '2022-11-15 18:25:01'),
(3043, 76, '2022-11-15 18:25:03', '2022-11-15 18:25:03'),
(3044, 128, '2022-11-15 18:25:04', '2022-11-15 18:25:04'),
(3045, 128, '2022-11-15 18:25:04', '2022-11-15 18:25:04'),
(3046, 82, '2022-11-15 18:25:04', '2022-11-15 18:25:04'),
(3047, 82, '2022-11-15 18:25:04', '2022-11-15 18:25:04'),
(3048, 83, '2022-11-15 18:25:05', '2022-11-15 18:25:05'),
(3049, 83, '2022-11-15 18:25:05', '2022-11-15 18:25:05'),
(3050, 128, '2022-11-15 19:37:04', '2022-11-15 19:37:04'),
(3051, 115, '2022-11-15 20:35:48', '2022-11-15 20:35:48'),
(3052, 78, '2022-11-16 02:47:53', '2022-11-16 02:47:53'),
(3053, 86, '2022-11-16 03:39:51', '2022-11-16 03:39:51'),
(3054, 111, '2022-11-16 04:01:55', '2022-11-16 04:01:55'),
(3055, 80, '2022-11-16 04:12:05', '2022-11-16 04:12:05'),
(3056, 87, '2022-11-16 04:17:10', '2022-11-16 04:17:10'),
(3057, 78, '2022-11-16 04:27:20', '2022-11-16 04:27:20'),
(3058, 64, '2022-11-16 08:48:55', '2022-11-16 08:48:55'),
(3059, 64, '2022-11-16 08:50:48', '2022-11-16 08:50:48'),
(3060, 64, '2022-11-16 08:50:55', '2022-11-16 08:50:55'),
(3061, 95, '2022-11-16 08:52:25', '2022-11-16 08:52:25'),
(3062, 95, '2022-11-16 08:52:33', '2022-11-16 08:52:33'),
(3063, 125, '2022-11-16 08:53:02', '2022-11-16 08:53:02'),
(3064, 125, '2022-11-16 08:53:06', '2022-11-16 08:53:06'),
(3065, 73, '2022-11-16 12:55:14', '2022-11-16 12:55:14'),
(3066, 99, '2022-11-16 13:03:55', '2022-11-16 13:03:55'),
(3067, 114, '2022-11-16 13:27:32', '2022-11-16 13:27:32'),
(3068, 95, '2022-11-16 13:45:44', '2022-11-16 13:45:44'),
(3069, 58, '2022-11-16 15:13:53', '2022-11-16 15:13:53'),
(3070, 84, '2022-11-16 16:25:11', '2022-11-16 16:25:11'),
(3071, 97, '2022-11-16 22:00:29', '2022-11-16 22:00:29'),
(3072, 84, '2022-11-16 22:19:42', '2022-11-16 22:19:42'),
(3073, 108, '2022-11-16 22:48:32', '2022-11-16 22:48:32'),
(3074, 92, '2022-11-16 23:24:32', '2022-11-16 23:24:32'),
(3075, 114, '2022-11-17 02:58:29', '2022-11-17 02:58:29'),
(3076, 86, '2022-11-17 03:10:49', '2022-11-17 03:10:49'),
(3077, 70, '2022-11-17 05:08:59', '2022-11-17 05:08:59'),
(3078, 114, '2022-11-17 07:00:27', '2022-11-17 07:00:27'),
(3079, 118, '2022-11-17 12:00:37', '2022-11-17 12:00:37'),
(3080, 102, '2022-11-17 12:41:51', '2022-11-17 12:41:51'),
(3081, 110, '2022-11-17 14:02:43', '2022-11-17 14:02:43'),
(3082, 91, '2022-11-17 15:57:56', '2022-11-17 15:57:56'),
(3083, 108, '2022-11-17 15:58:04', '2022-11-17 15:58:04'),
(3084, 100, '2022-11-17 16:12:41', '2022-11-17 16:12:41'),
(3085, 82, '2022-11-17 17:10:09', '2022-11-17 17:10:09'),
(3086, 125, '2022-11-17 17:15:19', '2022-11-17 17:15:19'),
(3087, 110, '2022-11-17 17:53:32', '2022-11-17 17:53:32'),
(3088, 127, '2022-11-17 18:14:47', '2022-11-17 18:14:47'),
(3089, 104, '2022-11-18 00:38:12', '2022-11-18 00:38:12'),
(3090, 89, '2022-11-18 02:12:32', '2022-11-18 02:12:32'),
(3091, 67, '2022-11-18 06:54:23', '2022-11-18 06:54:23'),
(3092, 65, '2022-11-18 06:54:34', '2022-11-18 06:54:34'),
(3093, 108, '2022-11-18 07:19:21', '2022-11-18 07:19:21'),
(3094, 104, '2022-11-18 08:35:53', '2022-11-18 08:35:53'),
(3095, 113, '2022-11-18 08:35:55', '2022-11-18 08:35:55'),
(3096, 105, '2022-11-18 12:02:51', '2022-11-18 12:02:51'),
(3097, 67, '2022-11-18 12:13:28', '2022-11-18 12:13:28'),
(3098, 83, '2022-11-18 12:18:42', '2022-11-18 12:18:42'),
(3099, 94, '2022-11-18 17:33:14', '2022-11-18 17:33:14'),
(3100, 84, '2022-11-18 20:09:49', '2022-11-18 20:09:49'),
(3101, 100, '2022-11-18 22:54:09', '2022-11-18 22:54:09'),
(3102, 94, '2022-11-19 02:22:58', '2022-11-19 02:22:58'),
(3103, 124, '2022-11-19 02:29:42', '2022-11-19 02:29:42'),
(3104, 90, '2022-11-19 06:52:51', '2022-11-19 06:52:51'),
(3105, 65, '2022-11-19 07:53:46', '2022-11-19 07:53:46'),
(3106, 109, '2022-11-19 11:33:30', '2022-11-19 11:33:30'),
(3107, 126, '2022-11-19 14:06:54', '2022-11-19 14:06:54'),
(3108, 104, '2022-11-19 16:06:03', '2022-11-19 16:06:03'),
(3109, 107, '2022-11-19 16:11:17', '2022-11-19 16:11:17'),
(3110, 112, '2022-11-19 16:16:33', '2022-11-19 16:16:33'),
(3111, 77, '2022-11-19 16:21:51', '2022-11-19 16:21:51'),
(3112, 74, '2022-11-19 16:27:08', '2022-11-19 16:27:08'),
(3113, 85, '2022-11-19 16:32:26', '2022-11-19 16:32:26'),
(3114, 64, '2022-11-19 16:37:42', '2022-11-19 16:37:42'),
(3115, 108, '2022-11-19 20:56:08', '2022-11-19 20:56:08'),
(3116, 91, '2022-11-19 20:56:11', '2022-11-19 20:56:11'),
(3117, 88, '2022-11-20 00:51:48', '2022-11-20 00:51:48'),
(3118, 121, '2022-11-20 01:02:58', '2022-11-20 01:02:58'),
(3119, 124, '2022-11-20 01:23:23', '2022-11-20 01:23:23'),
(3120, 98, '2022-11-20 01:52:20', '2022-11-20 01:52:20'),
(3121, 69, '2022-11-20 02:29:49', '2022-11-20 02:29:49'),
(3122, 75, '2022-11-20 02:52:18', '2022-11-20 02:52:18'),
(3123, 91, '2022-11-20 03:49:19', '2022-11-20 03:49:19'),
(3124, 94, '2022-11-20 04:05:01', '2022-11-20 04:05:01'),
(3125, 82, '2022-11-20 04:06:21', '2022-11-20 04:06:21'),
(3126, 118, '2022-11-20 10:08:26', '2022-11-20 10:08:26'),
(3127, 92, '2022-11-20 11:17:02', '2022-11-20 11:17:02'),
(3128, 94, '2022-11-20 13:14:32', '2022-11-20 13:14:32'),
(3129, 118, '2022-11-20 13:58:20', '2022-11-20 13:58:20'),
(3130, 63, '2022-11-20 15:25:31', '2022-11-20 15:25:31'),
(3131, 116, '2022-11-20 18:15:46', '2022-11-20 18:15:46'),
(3132, 77, '2022-11-20 19:58:20', '2022-11-20 19:58:20'),
(3133, 62, '2022-11-20 20:08:01', '2022-11-20 20:08:01'),
(3134, 115, '2022-11-20 20:18:21', '2022-11-20 20:18:21'),
(3135, 119, '2022-11-20 20:23:31', '2022-11-20 20:23:31'),
(3136, 84, '2022-11-20 22:13:20', '2022-11-20 22:13:20'),
(3137, 98, '2022-11-21 01:37:26', '2022-11-21 01:37:26'),
(3138, 103, '2022-11-21 04:59:59', '2022-11-21 04:59:59'),
(3139, 109, '2022-11-21 05:04:59', '2022-11-21 05:04:59'),
(3140, 96, '2022-11-21 11:56:16', '2022-11-21 11:56:16'),
(3141, 81, '2022-11-21 12:09:00', '2022-11-21 12:09:00'),
(3142, 92, '2022-11-21 13:44:38', '2022-11-21 13:44:38'),
(3143, 108, '2022-11-21 14:03:10', '2022-11-21 14:03:10'),
(3144, 94, '2022-11-21 14:14:23', '2022-11-21 14:14:23'),
(3145, 80, '2022-11-21 14:23:38', '2022-11-21 14:23:38'),
(3146, 99, '2022-11-21 15:44:14', '2022-11-21 15:44:14'),
(3147, 84, '2022-11-21 19:41:05', '2022-11-21 19:41:05'),
(3148, 80, '2022-11-21 21:58:15', '2022-11-21 21:58:15'),
(3149, 78, '2022-11-21 22:29:04', '2022-11-21 22:29:04'),
(3150, 84, '2022-11-21 22:32:21', '2022-11-21 22:32:21'),
(3151, 95, '2022-11-21 22:34:12', '2022-11-21 22:34:12'),
(3152, 118, '2022-11-21 23:06:25', '2022-11-21 23:06:25'),
(3153, 121, '2022-11-21 23:40:30', '2022-11-21 23:40:30'),
(3154, 128, '2022-11-22 01:53:58', '2022-11-22 01:53:58'),
(3155, 90, '2022-11-22 04:48:46', '2022-11-22 04:48:46'),
(3156, 82, '2022-11-22 06:23:58', '2022-11-22 06:23:58'),
(3157, 75, '2022-11-22 08:12:22', '2022-11-22 08:12:22'),
(3158, 118, '2022-11-22 10:48:26', '2022-11-22 10:48:26'),
(3159, 118, '2022-11-22 15:17:28', '2022-11-22 15:17:28'),
(3160, 122, '2022-11-22 15:33:08', '2022-11-22 15:33:08'),
(3161, 75, '2022-11-22 17:16:08', '2022-11-22 17:16:08'),
(3162, 93, '2022-11-22 17:16:09', '2022-11-22 17:16:09'),
(3163, 110, '2022-11-22 17:16:11', '2022-11-22 17:16:11'),
(3164, 73, '2022-11-22 18:41:31', '2022-11-22 18:41:31'),
(3165, 74, '2022-11-22 20:17:29', '2022-11-22 20:17:29'),
(3166, 102, '2022-11-22 22:10:46', '2022-11-22 22:10:46'),
(3167, 113, '2022-11-22 23:25:41', '2022-11-22 23:25:41'),
(3168, 113, '2022-11-22 23:26:53', '2022-11-22 23:26:53'),
(3169, 76, '2022-11-22 23:30:20', '2022-11-22 23:30:20'),
(3170, 92, '2022-11-22 23:35:32', '2022-11-22 23:35:32'),
(3171, 107, '2022-11-22 23:44:32', '2022-11-22 23:44:32'),
(3172, 89, '2022-11-23 00:52:17', '2022-11-23 00:52:17'),
(3173, 89, '2022-11-23 00:52:37', '2022-11-23 00:52:37'),
(3174, 123, '2022-11-23 05:21:41', '2022-11-23 05:21:41'),
(3175, 70, '2022-11-23 06:31:56', '2022-11-23 06:31:56'),
(3176, 86, '2022-11-23 06:42:56', '2022-11-23 06:42:56'),
(3177, 111, '2022-11-23 07:50:32', '2022-11-23 07:50:32'),
(3178, 63, '2022-11-23 08:01:05', '2022-11-23 08:01:05'),
(3179, 64, '2022-11-23 08:01:05', '2022-11-23 08:01:05'),
(3180, 67, '2022-11-23 08:01:06', '2022-11-23 08:01:06'),
(3181, 91, '2022-11-23 08:01:07', '2022-11-23 08:01:07'),
(3182, 125, '2022-11-23 08:01:07', '2022-11-23 08:01:07'),
(3183, 95, '2022-11-23 08:01:08', '2022-11-23 08:01:08'),
(3184, 103, '2022-11-23 08:39:35', '2022-11-23 08:39:35'),
(3185, 118, '2022-11-23 08:58:47', '2022-11-23 08:58:47'),
(3186, 88, '2022-11-23 10:39:36', '2022-11-23 10:39:36'),
(3187, 104, '2022-11-23 12:28:36', '2022-11-23 12:28:36'),
(3188, 66, '2022-11-23 12:50:25', '2022-11-23 12:50:25'),
(3189, 105, '2022-11-23 17:12:51', '2022-11-23 17:12:51'),
(3190, 93, '2022-11-23 17:37:26', '2022-11-23 17:37:26'),
(3191, 63, '2022-11-23 18:51:59', '2022-11-23 18:51:59'),
(3192, 64, '2022-11-23 18:52:24', '2022-11-23 18:52:24'),
(3193, 67, '2022-11-23 18:52:40', '2022-11-23 18:52:40'),
(3194, 91, '2022-11-23 18:52:56', '2022-11-23 18:52:56'),
(3195, 95, '2022-11-23 18:53:08', '2022-11-23 18:53:08'),
(3196, 125, '2022-11-23 18:53:17', '2022-11-23 18:53:17'),
(3197, 65, '2022-11-23 18:55:05', '2022-11-23 18:55:05'),
(3198, 74, '2022-11-23 19:48:38', '2022-11-23 19:48:38'),
(3199, 74, '2022-11-23 20:33:37', '2022-11-23 20:33:37'),
(3200, 123, '2022-11-23 20:38:39', '2022-11-23 20:38:39'),
(3201, 123, '2022-11-23 20:39:07', '2022-11-23 20:39:07'),
(3202, 112, '2022-11-23 20:48:14', '2022-11-23 20:48:14'),
(3203, 100, '2022-11-23 21:16:12', '2022-11-23 21:16:12'),
(3204, 100, '2022-11-23 21:16:26', '2022-11-23 21:16:26'),
(3205, 84, '2022-11-23 21:50:58', '2022-11-23 21:50:58'),
(3206, 70, '2022-11-23 22:23:51', '2022-11-23 22:23:51'),
(3207, 69, '2022-11-23 22:53:15', '2022-11-23 22:53:15'),
(3208, 80, '2022-11-23 23:22:40', '2022-11-23 23:22:40'),
(3209, 80, '2022-11-24 00:07:40', '2022-11-24 00:07:40'),
(3210, 58, '2022-11-24 01:01:15', '2022-11-24 01:01:15'),
(3211, 121, '2022-11-24 01:54:49', '2022-11-24 01:54:49'),
(3212, 125, '2022-11-24 03:43:12', '2022-11-24 03:43:12'),
(3213, 67, '2022-11-24 10:42:09', '2022-11-24 10:42:09'),
(3214, 113, '2022-11-24 11:34:42', '2022-11-24 11:34:42'),
(3215, 117, '2022-11-24 12:30:11', '2022-11-24 12:30:11'),
(3216, 82, '2022-11-24 12:47:02', '2022-11-24 12:47:02'),
(3217, 87, '2022-11-24 13:09:57', '2022-11-24 13:09:57'),
(3218, 73, '2022-11-24 14:18:15', '2022-11-24 14:18:15'),
(3219, 118, '2022-11-24 14:18:15', '2022-11-24 14:18:15'),
(3220, 108, '2022-11-24 14:18:15', '2022-11-24 14:18:15'),
(3221, 104, '2022-11-24 14:18:16', '2022-11-24 14:18:16'),
(3222, 107, '2022-11-24 14:18:19', '2022-11-24 14:18:19'),
(3223, 115, '2022-11-24 14:18:19', '2022-11-24 14:18:19'),
(3224, 80, '2022-11-24 14:18:37', '2022-11-24 14:18:37'),
(3225, 73, '2022-11-24 21:35:46', '2022-11-24 21:35:46'),
(3226, 85, '2022-11-24 23:09:18', '2022-11-24 23:09:18'),
(3227, 127, '2022-11-24 23:19:16', '2022-11-24 23:19:16'),
(3228, 58, '2022-11-24 23:24:19', '2022-11-24 23:24:19'),
(3229, 108, '2022-11-25 00:08:13', '2022-11-25 00:08:13'),
(3230, 107, '2022-11-25 00:13:12', '2022-11-25 00:13:12'),
(3231, 104, '2022-11-25 08:16:15', '2022-11-25 08:16:15'),
(3232, 58, '2022-11-25 08:44:50', '2022-11-25 08:44:50'),
(3233, 88, '2022-11-25 12:52:22', '2022-11-25 12:52:22'),
(3234, 73, '2022-11-25 15:27:20', '2022-11-25 15:27:20'),
(3235, 89, '2022-11-25 17:09:52', '2022-11-25 17:09:52'),
(3236, 114, '2022-11-25 17:19:52', '2022-11-25 17:19:52'),
(3237, 112, '2022-11-25 17:24:53', '2022-11-25 17:24:53'),
(3238, 126, '2022-11-25 17:29:51', '2022-11-25 17:29:51'),
(3239, 113, '2022-11-25 20:16:26', '2022-11-25 20:16:26'),
(3240, 124, '2022-11-25 21:58:03', '2022-11-25 21:58:03'),
(3241, 64, '2022-11-25 23:46:12', '2022-11-25 23:46:12'),
(3242, 64, '2022-11-25 23:46:19', '2022-11-25 23:46:19'),
(3243, 116, '2022-11-26 01:05:30', '2022-11-26 01:05:30'),
(3244, 110, '2022-11-26 01:40:23', '2022-11-26 01:40:23'),
(3245, 90, '2022-11-26 02:41:52', '2022-11-26 02:41:52'),
(3246, 90, '2022-11-26 02:41:56', '2022-11-26 02:41:56'),
(3247, 124, '2022-11-26 11:18:31', '2022-11-26 11:18:31'),
(3248, 115, '2022-11-26 11:23:38', '2022-11-26 11:23:38'),
(3249, 75, '2022-11-26 11:36:01', '2022-11-26 11:36:01'),
(3250, 80, '2022-11-26 11:37:25', '2022-11-26 11:37:25'),
(3251, 62, '2022-11-26 13:07:25', '2022-11-26 13:07:25'),
(3252, 77, '2022-11-26 15:34:34', '2022-11-26 15:34:34'),
(3253, 94, '2022-11-26 15:39:45', '2022-11-26 15:39:45'),
(3254, 58, '2022-11-26 23:43:26', '2022-11-26 23:43:26'),
(3255, 58, '2022-11-27 00:25:51', '2022-11-27 00:25:51'),
(3256, 73, '2022-11-27 00:26:09', '2022-11-27 00:26:09'),
(3257, 94, '2022-11-27 00:26:13', '2022-11-27 00:26:13'),
(3258, 99, '2022-11-27 00:26:25', '2022-11-27 00:26:25'),
(3259, 103, '2022-11-27 00:26:45', '2022-11-27 00:26:45'),
(3260, 108, '2022-11-27 00:26:56', '2022-11-27 00:26:56'),
(3261, 111, '2022-11-27 00:27:06', '2022-11-27 00:27:06'),
(3262, 118, '2022-11-27 00:27:16', '2022-11-27 00:27:16'),
(3263, 121, '2022-11-27 00:27:28', '2022-11-27 00:27:28'),
(3264, 62, '2022-11-27 00:27:39', '2022-11-27 00:27:39'),
(3265, 78, '2022-11-27 00:30:34', '2022-11-27 00:30:34'),
(3266, 93, '2022-11-27 00:30:39', '2022-11-27 00:30:39'),
(3267, 96, '2022-11-27 00:30:49', '2022-11-27 00:30:49'),
(3268, 100, '2022-11-27 00:31:03', '2022-11-27 00:31:03'),
(3269, 122, '2022-11-27 00:33:55', '2022-11-27 00:33:55'),
(3270, 123, '2022-11-27 00:34:18', '2022-11-27 00:34:18'),
(3271, 80, '2022-11-27 00:37:08', '2022-11-27 00:37:08'),
(3272, 63, '2022-11-27 00:37:23', '2022-11-27 00:37:23'),
(3273, 64, '2022-11-27 00:37:33', '2022-11-27 00:37:33'),
(3274, 67, '2022-11-27 00:37:42', '2022-11-27 00:37:42'),
(3275, 91, '2022-11-27 00:38:08', '2022-11-27 00:38:08'),
(3276, 95, '2022-11-27 00:38:20', '2022-11-27 00:38:20'),
(3277, 125, '2022-11-27 00:38:31', '2022-11-27 00:38:31'),
(3278, 65, '2022-11-27 00:38:35', '2022-11-27 00:38:35'),
(3279, 89, '2022-11-27 00:38:40', '2022-11-27 00:38:40'),
(3280, 107, '2022-11-27 00:38:53', '2022-11-27 00:38:53'),
(3281, 112, '2022-11-27 00:39:05', '2022-11-27 00:39:05'),
(3282, 113, '2022-11-27 00:39:25', '2022-11-27 00:39:25'),
(3283, 115, '2022-11-27 00:39:37', '2022-11-27 00:39:37'),
(3284, 90, '2022-11-27 00:39:49', '2022-11-27 00:39:49'),
(3285, 70, '2022-11-27 00:45:23', '2022-11-27 00:45:23'),
(3286, 86, '2022-11-27 00:45:34', '2022-11-27 00:45:34'),
(3287, 87, '2022-11-27 00:45:50', '2022-11-27 00:45:50'),
(3288, 88, '2022-11-27 00:46:06', '2022-11-27 00:46:06'),
(3289, 75, '2022-11-27 00:46:16', '2022-11-27 00:46:16'),
(3290, 77, '2022-11-27 00:46:32', '2022-11-27 00:46:32'),
(3291, 84, '2022-11-27 00:46:42', '2022-11-27 00:46:42'),
(3292, 85, '2022-11-27 00:47:09', '2022-11-27 00:47:09'),
(3293, 127, '2022-11-27 00:47:20', '2022-11-27 00:47:20'),
(3294, 102, '2022-11-27 00:47:28', '2022-11-27 00:47:28'),
(3295, 116, '2022-11-27 00:47:40', '2022-11-27 00:47:40'),
(3296, 126, '2022-11-27 00:50:37', '2022-11-27 00:50:37'),
(3297, 76, '2022-11-27 00:50:38', '2022-11-27 00:50:38'),
(3298, 128, '2022-11-27 00:50:53', '2022-11-27 00:50:53'),
(3299, 82, '2022-11-27 00:51:02', '2022-11-27 00:51:02'),
(3300, 83, '2022-11-27 00:51:07', '2022-11-27 00:51:07'),
(3301, 58, '2022-11-27 00:51:40', '2022-11-27 00:51:40'),
(3302, 73, '2022-11-27 00:51:45', '2022-11-27 00:51:45'),
(3303, 94, '2022-11-27 00:52:55', '2022-11-27 00:52:55'),
(3304, 99, '2022-11-27 00:53:03', '2022-11-27 00:53:03'),
(3305, 103, '2022-11-27 00:53:12', '2022-11-27 00:53:12'),
(3306, 108, '2022-11-27 00:53:16', '2022-11-27 00:53:16'),
(3307, 111, '2022-11-27 00:53:29', '2022-11-27 00:53:29'),
(3308, 118, '2022-11-27 00:53:40', '2022-11-27 00:53:40'),
(3309, 62, '2022-11-27 00:57:22', '2022-11-27 00:57:22'),
(3310, 78, '2022-11-27 00:57:32', '2022-11-27 00:57:32'),
(3311, 93, '2022-11-27 00:57:45', '2022-11-27 00:57:45'),
(3312, 96, '2022-11-27 00:57:56', '2022-11-27 00:57:56'),
(3313, 100, '2022-11-27 00:58:06', '2022-11-27 00:58:06'),
(3314, 122, '2022-11-27 00:58:10', '2022-11-27 00:58:10'),
(3315, 123, '2022-11-27 00:58:14', '2022-11-27 00:58:14'),
(3316, 80, '2022-11-27 00:58:22', '2022-11-27 00:58:22'),
(3317, 64, '2022-11-27 01:02:10', '2022-11-27 01:02:10'),
(3318, 67, '2022-11-27 01:02:22', '2022-11-27 01:02:22'),
(3319, 91, '2022-11-27 01:02:45', '2022-11-27 01:02:45'),
(3320, 95, '2022-11-27 01:02:55', '2022-11-27 01:02:55'),
(3321, 125, '2022-11-27 01:03:05', '2022-11-27 01:03:05'),
(3322, 65, '2022-11-27 01:03:20', '2022-11-27 01:03:20'),
(3323, 89, '2022-11-27 01:03:37', '2022-11-27 01:03:37'),
(3324, 112, '2022-11-27 01:06:32', '2022-11-27 01:06:32'),
(3325, 113, '2022-11-27 01:06:41', '2022-11-27 01:06:41'),
(3326, 115, '2022-11-27 01:06:54', '2022-11-27 01:06:54'),
(3327, 90, '2022-11-27 01:08:11', '2022-11-27 01:08:11'),
(3328, 70, '2022-11-27 01:08:20', '2022-11-27 01:08:20'),
(3329, 86, '2022-11-27 01:08:35', '2022-11-27 01:08:35'),
(3330, 87, '2022-11-27 01:08:44', '2022-11-27 01:08:44'),
(3331, 88, '2022-11-27 01:08:59', '2022-11-27 01:08:59'),
(3332, 75, '2022-11-27 01:09:10', '2022-11-27 01:09:10'),
(3333, 77, '2022-11-27 01:09:19', '2022-11-27 01:09:19'),
(3334, 84, '2022-11-27 01:09:31', '2022-11-27 01:09:31'),
(3335, 85, '2022-11-27 01:09:45', '2022-11-27 01:09:45'),
(3336, 127, '2022-11-27 01:09:57', '2022-11-27 01:09:57'),
(3337, 116, '2022-11-27 01:12:48', '2022-11-27 01:12:48'),
(3338, 126, '2022-11-27 01:13:05', '2022-11-27 01:13:05'),
(3339, 76, '2022-11-27 01:13:23', '2022-11-27 01:13:23'),
(3340, 128, '2022-11-27 01:13:34', '2022-11-27 01:13:34'),
(3341, 82, '2022-11-27 01:13:44', '2022-11-27 01:13:44'),
(3342, 83, '2022-11-27 01:13:57', '2022-11-27 01:13:57'),
(3343, 75, '2022-11-27 01:28:40', '2022-11-27 01:28:40'),
(3344, 80, '2022-11-27 02:43:51', '2022-11-27 02:43:51'),
(3345, 115, '2022-11-27 02:43:55', '2022-11-27 02:43:55'),
(3346, 107, '2022-11-27 02:43:58', '2022-11-27 02:43:58'),
(3347, 73, '2022-11-27 02:44:05', '2022-11-27 02:44:05'),
(3348, 118, '2022-11-27 02:44:05', '2022-11-27 02:44:05'),
(3349, 108, '2022-11-27 02:44:05', '2022-11-27 02:44:05'),
(3350, 104, '2022-11-27 02:44:06', '2022-11-27 02:44:06'),
(3351, 82, '2022-11-27 04:30:58', '2022-11-27 04:30:58'),
(3352, 98, '2022-11-27 05:44:58', '2022-11-27 05:44:58'),
(3353, 62, '2022-11-27 06:53:43', '2022-11-27 06:53:43'),
(3354, 113, '2022-11-27 08:11:26', '2022-11-27 08:11:26'),
(3355, 78, '2022-11-27 15:35:17', '2022-11-27 15:35:17'),
(3356, 95, '2022-11-27 15:47:16', '2022-11-27 15:47:16'),
(3357, 92, '2022-11-27 20:37:48', '2022-11-27 20:37:48'),
(3358, 88, '2022-11-27 20:43:36', '2022-11-27 20:43:36'),
(3359, 80, '2022-11-27 22:18:57', '2022-11-27 22:18:57'),
(3360, 118, '2022-11-27 22:50:09', '2022-11-27 22:50:09'),
(3361, 111, '2022-11-27 23:26:53', '2022-11-27 23:26:53'),
(3362, 128, '2022-11-27 23:43:36', '2022-11-27 23:43:36'),
(3363, 128, '2022-11-28 00:00:57', '2022-11-28 00:00:57'),
(3364, 112, '2022-11-28 00:04:35', '2022-11-28 00:04:35'),
(3365, 85, '2022-11-28 00:25:38', '2022-11-28 00:25:38'),
(3366, 65, '2022-11-28 00:56:52', '2022-11-28 00:56:52'),
(3367, 110, '2022-11-28 01:36:02', '2022-11-28 01:36:02'),
(3368, 78, '2022-11-28 03:04:58', '2022-11-28 03:04:58'),
(3369, 115, '2022-11-28 03:38:06', '2022-11-28 03:38:06'),
(3370, 103, '2022-11-28 05:17:52', '2022-11-28 05:17:52'),
(3371, 98, '2022-11-28 07:16:15', '2022-11-28 07:16:15'),
(3372, 76, '2022-11-28 07:42:54', '2022-11-28 07:42:54'),
(3373, 110, '2022-11-28 07:45:06', '2022-11-28 07:45:06'),
(3374, 122, '2022-11-28 09:12:41', '2022-11-28 09:12:41'),
(3375, 123, '2022-11-28 09:37:10', '2022-11-28 09:37:10'),
(3376, 74, '2022-11-28 09:58:26', '2022-11-28 09:58:26'),
(3377, 113, '2022-11-28 10:48:36', '2022-11-28 10:48:36'),
(3378, 124, '2022-11-28 12:14:07', '2022-11-28 12:14:07'),
(3379, 109, '2022-11-28 12:14:07', '2022-11-28 12:14:07'),
(3380, 75, '2022-11-28 12:26:08', '2022-11-28 12:26:08'),
(3381, 98, '2022-11-28 14:15:11', '2022-11-28 14:15:11'),
(3382, 70, '2022-11-28 14:34:12', '2022-11-28 14:34:12'),
(3383, 109, '2022-11-28 15:59:31', '2022-11-28 15:59:31'),
(3384, 124, '2022-11-28 15:59:31', '2022-11-28 15:59:31'),
(3385, 98, '2022-11-28 15:59:45', '2022-11-28 15:59:45'),
(3386, 104, '2022-11-28 16:00:07', '2022-11-28 16:00:07'),
(3387, 98, '2022-11-28 16:00:35', '2022-11-28 16:00:35'),
(3388, 104, '2022-11-28 16:06:15', '2022-11-28 16:06:15'),
(3389, 69, '2022-11-28 16:19:28', '2022-11-28 16:19:28'),
(3390, 92, '2022-11-28 16:19:28', '2022-11-28 16:19:28'),
(3391, 119, '2022-11-28 16:19:28', '2022-11-28 16:19:28'),
(3392, 69, '2022-11-28 16:23:05', '2022-11-28 16:23:05'),
(3393, 119, '2022-11-28 16:23:05', '2022-11-28 16:23:05'),
(3394, 92, '2022-11-28 16:23:05', '2022-11-28 16:23:05'),
(3395, 104, '2022-11-28 17:08:48', '2022-11-28 17:08:48'),
(3396, 78, '2022-11-28 17:42:11', '2022-11-28 17:42:11'),
(3397, 118, '2022-11-28 19:12:11', '2022-11-28 19:12:11'),
(3398, 73, '2022-11-28 20:15:11', '2022-11-28 20:15:11'),
(3399, 110, '2022-11-28 20:30:43', '2022-11-28 20:30:43'),
(3400, 73, '2022-11-28 22:15:02', '2022-11-28 22:15:02'),
(3401, 117, '2022-11-28 22:23:27', '2022-11-28 22:23:27'),
(3402, 119, '2022-11-28 22:30:12', '2022-11-28 22:30:12'),
(3403, 73, '2022-11-28 22:32:59', '2022-11-28 22:32:59'),
(3404, 119, '2022-11-28 22:47:54', '2022-11-28 22:47:54'),
(3405, 58, '2022-11-28 22:58:34', '2022-11-28 22:58:34'),
(3406, 94, '2022-11-28 23:00:02', '2022-11-28 23:00:02'),
(3407, 99, '2022-11-28 23:00:23', '2022-11-28 23:00:23'),
(3408, 103, '2022-11-28 23:01:15', '2022-11-28 23:01:15'),
(3409, 108, '2022-11-28 23:01:33', '2022-11-28 23:01:33'),
(3410, 111, '2022-11-28 23:12:50', '2022-11-28 23:12:50'),
(3411, 118, '2022-11-28 23:16:34', '2022-11-28 23:16:34'),
(3412, 121, '2022-11-28 23:16:42', '2022-11-28 23:16:42'),
(3413, 58, '2022-11-28 23:18:25', '2022-11-28 23:18:25'),
(3414, 83, '2022-11-28 23:35:17', '2022-11-28 23:35:17'),
(3415, 124, '2022-11-29 02:00:08', '2022-11-29 02:00:08'),
(3416, 69, '2022-11-29 03:38:30', '2022-11-29 03:38:30'),
(3417, 119, '2022-11-29 06:17:54', '2022-11-29 06:17:54'),
(3418, 123, '2022-11-29 06:58:53', '2022-11-29 06:58:53'),
(3419, 99, '2022-11-29 07:51:50', '2022-11-29 07:51:50'),
(3420, 103, '2022-11-29 08:00:40', '2022-11-29 08:00:40'),
(3421, 126, '2022-11-29 08:29:05', '2022-11-29 08:29:05'),
(3422, 97, '2022-11-29 09:24:05', '2022-11-29 09:24:05'),
(3423, 92, '2022-11-29 10:16:39', '2022-11-29 10:16:39'),
(3424, 70, '2022-11-29 10:28:47', '2022-11-29 10:28:47'),
(3425, 107, '2022-11-29 10:28:47', '2022-11-29 10:28:47'),
(3426, 112, '2022-11-29 10:28:52', '2022-11-29 10:28:52'),
(3427, 113, '2022-11-29 10:28:53', '2022-11-29 10:28:53'),
(3428, 69, '2022-11-29 10:28:53', '2022-11-29 10:28:53'),
(3429, 99, '2022-11-29 10:28:54', '2022-11-29 10:28:54'),
(3430, 94, '2022-11-29 10:28:54', '2022-11-29 10:28:54'),
(3431, 119, '2022-11-29 10:28:54', '2022-11-29 10:28:54'),
(3432, 104, '2022-11-29 10:28:55', '2022-11-29 10:28:55'),
(3433, 98, '2022-11-29 10:29:01', '2022-11-29 10:29:01'),
(3434, 63, '2022-11-29 10:29:01', '2022-11-29 10:29:01'),
(3435, 121, '2022-11-29 10:29:01', '2022-11-29 10:29:01'),
(3436, 70, '2022-11-29 10:46:40', '2022-11-29 10:46:40'),
(3437, 92, '2022-11-29 11:23:59', '2022-11-29 11:23:59'),
(3438, 117, '2022-11-29 14:35:49', '2022-11-29 14:35:49'),
(3439, 84, '2022-11-29 14:40:15', '2022-11-29 14:40:15'),
(3440, 87, '2022-11-29 14:45:03', '2022-11-29 14:45:03'),
(3441, 66, '2022-11-29 14:47:54', '2022-11-29 14:47:54'),
(3442, 125, '2022-11-29 14:49:23', '2022-11-29 14:49:23'),
(3443, 105, '2022-11-29 14:50:28', '2022-11-29 14:50:28'),
(3444, 121, '2022-11-29 14:54:11', '2022-11-29 14:54:11'),
(3445, 108, '2022-11-29 16:05:56', '2022-11-29 16:05:56'),
(3446, 93, '2022-11-29 16:24:51', '2022-11-29 16:24:51'),
(3447, 73, '2022-11-29 16:24:51', '2022-11-29 16:24:51'),
(3448, 75, '2022-11-29 16:24:52', '2022-11-29 16:24:52'),
(3449, 73, '2022-11-29 16:24:52', '2022-11-29 16:24:52'),
(3450, 122, '2022-11-29 16:25:45', '2022-11-29 16:25:45'),
(3451, 107, '2022-11-29 16:46:37', '2022-11-29 16:46:37'),
(3452, 89, '2022-11-29 16:47:10', '2022-11-29 16:47:10'),
(3453, 86, '2022-11-29 16:47:47', '2022-11-29 16:47:47'),
(3454, 118, '2022-11-29 18:04:24', '2022-11-29 18:04:24'),
(3455, 119, '2022-11-29 18:04:55', '2022-11-29 18:04:55'),
(3456, 114, '2022-11-29 18:05:08', '2022-11-29 18:05:08'),
(3457, 76, '2022-11-29 18:05:19', '2022-11-29 18:05:19'),
(3458, 100, '2022-11-29 18:05:32', '2022-11-29 18:05:32'),
(3459, 94, '2022-11-29 18:05:44', '2022-11-29 18:05:44'),
(3460, 80, '2022-11-29 18:05:58', '2022-11-29 18:05:58'),
(3461, 98, '2022-11-29 18:06:10', '2022-11-29 18:06:10'),
(3462, 102, '2022-11-29 18:06:22', '2022-11-29 18:06:22'),
(3463, 127, '2022-11-29 18:06:33', '2022-11-29 18:06:33'),
(3464, 117, '2022-11-29 18:06:44', '2022-11-29 18:06:44'),
(3465, 64, '2022-11-29 18:06:56', '2022-11-29 18:06:56'),
(3466, 97, '2022-11-29 18:07:05', '2022-11-29 18:07:05'),
(3467, 73, '2022-11-29 18:07:15', '2022-11-29 18:07:15'),
(3468, 75, '2022-11-29 18:07:24', '2022-11-29 18:07:24'),
(3469, 104, '2022-11-29 18:07:34', '2022-11-29 18:07:34'),
(3470, 124, '2022-11-29 18:07:43', '2022-11-29 18:07:43'),
(3471, 87, '2022-11-29 18:07:53', '2022-11-29 18:07:53'),
(3472, 116, '2022-11-29 18:08:02', '2022-11-29 18:08:02'),
(3473, 74, '2022-11-29 18:08:11', '2022-11-29 18:08:11'),
(3474, 99, '2022-11-29 18:08:20', '2022-11-29 18:08:20'),
(3475, 107, '2022-11-29 18:08:29', '2022-11-29 18:08:29'),
(3476, 108, '2022-11-29 18:08:38', '2022-11-29 18:08:38'),
(3477, 122, '2022-11-29 18:08:46', '2022-11-29 18:08:46'),
(3478, 93, '2022-11-29 18:08:55', '2022-11-29 18:08:55'),
(3479, 82, '2022-11-29 18:09:03', '2022-11-29 18:09:03'),
(3480, 86, '2022-11-29 18:09:11', '2022-11-29 18:09:11'),
(3481, 92, '2022-11-29 18:09:19', '2022-11-29 18:09:19'),
(3482, 90, '2022-11-29 18:09:28', '2022-11-29 18:09:28'),
(3483, 95, '2022-11-29 18:09:35', '2022-11-29 18:09:35'),
(3484, 112, '2022-11-29 18:09:43', '2022-11-29 18:09:43'),
(3485, 70, '2022-11-29 18:09:51', '2022-11-29 18:09:51'),
(3486, 128, '2022-11-29 18:09:59', '2022-11-29 18:09:59'),
(3487, 89, '2022-11-29 18:10:07', '2022-11-29 18:10:07'),
(3488, 67, '2022-11-29 18:10:16', '2022-11-29 18:10:16'),
(3489, 113, '2022-11-29 18:10:25', '2022-11-29 18:10:25'),
(3490, 111, '2022-11-29 18:10:35', '2022-11-29 18:10:35'),
(3491, 103, '2022-11-29 18:10:47', '2022-11-29 18:10:47'),
(3492, 84, '2022-11-29 18:10:57', '2022-11-29 18:10:57'),
(3493, 58, '2022-11-29 18:11:08', '2022-11-29 18:11:08'),
(3494, 84, '2022-11-29 18:11:17', '2022-11-29 18:11:17'),
(3495, 83, '2022-11-29 18:11:26', '2022-11-29 18:11:26'),
(3496, 65, '2022-11-29 18:11:36', '2022-11-29 18:11:36'),
(3497, 97, '2022-11-29 18:11:43', '2022-11-29 18:11:43'),
(3498, 96, '2022-11-29 18:11:52', '2022-11-29 18:11:52'),
(3499, 95, '2022-11-29 18:12:00', '2022-11-29 18:12:00'),
(3500, 85, '2022-11-29 18:12:09', '2022-11-29 18:12:09'),
(3501, 125, '2022-11-29 18:12:18', '2022-11-29 18:12:18'),
(3502, 78, '2022-11-29 18:12:27', '2022-11-29 18:12:27'),
(3503, 66, '2022-11-29 18:12:37', '2022-11-29 18:12:37'),
(3504, 115, '2022-11-29 18:12:47', '2022-11-29 18:12:47'),
(3505, 88, '2022-11-29 18:12:57', '2022-11-29 18:12:57'),
(3506, 77, '2022-11-29 18:13:07', '2022-11-29 18:13:07'),
(3507, 109, '2022-11-29 18:13:18', '2022-11-29 18:13:18'),
(3508, 96, '2022-11-29 18:13:29', '2022-11-29 18:13:29'),
(3509, 123, '2022-11-29 18:13:41', '2022-11-29 18:13:41'),
(3510, 69, '2022-11-29 18:13:51', '2022-11-29 18:13:51'),
(3511, 110, '2022-11-29 18:14:02', '2022-11-29 18:14:02'),
(3512, 100, '2022-11-29 18:14:55', '2022-11-29 18:14:55'),
(3513, 102, '2022-11-29 18:15:06', '2022-11-29 18:15:06'),
(3514, 103, '2022-11-29 18:15:16', '2022-11-29 18:15:16'),
(3515, 104, '2022-11-29 18:15:26', '2022-11-29 18:15:26'),
(3516, 105, '2022-11-29 18:15:36', '2022-11-29 18:15:36'),
(3517, 107, '2022-11-29 18:15:47', '2022-11-29 18:15:47'),
(3518, 108, '2022-11-29 18:15:56', '2022-11-29 18:15:56'),
(3519, 109, '2022-11-29 18:16:05', '2022-11-29 18:16:05'),
(3520, 110, '2022-11-29 18:16:14', '2022-11-29 18:16:14'),
(3521, 111, '2022-11-29 18:16:23', '2022-11-29 18:16:23'),
(3522, 112, '2022-11-29 18:16:31', '2022-11-29 18:16:31'),
(3523, 113, '2022-11-29 18:16:39', '2022-11-29 18:16:39'),
(3524, 114, '2022-11-29 18:16:48', '2022-11-29 18:16:48'),
(3525, 115, '2022-11-29 18:16:57', '2022-11-29 18:16:57'),
(3526, 116, '2022-11-29 18:17:05', '2022-11-29 18:17:05'),
(3527, 117, '2022-11-29 18:17:14', '2022-11-29 18:17:14'),
(3528, 91, '2022-11-29 18:17:23', '2022-11-29 18:17:23'),
(3529, 105, '2022-11-29 18:17:33', '2022-11-29 18:17:33'),
(3530, 121, '2022-11-29 18:17:43', '2022-11-29 18:17:43'),
(3531, 122, '2022-11-29 18:17:54', '2022-11-29 18:17:54'),
(3532, 123, '2022-11-29 18:18:04', '2022-11-29 18:18:04'),
(3533, 124, '2022-11-29 18:18:14', '2022-11-29 18:18:14'),
(3534, 125, '2022-11-29 18:18:24', '2022-11-29 18:18:24'),
(3535, 126, '2022-11-29 18:18:33', '2022-11-29 18:18:33'),
(3536, 127, '2022-11-29 18:18:44', '2022-11-29 18:18:44'),
(3537, 128, '2022-11-29 18:18:54', '2022-11-29 18:18:54'),
(3538, 58, '2022-11-29 18:19:03', '2022-11-29 18:19:03'),
(3539, 62, '2022-11-29 18:19:14', '2022-11-29 18:19:14'),
(3540, 63, '2022-11-29 18:19:24', '2022-11-29 18:19:24'),
(3541, 64, '2022-11-29 18:19:33', '2022-11-29 18:19:33'),
(3542, 65, '2022-11-29 18:19:44', '2022-11-29 18:19:44'),
(3543, 66, '2022-11-29 18:19:54', '2022-11-29 18:19:54'),
(3544, 67, '2022-11-29 18:20:06', '2022-11-29 18:20:06'),
(3545, 69, '2022-11-29 18:20:14', '2022-11-29 18:20:14'),
(3546, 70, '2022-11-29 18:20:26', '2022-11-29 18:20:26'),
(3547, 73, '2022-11-29 18:20:37', '2022-11-29 18:20:37'),
(3548, 74, '2022-11-29 18:20:47', '2022-11-29 18:20:47'),
(3549, 75, '2022-11-29 18:20:57', '2022-11-29 18:20:57'),
(3550, 76, '2022-11-29 18:21:07', '2022-11-29 18:21:07'),
(3551, 77, '2022-11-29 18:21:17', '2022-11-29 18:21:17'),
(3552, 78, '2022-11-29 18:21:26', '2022-11-29 18:21:26'),
(3553, 80, '2022-11-29 18:21:37', '2022-11-29 18:21:37'),
(3554, 81, '2022-11-29 18:21:47', '2022-11-29 18:21:47'),
(3555, 83, '2022-11-29 18:21:56', '2022-11-29 18:21:56'),
(3556, 82, '2022-11-29 18:22:06', '2022-11-29 18:22:06');
INSERT INTO `publicacion_visita` (`id`, `publicacion_id`, `created_at`, `updated_at`) VALUES
(3557, 118, '2022-11-29 18:22:16', '2022-11-29 18:22:16'),
(3558, 85, '2022-11-29 18:22:26', '2022-11-29 18:22:26'),
(3559, 86, '2022-11-29 18:22:37', '2022-11-29 18:22:37'),
(3560, 87, '2022-11-29 18:22:48', '2022-11-29 18:22:48'),
(3561, 88, '2022-11-29 18:22:58', '2022-11-29 18:22:58'),
(3562, 89, '2022-11-29 18:23:08', '2022-11-29 18:23:08'),
(3563, 90, '2022-11-29 18:23:17', '2022-11-29 18:23:17'),
(3564, 91, '2022-11-29 18:23:29', '2022-11-29 18:23:29'),
(3565, 92, '2022-11-29 18:23:40', '2022-11-29 18:23:40'),
(3566, 93, '2022-11-29 18:23:50', '2022-11-29 18:23:50'),
(3567, 94, '2022-11-29 18:24:02', '2022-11-29 18:24:02'),
(3568, 81, '2022-11-29 18:24:13', '2022-11-29 18:24:13'),
(3569, 62, '2022-11-29 18:24:25', '2022-11-29 18:24:25'),
(3570, 121, '2022-11-29 18:24:38', '2022-11-29 18:24:38'),
(3571, 98, '2022-11-29 18:24:51', '2022-11-29 18:24:51'),
(3572, 99, '2022-11-29 18:25:05', '2022-11-29 18:25:05'),
(3573, 63, '2022-11-29 18:28:24', '2022-11-29 18:28:24'),
(3574, 126, '2022-11-29 18:28:35', '2022-11-29 18:28:35'),
(3575, 119, '2022-11-29 18:28:45', '2022-11-29 18:28:45'),
(3576, 64, '2022-11-29 19:25:24', '2022-11-29 19:25:24'),
(3577, 128, '2022-11-29 19:26:57', '2022-11-29 19:26:57'),
(3578, 114, '2022-11-29 20:39:35', '2022-11-29 20:39:35'),
(3579, 100, '2022-11-29 23:17:47', '2022-11-29 23:17:47'),
(3580, 97, '2022-11-29 23:31:13', '2022-11-29 23:31:13'),
(3581, 119, '2022-11-30 01:02:37', '2022-11-30 01:02:37'),
(3582, 121, '2022-11-30 01:46:42', '2022-11-30 01:46:42'),
(3583, 91, '2022-11-30 01:47:33', '2022-11-30 01:47:33'),
(3584, 58, '2022-11-30 02:19:12', '2022-11-30 02:19:12'),
(3585, 85, '2022-11-30 02:24:17', '2022-11-30 02:24:17'),
(3586, 107, '2022-11-30 05:38:45', '2022-11-30 05:38:45'),
(3587, 128, '2022-11-30 10:24:52', '2022-11-30 10:24:52'),
(3588, 112, '2022-11-30 10:27:45', '2022-11-30 10:27:45'),
(3589, 85, '2022-11-30 10:45:16', '2022-11-30 10:45:16'),
(3590, 110, '2022-11-30 12:24:47', '2022-11-30 12:24:47'),
(3591, 113, '2022-11-30 13:38:55', '2022-11-30 13:38:55'),
(3592, 78, '2022-11-30 14:06:30', '2022-11-30 14:06:30'),
(3593, 115, '2022-11-30 15:12:54', '2022-11-30 15:12:54'),
(3594, 126, '2022-11-30 16:26:59', '2022-11-30 16:26:59'),
(3595, 93, '2022-11-30 16:58:51', '2022-11-30 16:58:51'),
(3596, 91, '2022-11-30 17:16:25', '2022-11-30 17:16:25'),
(3597, 69, '2022-11-30 21:25:20', '2022-11-30 21:25:20'),
(3598, 88, '2022-12-01 00:38:15', '2022-12-01 00:38:15'),
(3599, 82, '2022-12-01 00:39:57', '2022-12-01 00:39:57'),
(3600, 105, '2022-12-01 01:16:21', '2022-12-01 01:16:21'),
(3601, 74, '2022-12-01 02:44:38', '2022-12-01 02:44:38'),
(3602, 86, '2022-12-01 03:41:47', '2022-12-01 03:41:47'),
(3603, 64, '2022-12-01 03:47:33', '2022-12-01 03:47:33'),
(3604, 64, '2022-12-01 03:48:01', '2022-12-01 03:48:01'),
(3605, 124, '2022-12-01 04:51:53', '2022-12-01 04:51:53'),
(3606, 124, '2022-12-01 04:51:55', '2022-12-01 04:51:55'),
(3607, 124, '2022-12-01 04:51:56', '2022-12-01 04:51:56'),
(3608, 89, '2022-12-01 05:54:57', '2022-12-01 05:54:57'),
(3609, 112, '2022-12-01 06:33:04', '2022-12-01 06:33:04'),
(3610, 113, '2022-12-01 06:33:04', '2022-12-01 06:33:04'),
(3611, 69, '2022-12-01 06:33:04', '2022-12-01 06:33:04'),
(3612, 99, '2022-12-01 06:33:05', '2022-12-01 06:33:05'),
(3613, 94, '2022-12-01 06:33:05', '2022-12-01 06:33:05'),
(3614, 119, '2022-12-01 06:33:05', '2022-12-01 06:33:05'),
(3615, 104, '2022-12-01 06:33:06', '2022-12-01 06:33:06'),
(3616, 70, '2022-12-01 06:33:09', '2022-12-01 06:33:09'),
(3617, 98, '2022-12-01 06:33:12', '2022-12-01 06:33:12'),
(3618, 63, '2022-12-01 06:33:12', '2022-12-01 06:33:12'),
(3619, 121, '2022-12-01 06:33:12', '2022-12-01 06:33:12'),
(3620, 107, '2022-12-01 06:33:17', '2022-12-01 06:33:17'),
(3621, 69, '2022-12-01 10:51:32', '2022-12-01 10:51:32'),
(3622, 104, '2022-12-01 14:36:30', '2022-12-01 14:36:30'),
(3623, 128, '2022-12-01 16:40:10', '2022-12-01 16:40:10'),
(3624, 76, '2022-12-01 16:40:49', '2022-12-01 16:40:49'),
(3625, 99, '2022-12-01 19:03:38', '2022-12-01 19:03:38'),
(3626, 116, '2022-12-01 20:17:05', '2022-12-01 20:17:05'),
(3627, 75, '2022-12-01 20:48:33', '2022-12-01 20:48:33'),
(3628, 77, '2022-12-01 20:48:59', '2022-12-01 20:48:59'),
(3629, 77, '2022-12-01 20:49:23', '2022-12-01 20:49:23'),
(3630, 77, '2022-12-01 20:56:44', '2022-12-01 20:56:44'),
(3631, 77, '2022-12-01 20:57:46', '2022-12-01 20:57:46'),
(3632, 93, '2022-12-01 21:16:42', '2022-12-01 21:16:42'),
(3633, 69, '2022-12-01 21:18:41', '2022-12-01 21:18:41'),
(3634, 94, '2022-12-01 21:20:04', '2022-12-01 21:20:04'),
(3635, 115, '2022-12-01 21:21:34', '2022-12-01 21:21:34'),
(3636, 117, '2022-12-01 21:27:26', '2022-12-01 21:27:26'),
(3637, 119, '2022-12-01 21:47:08', '2022-12-01 21:47:08'),
(3638, 121, '2022-12-01 22:48:05', '2022-12-01 22:48:05'),
(3639, 77, '2022-12-02 00:10:49', '2022-12-02 00:10:49'),
(3640, 77, '2022-12-02 00:11:00', '2022-12-02 00:11:00'),
(3641, 65, '2022-12-02 00:43:49', '2022-12-02 00:43:49'),
(3642, 107, '2022-12-02 01:34:32', '2022-12-02 01:34:32'),
(3643, 107, '2022-12-02 01:34:37', '2022-12-02 01:34:37'),
(3644, 113, '2022-12-02 01:34:45', '2022-12-02 01:34:45'),
(3645, 126, '2022-12-02 01:44:19', '2022-12-02 01:44:19'),
(3646, 77, '2022-12-02 05:49:47', '2022-12-02 05:49:47'),
(3647, 90, '2022-12-02 06:03:45', '2022-12-02 06:03:45'),
(3648, 89, '2022-12-02 08:31:07', '2022-12-02 08:31:07'),
(3649, 89, '2022-12-02 10:23:39', '2022-12-02 10:23:39'),
(3650, 58, '2022-12-02 13:23:39', '2022-12-02 13:23:39'),
(3651, 69, '2022-12-02 16:34:21', '2022-12-02 16:34:21'),
(3652, 62, '2022-12-02 17:39:11', '2022-12-02 17:39:11'),
(3653, 124, '2022-12-02 17:40:53', '2022-12-02 17:40:53'),
(3654, 114, '2022-12-02 17:43:41', '2022-12-02 17:43:41'),
(3655, 126, '2022-12-02 20:30:00', '2022-12-02 20:30:00'),
(3656, 96, '2022-12-03 01:16:18', '2022-12-03 01:16:18'),
(3657, 78, '2022-12-03 01:17:38', '2022-12-03 01:17:38'),
(3658, 65, '2022-12-03 01:19:07', '2022-12-03 01:19:07'),
(3659, 112, '2022-12-03 01:20:42', '2022-12-03 01:20:42'),
(3660, 104, '2022-12-03 01:29:34', '2022-12-03 01:29:34'),
(3661, 104, '2022-12-03 01:34:27', '2022-12-03 01:34:27'),
(3662, 104, '2022-12-03 01:34:42', '2022-12-03 01:34:42'),
(3663, 113, '2022-12-03 02:09:02', '2022-12-03 02:09:02'),
(3664, 126, '2022-12-03 10:46:31', '2022-12-03 10:46:31'),
(3665, 92, '2022-12-03 12:49:49', '2022-12-03 12:49:49'),
(3666, 77, '2022-12-03 14:38:55', '2022-12-03 14:38:55'),
(3667, 103, '2022-12-03 15:18:22', '2022-12-03 15:18:22'),
(3668, 108, '2022-12-03 18:17:14', '2022-12-03 18:17:14'),
(3669, 112, '2022-12-03 18:20:44', '2022-12-03 18:20:44'),
(3670, 113, '2022-12-03 18:20:46', '2022-12-03 18:20:46'),
(3671, 69, '2022-12-03 18:20:46', '2022-12-03 18:20:46'),
(3672, 99, '2022-12-03 18:20:48', '2022-12-03 18:20:48'),
(3673, 94, '2022-12-03 18:20:49', '2022-12-03 18:20:49'),
(3674, 119, '2022-12-03 18:20:49', '2022-12-03 18:20:49'),
(3675, 104, '2022-12-03 18:20:49', '2022-12-03 18:20:49'),
(3676, 70, '2022-12-03 18:21:54', '2022-12-03 18:21:54'),
(3677, 107, '2022-12-03 18:21:56', '2022-12-03 18:21:56'),
(3678, 98, '2022-12-03 18:22:39', '2022-12-03 18:22:39'),
(3679, 63, '2022-12-03 18:22:40', '2022-12-03 18:22:40'),
(3680, 121, '2022-12-03 18:22:40', '2022-12-03 18:22:40'),
(3681, 122, '2022-12-03 20:13:33', '2022-12-03 20:13:33'),
(3682, 107, '2022-12-03 20:37:53', '2022-12-03 20:37:53'),
(3683, 89, '2022-12-03 20:38:32', '2022-12-03 20:38:32'),
(3684, 86, '2022-12-03 20:39:18', '2022-12-03 20:39:18'),
(3685, 114, '2022-12-04 00:58:21', '2022-12-04 00:58:21'),
(3686, 100, '2022-12-04 05:18:36', '2022-12-04 05:18:36'),
(3687, 97, '2022-12-04 05:32:05', '2022-12-04 05:32:05'),
(3688, 95, '2022-12-04 06:17:00', '2022-12-04 06:17:00'),
(3689, 74, '2022-12-04 06:19:55', '2022-12-04 06:19:55'),
(3690, 73, '2022-12-04 06:20:13', '2022-12-04 06:20:13'),
(3691, 70, '2022-12-04 06:22:05', '2022-12-04 06:22:05'),
(3692, 93, '2022-12-04 14:20:15', '2022-12-04 14:20:15'),
(3693, 99, '2022-12-04 15:59:05', '2022-12-04 15:59:05'),
(3694, 119, '2022-12-04 16:33:48', '2022-12-04 16:33:48'),
(3695, 109, '2022-12-04 16:34:27', '2022-12-04 16:34:27'),
(3696, 58, '2022-12-04 19:02:17', '2022-12-04 19:02:17'),
(3697, 123, '2022-12-04 19:09:49', '2022-12-04 19:09:49'),
(3698, 123, '2022-12-04 19:22:30', '2022-12-04 19:22:30'),
(3699, 67, '2022-12-04 19:38:45', '2022-12-04 19:38:45'),
(3700, 83, '2022-12-04 21:32:25', '2022-12-04 21:32:25'),
(3701, 104, '2022-12-04 22:49:58', '2022-12-04 22:49:58'),
(3702, 123, '2022-12-04 23:48:38', '2022-12-04 23:48:38'),
(3703, 89, '2022-12-05 00:14:44', '2022-12-05 00:14:44'),
(3704, 89, '2022-12-05 00:30:33', '2022-12-05 00:30:33'),
(3705, 87, '2022-12-05 02:10:27', '2022-12-05 02:10:27'),
(3706, 127, '2022-12-05 03:41:56', '2022-12-05 03:41:56'),
(3707, 125, '2022-12-05 06:31:27', '2022-12-05 06:31:27'),
(3708, 125, '2022-12-05 07:39:49', '2022-12-05 07:39:49'),
(3709, 84, '2022-12-05 07:40:32', '2022-12-05 07:40:32'),
(3710, 67, '2022-12-05 07:50:32', '2022-12-05 07:50:32'),
(3711, 84, '2022-12-05 09:40:53', '2022-12-05 09:40:53'),
(3712, 63, '2022-12-05 09:43:39', '2022-12-05 09:43:39'),
(3713, 128, '2022-12-05 09:44:53', '2022-12-05 09:44:53'),
(3714, 111, '2022-12-05 09:46:01', '2022-12-05 09:46:01'),
(3715, 75, '2022-12-05 10:51:00', '2022-12-05 10:51:00'),
(3716, 97, '2022-12-05 10:57:06', '2022-12-05 10:57:06'),
(3717, 104, '2022-12-05 11:05:36', '2022-12-05 11:05:36'),
(3718, 124, '2022-12-05 11:29:33', '2022-12-05 11:29:33'),
(3719, 96, '2022-12-05 11:54:27', '2022-12-05 11:54:27'),
(3720, 64, '2022-12-05 13:19:14', '2022-12-05 13:19:14'),
(3721, 81, '2022-12-05 14:38:32', '2022-12-05 14:38:32'),
(3722, 115, '2022-12-05 14:49:09', '2022-12-05 14:49:09'),
(3723, 64, '2022-12-05 15:15:27', '2022-12-05 15:15:27'),
(3724, 73, '2022-12-05 15:18:34', '2022-12-05 15:18:34'),
(3725, 124, '2022-12-05 15:20:18', '2022-12-05 15:20:18'),
(3726, 80, '2022-12-05 16:50:21', '2022-12-05 16:50:21'),
(3727, 58, '2022-12-05 17:16:37', '2022-12-05 17:16:37'),
(3728, 58, '2022-12-05 17:16:40', '2022-12-05 17:16:40'),
(3729, 75, '2022-12-05 17:43:12', '2022-12-05 17:43:12'),
(3730, 108, '2022-12-05 17:44:33', '2022-12-05 17:44:33'),
(3731, 99, '2022-12-05 18:06:25', '2022-12-05 18:06:25'),
(3732, 66, '2022-12-05 18:08:35', '2022-12-05 18:08:35'),
(3733, 93, '2022-12-05 22:25:04', '2022-12-05 22:25:04'),
(3734, 69, '2022-12-06 00:50:18', '2022-12-06 00:50:18'),
(3735, 94, '2022-12-06 00:53:39', '2022-12-06 00:53:39'),
(3736, 99, '2022-12-06 03:21:02', '2022-12-06 03:21:02'),
(3737, 97, '2022-12-06 03:25:32', '2022-12-06 03:25:32'),
(3738, 70, '2022-12-06 05:11:07', '2022-12-06 05:11:07'),
(3739, 112, '2022-12-06 07:16:34', '2022-12-06 07:16:34'),
(3740, 69, '2022-12-06 08:10:33', '2022-12-06 08:10:33'),
(3741, 69, '2022-12-06 09:18:03', '2022-12-06 09:18:03'),
(3742, 97, '2022-12-06 10:12:07', '2022-12-06 10:12:07'),
(3743, 93, '2022-12-06 11:55:32', '2022-12-06 11:55:32'),
(3744, 86, '2022-12-06 13:48:37', '2022-12-06 13:48:37'),
(3745, 103, '2022-12-06 13:49:50', '2022-12-06 13:49:50'),
(3746, 97, '2022-12-06 13:56:36', '2022-12-06 13:56:36'),
(3747, 97, '2022-12-06 14:41:35', '2022-12-06 14:41:35'),
(3748, 97, '2022-12-06 15:26:35', '2022-12-06 15:26:35'),
(3749, 92, '2022-12-06 21:17:23', '2022-12-06 21:17:23'),
(3750, 88, '2022-12-06 22:13:26', '2022-12-06 22:13:26'),
(3751, 118, '2022-12-06 22:14:45', '2022-12-06 22:14:45'),
(3752, 117, '2022-12-06 22:16:17', '2022-12-06 22:16:17'),
(3753, 113, '2022-12-07 05:15:05', '2022-12-07 05:15:05'),
(3754, 82, '2022-12-07 05:56:17', '2022-12-07 05:56:17'),
(3755, 91, '2022-12-07 06:49:09', '2022-12-07 06:49:09'),
(3756, 67, '2022-12-07 07:03:49', '2022-12-07 07:03:49'),
(3757, 102, '2022-12-07 07:48:48', '2022-12-07 07:48:48'),
(3758, 102, '2022-12-07 14:02:35', '2022-12-07 14:02:35'),
(3759, 62, '2022-12-07 14:52:10', '2022-12-07 14:52:10'),
(3760, 115, '2022-12-07 16:58:49', '2022-12-07 16:58:49'),
(3761, 81, '2022-12-07 17:05:11', '2022-12-07 17:05:11'),
(3762, 62, '2022-12-07 17:06:26', '2022-12-07 17:06:26'),
(3763, 117, '2022-12-07 19:17:52', '2022-12-07 19:17:52'),
(3764, 85, '2022-12-08 02:15:38', '2022-12-08 02:15:38'),
(3765, 64, '2022-12-08 02:17:13', '2022-12-08 02:17:13'),
(3766, 127, '2022-12-08 02:19:21', '2022-12-08 02:19:21'),
(3767, 110, '2022-12-08 02:31:10', '2022-12-08 02:31:10'),
(3768, 77, '2022-12-08 07:39:38', '2022-12-08 07:39:38'),
(3769, 94, '2022-12-08 09:46:57', '2022-12-08 09:46:57'),
(3770, 90, '2022-12-08 09:49:48', '2022-12-08 09:49:48'),
(3771, 99, '2022-12-08 10:12:00', '2022-12-08 10:12:00'),
(3772, 77, '2022-12-08 12:56:37', '2022-12-08 12:56:37'),
(3773, 65, '2022-12-08 12:58:14', '2022-12-08 12:58:14'),
(3774, 88, '2022-12-08 18:47:15', '2022-12-08 18:47:15'),
(3775, 111, '2022-12-08 19:28:34', '2022-12-08 19:28:34'),
(3776, 121, '2022-12-08 19:49:09', '2022-12-08 19:49:09'),
(3777, 128, '2022-12-08 19:50:24', '2022-12-08 19:50:24'),
(3778, 98, '2022-12-08 20:25:02', '2022-12-08 20:25:02'),
(3779, 119, '2022-12-08 20:43:26', '2022-12-08 20:43:26'),
(3780, 96, '2022-12-08 21:02:10', '2022-12-08 21:02:10'),
(3781, 126, '2022-12-08 21:03:23', '2022-12-08 21:03:23'),
(3782, 121, '2022-12-08 21:04:39', '2022-12-08 21:04:39'),
(3783, 114, '2022-12-08 21:06:24', '2022-12-08 21:06:24'),
(3784, 102, '2022-12-08 21:21:18', '2022-12-08 21:21:18'),
(3785, 76, '2022-12-08 23:46:30', '2022-12-08 23:46:30'),
(3786, 115, '2022-12-09 01:03:32', '2022-12-09 01:03:32'),
(3787, 58, '2022-12-09 01:13:38', '2022-12-09 01:13:38'),
(3788, 65, '2022-12-09 01:23:39', '2022-12-09 01:23:39'),
(3789, 93, '2022-12-09 04:46:34', '2022-12-09 04:46:34'),
(3790, 126, '2022-12-09 08:58:37', '2022-12-09 08:58:37'),
(3791, 116, '2022-12-09 08:59:05', '2022-12-09 08:59:05'),
(3792, 81, '2022-12-09 08:59:51', '2022-12-09 08:59:51'),
(3793, 114, '2022-12-09 09:00:00', '2022-12-09 09:00:00'),
(3794, 88, '2022-12-09 10:46:53', '2022-12-09 10:46:53'),
(3795, 62, '2022-12-09 11:21:12', '2022-12-09 11:21:12'),
(3796, 69, '2022-12-09 11:23:29', '2022-12-09 11:23:29'),
(3797, 111, '2022-12-09 12:38:28', '2022-12-09 12:38:28'),
(3798, 85, '2022-12-09 12:45:17', '2022-12-09 12:45:17'),
(3799, 109, '2022-12-09 12:56:15', '2022-12-09 12:56:15'),
(3800, 88, '2022-12-09 12:57:37', '2022-12-09 12:57:37'),
(3801, 96, '2022-12-09 12:58:37', '2022-12-09 12:58:37'),
(3802, 128, '2022-12-09 12:59:02', '2022-12-09 12:59:02'),
(3803, 114, '2022-12-09 13:08:17', '2022-12-09 13:08:17'),
(3804, 113, '2022-12-09 13:15:42', '2022-12-09 13:15:42'),
(3805, 66, '2022-12-09 13:16:37', '2022-12-09 13:16:37'),
(3806, 122, '2022-12-09 13:31:32', '2022-12-09 13:31:32'),
(3807, 65, '2022-12-09 14:21:37', '2022-12-09 14:21:37'),
(3808, 98, '2022-12-09 14:32:05', '2022-12-09 14:32:05'),
(3809, 119, '2022-12-09 15:18:38', '2022-12-09 15:18:38'),
(3810, 76, '2022-12-09 15:43:51', '2022-12-09 15:43:51'),
(3811, 66, '2022-12-09 15:59:57', '2022-12-09 15:59:57'),
(3812, 102, '2022-12-09 16:50:05', '2022-12-09 16:50:05'),
(3813, 69, '2022-12-09 17:55:50', '2022-12-09 17:55:50'),
(3814, 90, '2022-12-09 18:00:48', '2022-12-09 18:00:48'),
(3815, 89, '2022-12-09 19:06:41', '2022-12-09 19:06:41'),
(3816, 74, '2022-12-09 19:21:44', '2022-12-09 19:21:44'),
(3817, 112, '2022-12-09 19:43:50', '2022-12-09 19:43:50'),
(3818, 87, '2022-12-09 19:49:58', '2022-12-09 19:49:58'),
(3819, 73, '2022-12-09 19:51:38', '2022-12-09 19:51:38'),
(3820, 80, '2022-12-09 19:59:58', '2022-12-09 19:59:58'),
(3821, 76, '2022-12-09 21:55:48', '2022-12-09 21:55:48'),
(3822, 73, '2022-12-09 22:06:38', '2022-12-09 22:06:38'),
(3823, 109, '2022-12-09 22:30:35', '2022-12-09 22:30:35'),
(3824, 93, '2022-12-09 23:32:28', '2022-12-09 23:32:28'),
(3825, 122, '2022-12-10 00:56:52', '2022-12-10 00:56:52'),
(3826, 116, '2022-12-10 01:10:03', '2022-12-10 01:10:03'),
(3827, 128, '2022-12-10 02:25:14', '2022-12-10 02:25:14'),
(3828, 81, '2022-12-10 04:32:44', '2022-12-10 04:32:44'),
(3829, 78, '2022-12-10 04:42:36', '2022-12-10 04:42:36'),
(3830, 95, '2022-12-10 06:13:04', '2022-12-10 06:13:04'),
(3831, 92, '2022-12-10 06:13:28', '2022-12-10 06:13:28'),
(3832, 78, '2022-12-10 09:03:50', '2022-12-10 09:03:50'),
(3833, 76, '2022-12-10 09:15:01', '2022-12-10 09:15:01'),
(3834, 74, '2022-12-10 09:23:01', '2022-12-10 09:23:01'),
(3835, 119, '2022-12-10 09:29:48', '2022-12-10 09:29:48'),
(3836, 112, '2022-12-10 09:37:25', '2022-12-10 09:37:25'),
(3837, 73, '2022-12-10 15:11:23', '2022-12-10 15:11:23'),
(3838, 86, '2022-12-10 19:06:59', '2022-12-10 19:06:59'),
(3839, 74, '2022-12-10 19:28:51', '2022-12-10 19:28:51'),
(3840, 70, '2022-12-10 19:34:55', '2022-12-10 19:34:55'),
(3841, 70, '2022-12-10 19:54:56', '2022-12-10 19:54:56'),
(3842, 67, '2022-12-10 19:57:05', '2022-12-10 19:57:05'),
(3843, 80, '2022-12-10 21:37:52', '2022-12-10 21:37:52'),
(3844, 115, '2022-12-10 21:55:10', '2022-12-10 21:55:10'),
(3845, 89, '2022-12-10 21:56:44', '2022-12-10 21:56:44'),
(3846, 104, '2022-12-10 22:08:57', '2022-12-10 22:08:57'),
(3847, 62, '2022-12-10 22:12:04', '2022-12-10 22:12:04'),
(3848, 87, '2022-12-10 22:12:40', '2022-12-10 22:12:40'),
(3849, 117, '2022-12-10 22:51:57', '2022-12-10 22:51:57'),
(3850, 105, '2022-12-10 22:59:36', '2022-12-10 22:59:36'),
(3851, 77, '2022-12-10 23:01:05', '2022-12-10 23:01:05'),
(3852, 112, '2022-12-10 23:09:22', '2022-12-10 23:09:22'),
(3853, 65, '2022-12-11 04:09:59', '2022-12-11 04:09:59'),
(3854, 116, '2022-12-11 04:54:09', '2022-12-11 04:54:09'),
(3855, 126, '2022-12-11 05:04:59', '2022-12-11 05:04:59'),
(3856, 100, '2022-12-11 05:32:13', '2022-12-11 05:32:13'),
(3857, 99, '2022-12-11 05:52:52', '2022-12-11 05:52:52'),
(3858, 84, '2022-12-11 05:54:37', '2022-12-11 05:54:37'),
(3859, 88, '2022-12-11 07:06:14', '2022-12-11 07:06:14'),
(3860, 81, '2022-12-11 09:49:43', '2022-12-11 09:49:43'),
(3861, 114, '2022-12-11 09:50:01', '2022-12-11 09:50:01'),
(3862, 97, '2022-12-11 09:50:41', '2022-12-11 09:50:41'),
(3863, 108, '2022-12-11 13:44:29', '2022-12-11 13:44:29'),
(3864, 95, '2022-12-11 14:00:06', '2022-12-11 14:00:06'),
(3865, 63, '2022-12-11 14:08:32', '2022-12-11 14:08:32'),
(3866, 108, '2022-12-11 14:14:20', '2022-12-11 14:14:20'),
(3867, 63, '2022-12-11 14:16:39', '2022-12-11 14:16:39'),
(3868, 58, '2022-12-11 14:31:06', '2022-12-11 14:31:06'),
(3869, 126, '2022-12-11 14:50:29', '2022-12-11 14:50:29'),
(3870, 124, '2022-12-11 14:53:22', '2022-12-11 14:53:22'),
(3871, 113, '2022-12-11 14:55:07', '2022-12-11 14:55:07'),
(3872, 78, '2022-12-11 15:34:08', '2022-12-11 15:34:08'),
(3873, 128, '2022-12-11 17:15:17', '2022-12-11 17:15:17'),
(3874, 75, '2022-12-11 18:53:35', '2022-12-11 18:53:35'),
(3875, 92, '2022-12-11 19:20:38', '2022-12-11 19:20:38'),
(3876, 91, '2022-12-11 19:30:37', '2022-12-11 19:30:37'),
(3877, 100, '2022-12-11 19:34:44', '2022-12-11 19:34:44'),
(3878, 108, '2022-12-11 19:37:02', '2022-12-11 19:37:02'),
(3879, 127, '2022-12-11 19:39:30', '2022-12-11 19:39:30'),
(3880, 111, '2022-12-11 19:56:23', '2022-12-11 19:56:23'),
(3881, 109, '2022-12-11 20:00:12', '2022-12-11 20:00:12'),
(3882, 93, '2022-12-11 20:09:05', '2022-12-11 20:09:05'),
(3883, 114, '2022-12-11 20:13:26', '2022-12-11 20:13:26'),
(3884, 66, '2022-12-11 20:14:41', '2022-12-11 20:14:41'),
(3885, 110, '2022-12-11 22:13:30', '2022-12-11 22:13:30'),
(3886, 90, '2022-12-11 22:21:12', '2022-12-11 22:21:12'),
(3887, 91, '2022-12-11 22:21:32', '2022-12-11 22:21:32'),
(3888, 121, '2022-12-11 22:32:15', '2022-12-11 22:32:15'),
(3889, 58, '2022-12-11 22:32:37', '2022-12-11 22:32:37'),
(3890, 118, '2022-12-11 22:32:58', '2022-12-11 22:32:58'),
(3891, 84, '2022-12-11 22:37:10', '2022-12-11 22:37:10'),
(3892, 98, '2022-12-11 22:47:57', '2022-12-11 22:47:57'),
(3893, 83, '2022-12-11 22:49:21', '2022-12-11 22:49:21'),
(3894, 80, '2022-12-11 22:50:28', '2022-12-11 22:50:28'),
(3895, 96, '2022-12-11 23:54:03', '2022-12-11 23:54:03'),
(3896, 92, '2022-12-12 00:50:09', '2022-12-12 00:50:09'),
(3897, 75, '2022-12-12 00:51:18', '2022-12-12 00:51:18'),
(3898, 108, '2022-12-12 02:23:16', '2022-12-12 02:23:16'),
(3899, 109, '2022-12-12 03:26:04', '2022-12-12 03:26:04'),
(3900, 58, '2022-12-12 07:46:36', '2022-12-12 07:46:36'),
(3901, 86, '2022-12-12 08:52:45', '2022-12-12 08:52:45'),
(3902, 82, '2022-12-12 08:54:05', '2022-12-12 08:54:05'),
(3903, 83, '2022-12-12 08:55:52', '2022-12-12 08:55:52'),
(3904, 118, '2022-12-12 08:56:47', '2022-12-12 08:56:47'),
(3905, 117, '2022-12-12 08:58:14', '2022-12-12 08:58:14'),
(3906, 107, '2022-12-12 08:59:31', '2022-12-12 08:59:31'),
(3907, 97, '2022-12-12 11:49:16', '2022-12-12 11:49:16'),
(3908, 88, '2022-12-12 16:56:44', '2022-12-12 16:56:44'),
(3909, 91, '2022-12-12 17:35:59', '2022-12-12 17:35:59'),
(3910, 124, '2022-12-12 18:03:37', '2022-12-12 18:03:37'),
(3911, 105, '2022-12-12 18:12:50', '2022-12-12 18:12:50'),
(3912, 111, '2022-12-12 23:06:13', '2022-12-12 23:06:13'),
(3913, 58, '2022-12-13 00:24:11', '2022-12-13 00:24:11'),
(3914, 73, '2022-12-13 00:24:24', '2022-12-13 00:24:24'),
(3915, 62, '2022-12-13 00:25:00', '2022-12-13 00:25:00'),
(3916, 66, '2022-12-13 00:25:10', '2022-12-13 00:25:10'),
(3917, 78, '2022-12-13 00:25:41', '2022-12-13 00:25:41'),
(3918, 96, '2022-12-13 00:26:06', '2022-12-13 00:26:06'),
(3919, 92, '2022-12-13 00:26:34', '2022-12-13 00:26:34'),
(3920, 98, '2022-12-13 00:27:05', '2022-12-13 00:27:05'),
(3921, 63, '2022-12-13 00:27:43', '2022-12-13 00:27:43'),
(3922, 64, '2022-12-13 00:27:57', '2022-12-13 00:27:57'),
(3923, 64, '2022-12-13 00:27:57', '2022-12-13 00:27:57'),
(3924, 67, '2022-12-13 00:28:14', '2022-12-13 00:28:14'),
(3925, 125, '2022-12-13 00:28:36', '2022-12-13 00:28:36'),
(3926, 89, '2022-12-13 00:28:51', '2022-12-13 00:28:51'),
(3927, 86, '2022-12-13 00:29:09', '2022-12-13 00:29:09'),
(3928, 70, '2022-12-13 00:29:18', '2022-12-13 00:29:18'),
(3929, 87, '2022-12-13 00:29:26', '2022-12-13 00:29:26'),
(3930, 88, '2022-12-13 00:29:38', '2022-12-13 00:29:38'),
(3931, 80, '2022-12-13 08:24:19', '2022-12-13 08:24:19'),
(3932, 81, '2022-12-13 10:06:00', '2022-12-13 10:06:00'),
(3933, 127, '2022-12-13 11:44:47', '2022-12-13 11:44:47'),
(3934, 98, '2022-12-13 12:56:39', '2022-12-13 12:56:39'),
(3935, 65, '2022-12-13 22:13:18', '2022-12-13 22:13:18'),
(3936, 103, '2022-12-13 22:22:54', '2022-12-13 22:22:54'),
(3937, 115, '2022-12-13 22:34:09', '2022-12-13 22:34:09'),
(3938, 69, '2022-12-13 22:45:55', '2022-12-13 22:45:55'),
(3939, 104, '2022-12-14 01:17:25', '2022-12-14 01:17:25'),
(3940, 94, '2022-12-14 04:33:15', '2022-12-14 04:33:15'),
(3941, 102, '2022-12-14 06:33:01', '2022-12-14 06:33:01'),
(3942, 123, '2022-12-14 07:16:10', '2022-12-14 07:16:10'),
(3943, 90, '2022-12-14 12:00:15', '2022-12-14 12:00:15'),
(3944, 64, '2022-12-14 13:13:16', '2022-12-14 13:13:16'),
(3945, 121, '2022-12-14 16:18:10', '2022-12-14 16:18:10'),
(3946, 110, '2022-12-14 16:21:17', '2022-12-14 16:21:17'),
(3947, 77, '2022-12-14 16:56:37', '2022-12-14 16:56:37'),
(3948, 121, '2022-12-14 19:03:21', '2022-12-14 19:03:21'),
(3949, 115, '2022-12-15 01:32:22', '2022-12-15 01:32:22'),
(3950, 115, '2022-12-15 01:34:47', '2022-12-15 01:34:47'),
(3951, 115, '2022-12-15 01:35:24', '2022-12-15 01:35:24'),
(3952, 121, '2022-12-15 02:24:08', '2022-12-15 02:24:08'),
(3953, 114, '2022-12-15 02:33:26', '2022-12-15 02:33:26'),
(3954, 113, '2022-12-15 02:43:52', '2022-12-15 02:43:52'),
(3955, 117, '2022-12-15 09:48:03', '2022-12-15 09:48:03'),
(3956, 117, '2022-12-15 09:49:26', '2022-12-15 09:49:26'),
(3957, 115, '2022-12-15 10:13:57', '2022-12-15 10:13:57'),
(3958, 89, '2022-12-15 11:12:16', '2022-12-15 11:12:16'),
(3959, 87, '2022-12-15 11:51:36', '2022-12-15 11:51:36'),
(3960, 93, '2022-12-15 12:33:41', '2022-12-15 12:33:41'),
(3961, 96, '2022-12-15 13:51:13', '2022-12-15 13:51:13'),
(3962, 119, '2022-12-15 14:48:54', '2022-12-15 14:48:54'),
(3963, 112, '2022-12-15 19:34:11', '2022-12-15 19:34:11'),
(3964, 122, '2022-12-15 20:56:49', '2022-12-15 20:56:49'),
(3965, 96, '2022-12-16 03:27:31', '2022-12-16 03:27:31'),
(3966, 78, '2022-12-16 04:41:00', '2022-12-16 04:41:00'),
(3967, 73, '2022-12-16 04:43:39', '2022-12-16 04:43:39'),
(3968, 122, '2022-12-16 04:45:02', '2022-12-16 04:45:02'),
(3969, 104, '2022-12-16 06:56:12', '2022-12-16 06:56:12'),
(3970, 63, '2022-12-16 07:12:29', '2022-12-16 07:12:29'),
(3971, 97, '2022-12-16 08:13:45', '2022-12-16 08:13:45'),
(3972, 84, '2022-12-16 13:23:57', '2022-12-16 13:23:57'),
(3973, 104, '2022-12-16 13:25:35', '2022-12-16 13:25:35'),
(3974, 118, '2022-12-16 18:46:51', '2022-12-16 18:46:51'),
(3975, 128, '2022-12-16 19:18:18', '2022-12-16 19:18:18'),
(3976, 99, '2022-12-16 20:27:51', '2022-12-16 20:27:51'),
(3977, 103, '2022-12-16 22:17:47', '2022-12-16 22:17:47'),
(3978, 115, '2022-12-17 01:10:56', '2022-12-17 01:10:56'),
(3979, 117, '2022-12-17 03:54:18', '2022-12-17 03:54:18'),
(3980, 70, '2022-12-17 04:57:29', '2022-12-17 04:57:29'),
(3981, 82, '2022-12-17 07:26:21', '2022-12-17 07:26:21'),
(3982, 81, '2022-12-17 07:27:47', '2022-12-17 07:27:47'),
(3983, 114, '2022-12-17 07:28:05', '2022-12-17 07:28:05'),
(3984, 128, '2022-12-17 07:28:26', '2022-12-17 07:28:26'),
(3985, 77, '2022-12-17 07:28:54', '2022-12-17 07:28:54'),
(3986, 84, '2022-12-17 07:29:12', '2022-12-17 07:29:12'),
(3987, 114, '2022-12-17 07:29:22', '2022-12-17 07:29:22'),
(3988, 122, '2022-12-17 07:29:42', '2022-12-17 07:29:42'),
(3989, 110, '2022-12-17 07:30:10', '2022-12-17 07:30:10'),
(3990, 83, '2022-12-17 07:30:19', '2022-12-17 07:30:19'),
(3991, 128, '2022-12-17 07:30:29', '2022-12-17 07:30:29'),
(3992, 110, '2022-12-17 07:30:51', '2022-12-17 07:30:51'),
(3993, 115, '2022-12-17 07:31:12', '2022-12-17 07:31:12'),
(3994, 89, '2022-12-17 07:31:22', '2022-12-17 07:31:22'),
(3995, 97, '2022-12-17 07:31:40', '2022-12-17 07:31:40'),
(3996, 113, '2022-12-17 07:32:07', '2022-12-17 07:32:07'),
(3997, 83, '2022-12-17 07:32:17', '2022-12-17 07:32:17'),
(3998, 105, '2022-12-17 07:32:26', '2022-12-17 07:32:26'),
(3999, 63, '2022-12-17 07:32:56', '2022-12-17 07:32:56'),
(4000, 93, '2022-12-17 07:33:05', '2022-12-17 07:33:05'),
(4001, 100, '2022-12-17 07:33:14', '2022-12-17 07:33:14'),
(4002, 78, '2022-12-17 07:33:24', '2022-12-17 07:33:24'),
(4003, 65, '2022-12-17 07:33:33', '2022-12-17 07:33:33'),
(4004, 67, '2022-12-17 07:33:43', '2022-12-17 07:33:43'),
(4005, 96, '2022-12-17 07:33:54', '2022-12-17 07:33:54'),
(4006, 91, '2022-12-17 07:34:13', '2022-12-17 07:34:13'),
(4007, 96, '2022-12-17 07:34:22', '2022-12-17 07:34:22'),
(4008, 93, '2022-12-17 07:34:32', '2022-12-17 07:34:32'),
(4009, 85, '2022-12-17 07:34:42', '2022-12-17 07:34:42'),
(4010, 62, '2022-12-17 07:35:02', '2022-12-17 07:35:02'),
(4011, 67, '2022-12-17 07:35:46', '2022-12-17 07:35:46'),
(4012, 74, '2022-12-17 07:35:55', '2022-12-17 07:35:55'),
(4013, 125, '2022-12-17 07:36:05', '2022-12-17 07:36:05'),
(4014, 75, '2022-12-17 07:36:15', '2022-12-17 07:36:15'),
(4015, 65, '2022-12-17 07:36:35', '2022-12-17 07:36:35'),
(4016, 85, '2022-12-17 07:36:44', '2022-12-17 07:36:44'),
(4017, 125, '2022-12-17 07:36:54', '2022-12-17 07:36:54'),
(4018, 80, '2022-12-17 07:37:03', '2022-12-17 07:37:03'),
(4019, 62, '2022-12-17 07:37:12', '2022-12-17 07:37:12'),
(4020, 97, '2022-12-17 07:37:22', '2022-12-17 07:37:22'),
(4021, 113, '2022-12-17 07:37:31', '2022-12-17 07:37:31'),
(4022, 115, '2022-12-17 07:37:52', '2022-12-17 07:37:52'),
(4023, 107, '2022-12-17 07:38:02', '2022-12-17 07:38:02'),
(4024, 90, '2022-12-17 07:38:11', '2022-12-17 07:38:11'),
(4025, 123, '2022-12-17 07:38:21', '2022-12-17 07:38:21'),
(4026, 75, '2022-12-17 07:38:30', '2022-12-17 07:38:30'),
(4027, 127, '2022-12-17 07:38:40', '2022-12-17 07:38:40'),
(4028, 84, '2022-12-17 07:38:50', '2022-12-17 07:38:50'),
(4029, 77, '2022-12-17 07:39:00', '2022-12-17 07:39:00'),
(4030, 89, '2022-12-17 07:39:09', '2022-12-17 07:39:09'),
(4031, 105, '2022-12-17 07:39:19', '2022-12-17 07:39:19'),
(4032, 100, '2022-12-17 07:39:38', '2022-12-17 07:39:38'),
(4033, 99, '2022-12-17 07:39:48', '2022-12-17 07:39:48'),
(4034, 111, '2022-12-17 07:39:58', '2022-12-17 07:39:58'),
(4035, 111, '2022-12-17 07:40:08', '2022-12-17 07:40:08'),
(4036, 81, '2022-12-17 07:40:17', '2022-12-17 07:40:17'),
(4037, 58, '2022-12-17 07:40:28', '2022-12-17 07:40:28'),
(4038, 91, '2022-12-17 07:40:48', '2022-12-17 07:40:48'),
(4039, 109, '2022-12-17 07:40:58', '2022-12-17 07:40:58'),
(4040, 103, '2022-12-17 07:41:08', '2022-12-17 07:41:08'),
(4041, 127, '2022-12-17 07:41:17', '2022-12-17 07:41:17'),
(4042, 107, '2022-12-17 07:41:27', '2022-12-17 07:41:27'),
(4043, 119, '2022-12-17 07:41:36', '2022-12-17 07:41:36'),
(4044, 94, '2022-12-17 07:41:46', '2022-12-17 07:41:46'),
(4045, 124, '2022-12-17 07:41:55', '2022-12-17 07:41:55'),
(4046, 80, '2022-12-17 07:42:05', '2022-12-17 07:42:05'),
(4047, 112, '2022-12-17 07:42:14', '2022-12-17 07:42:14'),
(4048, 118, '2022-12-17 07:42:23', '2022-12-17 07:42:23'),
(4049, 104, '2022-12-17 07:42:34', '2022-12-17 07:42:34'),
(4050, 82, '2022-12-17 07:42:45', '2022-12-17 07:42:45'),
(4051, 99, '2022-12-17 07:42:54', '2022-12-17 07:42:54'),
(4052, 74, '2022-12-17 07:43:13', '2022-12-17 07:43:13'),
(4053, 66, '2022-12-17 07:43:22', '2022-12-17 07:43:22'),
(4054, 103, '2022-12-17 07:43:33', '2022-12-17 07:43:33'),
(4055, 95, '2022-12-17 07:43:43', '2022-12-17 07:43:43'),
(4056, 122, '2022-12-17 07:43:53', '2022-12-17 07:43:53'),
(4057, 78, '2022-12-17 07:44:02', '2022-12-17 07:44:02'),
(4058, 69, '2022-12-17 07:44:12', '2022-12-17 07:44:12'),
(4059, 76, '2022-12-17 07:44:21', '2022-12-17 07:44:21'),
(4060, 95, '2022-12-17 07:44:32', '2022-12-17 07:44:32'),
(4061, 98, '2022-12-17 07:44:42', '2022-12-17 07:44:42'),
(4062, 121, '2022-12-17 07:44:52', '2022-12-17 07:44:52'),
(4063, 58, '2022-12-17 07:45:01', '2022-12-17 07:45:01'),
(4064, 118, '2022-12-17 07:45:11', '2022-12-17 07:45:11'),
(4065, 76, '2022-12-17 07:45:20', '2022-12-17 07:45:20'),
(4066, 108, '2022-12-17 07:45:41', '2022-12-17 07:45:41'),
(4067, 124, '2022-12-17 07:45:51', '2022-12-17 07:45:51'),
(4068, 92, '2022-12-17 07:46:00', '2022-12-17 07:46:00'),
(4069, 108, '2022-12-17 07:46:10', '2022-12-17 07:46:10'),
(4070, 102, '2022-12-17 07:46:20', '2022-12-17 07:46:20'),
(4071, 104, '2022-12-17 07:46:29', '2022-12-17 07:46:29'),
(4072, 90, '2022-12-17 07:46:38', '2022-12-17 07:46:38'),
(4073, 121, '2022-12-17 07:46:48', '2022-12-17 07:46:48'),
(4074, 66, '2022-12-17 07:46:58', '2022-12-17 07:46:58'),
(4075, 88, '2022-12-17 07:47:09', '2022-12-17 07:47:09'),
(4076, 73, '2022-12-17 07:47:18', '2022-12-17 07:47:18'),
(4077, 117, '2022-12-17 07:47:28', '2022-12-17 07:47:28'),
(4078, 88, '2022-12-17 07:47:38', '2022-12-17 07:47:38'),
(4079, 73, '2022-12-17 07:47:47', '2022-12-17 07:47:47'),
(4080, 86, '2022-12-17 07:47:57', '2022-12-17 07:47:57'),
(4081, 112, '2022-12-17 07:48:06', '2022-12-17 07:48:06'),
(4082, 63, '2022-12-17 07:48:15', '2022-12-17 07:48:15'),
(4083, 92, '2022-12-17 07:48:26', '2022-12-17 07:48:26'),
(4084, 109, '2022-12-17 07:48:36', '2022-12-17 07:48:36'),
(4085, 87, '2022-12-17 07:48:46', '2022-12-17 07:48:46'),
(4086, 102, '2022-12-17 07:48:56', '2022-12-17 07:48:56'),
(4087, 98, '2022-12-17 07:49:06', '2022-12-17 07:49:06'),
(4088, 123, '2022-12-17 07:49:15', '2022-12-17 07:49:15'),
(4089, 86, '2022-12-17 07:49:25', '2022-12-17 07:49:25'),
(4090, 87, '2022-12-17 07:49:34', '2022-12-17 07:49:34'),
(4091, 117, '2022-12-17 07:49:44', '2022-12-17 07:49:44'),
(4092, 126, '2022-12-17 07:49:55', '2022-12-17 07:49:55'),
(4093, 119, '2022-12-17 07:50:05', '2022-12-17 07:50:05'),
(4094, 126, '2022-12-17 07:50:14', '2022-12-17 07:50:14'),
(4095, 70, '2022-12-17 07:50:24', '2022-12-17 07:50:24'),
(4096, 70, '2022-12-17 07:50:35', '2022-12-17 07:50:35'),
(4097, 69, '2022-12-17 07:50:45', '2022-12-17 07:50:45'),
(4098, 116, '2022-12-17 07:50:54', '2022-12-17 07:50:54'),
(4099, 116, '2022-12-17 07:51:33', '2022-12-17 07:51:33'),
(4100, 94, '2022-12-17 07:51:43', '2022-12-17 07:51:43'),
(4101, 64, '2022-12-17 07:51:52', '2022-12-17 07:51:52'),
(4102, 64, '2022-12-17 07:52:02', '2022-12-17 07:52:02'),
(4103, 119, '2022-12-17 08:34:57', '2022-12-17 08:34:57'),
(4104, 93, '2022-12-17 08:36:31', '2022-12-17 08:36:31'),
(4105, 119, '2022-12-17 08:38:16', '2022-12-17 08:38:16'),
(4106, 116, '2022-12-17 08:39:09', '2022-12-17 08:39:09'),
(4107, 95, '2022-12-17 16:39:22', '2022-12-17 16:39:22'),
(4108, 92, '2022-12-17 17:02:01', '2022-12-17 17:02:01'),
(4109, 67, '2022-12-17 17:03:23', '2022-12-17 17:03:23'),
(4110, 63, '2022-12-17 17:05:15', '2022-12-17 17:05:15'),
(4111, 109, '2022-12-17 17:06:04', '2022-12-17 17:06:04'),
(4112, 82, '2022-12-17 17:20:44', '2022-12-17 17:20:44'),
(4113, 113, '2022-12-17 18:44:30', '2022-12-17 18:44:30'),
(4114, 117, '2022-12-18 02:10:21', '2022-12-18 02:10:21'),
(4115, 105, '2022-12-18 02:10:42', '2022-12-18 02:10:42'),
(4116, 83, '2022-12-18 07:52:22', '2022-12-18 07:52:22'),
(4117, 87, '2022-12-18 09:34:09', '2022-12-18 09:34:09'),
(4118, 88, '2022-12-18 10:31:18', '2022-12-18 10:31:18'),
(4119, 107, '2022-12-18 10:53:23', '2022-12-18 10:53:23'),
(4120, 124, '2022-12-18 11:44:23', '2022-12-18 11:44:23'),
(4121, 94, '2022-12-19 04:42:42', '2022-12-19 04:42:42'),
(4122, 76, '2022-12-19 12:48:39', '2022-12-19 12:48:39'),
(4123, 127, '2022-12-19 12:49:40', '2022-12-19 12:49:40'),
(4124, 98, '2022-12-19 13:40:40', '2022-12-19 13:40:40'),
(4125, 62, '2022-12-19 14:26:52', '2022-12-19 14:26:52'),
(4126, 90, '2022-12-19 15:22:26', '2022-12-19 15:22:26'),
(4127, 102, '2022-12-19 15:24:01', '2022-12-19 15:24:01'),
(4128, 70, '2022-12-19 15:27:23', '2022-12-19 15:27:23'),
(4129, 69, '2022-12-19 17:11:32', '2022-12-19 17:11:32'),
(4130, 112, '2022-12-19 17:12:55', '2022-12-19 17:12:55'),
(4131, 65, '2022-12-19 19:15:56', '2022-12-19 19:15:56'),
(4132, 112, '2022-12-19 19:21:58', '2022-12-19 19:21:58'),
(4133, 109, '2022-12-19 20:57:44', '2022-12-19 20:57:44'),
(4134, 74, '2022-12-20 03:02:38', '2022-12-20 03:02:38'),
(4135, 115, '2022-12-20 03:23:30', '2022-12-20 03:23:30'),
(4136, 115, '2022-12-20 03:23:55', '2022-12-20 03:23:55'),
(4137, 115, '2022-12-20 09:36:09', '2022-12-20 09:36:09'),
(4138, 114, '2022-12-20 09:58:43', '2022-12-20 09:58:43'),
(4139, 104, '2022-12-20 10:00:42', '2022-12-20 10:00:42'),
(4140, 77, '2022-12-20 10:58:06', '2022-12-20 10:58:06'),
(4141, 67, '2022-12-20 13:02:26', '2022-12-20 13:02:26'),
(4142, 126, '2022-12-20 16:41:54', '2022-12-20 16:41:54'),
(4143, 64, '2022-12-20 18:44:37', '2022-12-20 18:44:37'),
(4144, 111, '2022-12-20 18:55:34', '2022-12-20 18:55:34'),
(4145, 94, '2022-12-20 20:40:59', '2022-12-20 20:40:59'),
(4146, 73, '2022-12-20 20:42:22', '2022-12-20 20:42:22'),
(4147, 91, '2022-12-21 03:57:11', '2022-12-21 03:57:11'),
(4148, 108, '2022-12-21 04:36:04', '2022-12-21 04:36:04'),
(4149, 73, '2022-12-21 04:52:38', '2022-12-21 04:52:38'),
(4150, 100, '2022-12-21 04:53:56', '2022-12-21 04:53:56'),
(4151, 75, '2022-12-21 05:11:54', '2022-12-21 05:11:54'),
(4152, 124, '2022-12-21 05:17:08', '2022-12-21 05:17:08'),
(4153, 82, '2022-12-21 05:47:20', '2022-12-21 05:47:20'),
(4154, 123, '2022-12-21 05:58:03', '2022-12-21 05:58:03'),
(4155, 69, '2022-12-21 06:26:10', '2022-12-21 06:26:10'),
(4156, 113, '2022-12-21 12:05:05', '2022-12-21 12:05:05'),
(4157, 118, '2022-12-21 12:47:54', '2022-12-21 12:47:54'),
(4158, 80, '2022-12-21 13:04:18', '2022-12-21 13:04:18'),
(4159, 102, '2022-12-21 13:08:23', '2022-12-21 13:08:23'),
(4160, 98, '2022-12-21 13:17:48', '2022-12-21 13:17:48'),
(4161, 102, '2022-12-21 13:19:16', '2022-12-21 13:19:16'),
(4162, 104, '2022-12-21 14:09:28', '2022-12-21 14:09:28'),
(4163, 86, '2022-12-21 14:27:19', '2022-12-21 14:27:19'),
(4164, 87, '2022-12-21 20:35:14', '2022-12-21 20:35:14'),
(4165, 80, '2022-12-21 21:55:41', '2022-12-21 21:55:41'),
(4166, 65, '2022-12-21 22:54:00', '2022-12-21 22:54:00'),
(4167, 96, '2022-12-22 00:19:54', '2022-12-22 00:19:54'),
(4168, 121, '2022-12-22 00:21:02', '2022-12-22 00:21:02'),
(4169, 126, '2022-12-22 00:34:44', '2022-12-22 00:34:44'),
(4170, 121, '2022-12-22 00:35:54', '2022-12-22 00:35:54'),
(4171, 74, '2022-12-22 05:42:45', '2022-12-22 05:42:45'),
(4172, 128, '2022-12-22 06:58:09', '2022-12-22 06:58:09'),
(4173, 62, '2022-12-22 07:20:45', '2022-12-22 07:20:45'),
(4174, 62, '2022-12-22 07:22:25', '2022-12-22 07:22:25'),
(4175, 81, '2022-12-22 07:50:21', '2022-12-22 07:50:21'),
(4176, 83, '2022-12-22 08:37:13', '2022-12-22 08:37:13'),
(4177, 58, '2022-12-22 08:56:05', '2022-12-22 08:56:05'),
(4178, 105, '2022-12-22 09:24:50', '2022-12-22 09:24:50'),
(4179, 70, '2022-12-22 10:29:12', '2022-12-22 10:29:12'),
(4180, 99, '2022-12-22 11:37:03', '2022-12-22 11:37:03'),
(4181, 125, '2022-12-22 11:37:32', '2022-12-22 11:37:32'),
(4182, 78, '2022-12-22 11:54:02', '2022-12-22 11:54:02'),
(4183, 91, '2022-12-22 11:54:04', '2022-12-22 11:54:04'),
(4184, 118, '2022-12-22 15:37:22', '2022-12-22 15:37:22'),
(4185, 122, '2022-12-22 15:59:29', '2022-12-22 15:59:29'),
(4186, 122, '2022-12-22 17:57:20', '2022-12-22 17:57:20'),
(4187, 65, '2022-12-22 19:47:49', '2022-12-22 19:47:49'),
(4188, 108, '2022-12-22 20:02:15', '2022-12-22 20:02:15'),
(4189, 70, '2022-12-22 20:33:38', '2022-12-22 20:33:38'),
(4190, 96, '2022-12-22 23:01:14', '2022-12-22 23:01:14'),
(4191, 103, '2022-12-23 01:24:40', '2022-12-23 01:24:40'),
(4192, 87, '2022-12-23 03:35:05', '2022-12-23 03:35:05'),
(4193, 62, '2022-12-23 03:35:37', '2022-12-23 03:35:37'),
(4194, 86, '2022-12-23 04:34:45', '2022-12-23 04:34:45'),
(4195, 66, '2022-12-23 04:36:05', '2022-12-23 04:36:05'),
(4196, 117, '2022-12-23 04:37:26', '2022-12-23 04:37:26'),
(4197, 109, '2022-12-23 04:38:54', '2022-12-23 04:38:54'),
(4198, 95, '2022-12-23 04:39:49', '2022-12-23 04:39:49'),
(4199, 116, '2022-12-23 04:41:12', '2022-12-23 04:41:12'),
(4200, 110, '2022-12-23 04:42:36', '2022-12-23 04:42:36'),
(4201, 81, '2022-12-23 05:18:11', '2022-12-23 05:18:11'),
(4202, 100, '2022-12-23 12:38:01', '2022-12-23 12:38:01'),
(4203, 84, '2022-12-23 13:19:53', '2022-12-23 13:19:53'),
(4204, 64, '2022-12-23 13:43:45', '2022-12-23 13:43:45'),
(4205, 81, '2022-12-23 14:10:34', '2022-12-23 14:10:34'),
(4206, 86, '2022-12-23 17:45:16', '2022-12-23 17:45:16'),
(4207, 113, '2022-12-23 19:03:43', '2022-12-23 19:03:43'),
(4208, 74, '2022-12-23 20:45:05', '2022-12-23 20:45:05'),
(4209, 67, '2022-12-23 20:57:46', '2022-12-23 20:57:46'),
(4210, 93, '2022-12-23 20:58:30', '2022-12-23 20:58:30'),
(4211, 73, '2022-12-23 21:16:48', '2022-12-23 21:16:48'),
(4212, 105, '2022-12-23 21:23:56', '2022-12-23 21:23:56'),
(4213, 111, '2022-12-23 21:51:52', '2022-12-23 21:51:52'),
(4214, 58, '2022-12-23 22:43:30', '2022-12-23 22:43:30'),
(4215, 119, '2022-12-23 22:43:36', '2022-12-23 22:43:36'),
(4216, 58, '2022-12-23 22:44:01', '2022-12-23 22:44:01'),
(4217, 58, '2022-12-23 22:44:04', '2022-12-23 22:44:04'),
(4218, 58, '2022-12-23 22:44:33', '2022-12-23 22:44:33'),
(4219, 94, '2022-12-23 22:52:27', '2022-12-23 22:52:27'),
(4220, 112, '2022-12-23 22:52:27', '2022-12-23 22:52:27'),
(4221, 114, '2022-12-23 22:52:28', '2022-12-23 22:52:28'),
(4222, 88, '2022-12-23 22:52:28', '2022-12-23 22:52:28'),
(4223, 58, '2022-12-23 22:52:28', '2022-12-23 22:52:28'),
(4224, 110, '2022-12-23 22:52:30', '2022-12-23 22:52:30'),
(4225, 102, '2022-12-23 22:52:32', '2022-12-23 22:52:32'),
(4226, 117, '2022-12-23 22:52:36', '2022-12-23 22:52:36'),
(4227, 97, '2022-12-23 22:52:37', '2022-12-23 22:52:37'),
(4228, 80, '2022-12-23 22:52:37', '2022-12-23 22:52:37'),
(4229, 92, '2022-12-23 22:52:42', '2022-12-23 22:52:42'),
(4230, 109, '2022-12-23 22:52:50', '2022-12-23 22:52:50'),
(4231, 119, '2022-12-23 22:52:51', '2022-12-23 22:52:51'),
(4232, 90, '2022-12-23 22:52:51', '2022-12-23 22:52:51'),
(4233, 76, '2022-12-23 22:52:51', '2022-12-23 22:52:51'),
(4234, 124, '2022-12-23 22:52:51', '2022-12-23 22:52:51'),
(4235, 88, '2022-12-23 23:17:36', '2022-12-23 23:17:36'),
(4236, 103, '2022-12-23 23:19:42', '2022-12-23 23:19:42'),
(4237, 103, '2022-12-23 23:20:11', '2022-12-23 23:20:11'),
(4238, 114, '2022-12-23 23:23:35', '2022-12-23 23:23:35'),
(4239, 97, '2022-12-23 23:32:21', '2022-12-23 23:32:21'),
(4240, 87, '2022-12-24 00:12:07', '2022-12-24 00:12:07'),
(4241, 115, '2022-12-24 00:13:25', '2022-12-24 00:13:25'),
(4242, 97, '2022-12-24 00:17:21', '2022-12-24 00:17:21'),
(4243, 107, '2022-12-24 00:31:19', '2022-12-24 00:31:19'),
(4244, 63, '2022-12-24 00:53:16', '2022-12-24 00:53:16'),
(4245, 89, '2022-12-24 04:01:05', '2022-12-24 04:01:05'),
(4246, 63, '2022-12-24 04:02:34', '2022-12-24 04:02:34'),
(4247, 116, '2022-12-24 06:18:48', '2022-12-24 06:18:48'),
(4248, 65, '2022-12-24 06:50:05', '2022-12-24 06:50:05'),
(4249, 97, '2022-12-24 08:32:25', '2022-12-24 08:32:25'),
(4250, 93, '2022-12-24 10:17:22', '2022-12-24 10:17:22'),
(4251, 105, '2022-12-24 15:01:37', '2022-12-24 15:01:37'),
(4252, 66, '2022-12-24 16:34:26', '2022-12-24 16:34:26'),
(4253, 98, '2022-12-24 17:14:00', '2022-12-24 17:14:00'),
(4254, 124, '2022-12-24 17:15:20', '2022-12-24 17:15:20'),
(4255, 83, '2022-12-24 17:26:46', '2022-12-24 17:26:46'),
(4256, 76, '2022-12-24 17:56:27', '2022-12-24 17:56:27'),
(4257, 123, '2022-12-24 18:13:13', '2022-12-24 18:13:13'),
(4258, 112, '2022-12-24 18:17:51', '2022-12-24 18:17:51'),
(4259, 97, '2022-12-24 18:27:34', '2022-12-24 18:27:34'),
(4260, 92, '2022-12-24 18:28:16', '2022-12-24 18:28:16'),
(4261, 62, '2022-12-24 18:43:42', '2022-12-24 18:43:42'),
(4262, 97, '2022-12-24 19:12:34', '2022-12-24 19:12:34'),
(4263, 69, '2022-12-24 19:16:19', '2022-12-24 19:16:19'),
(4264, 109, '2022-12-24 19:18:18', '2022-12-24 19:18:18'),
(4265, 109, '2022-12-24 19:53:23', '2022-12-24 19:53:23'),
(4266, 99, '2022-12-24 23:56:36', '2022-12-24 23:56:36'),
(4267, 105, '2022-12-25 02:49:07', '2022-12-25 02:49:07'),
(4268, 105, '2022-12-25 03:19:07', '2022-12-25 03:19:07'),
(4269, 96, '2022-12-25 03:49:07', '2022-12-25 03:49:07'),
(4270, 75, '2022-12-25 03:51:52', '2022-12-25 03:51:52'),
(4271, 85, '2022-12-25 12:31:56', '2022-12-25 12:31:56'),
(4272, 90, '2022-12-25 12:37:00', '2022-12-25 12:37:00'),
(4273, 76, '2022-12-25 12:38:20', '2022-12-25 12:38:20'),
(4274, 62, '2022-12-25 12:39:49', '2022-12-25 12:39:49'),
(4275, 127, '2022-12-25 12:41:04', '2022-12-25 12:41:04'),
(4276, 102, '2022-12-25 12:42:28', '2022-12-25 12:42:28'),
(4277, 90, '2022-12-25 21:22:51', '2022-12-25 21:22:51'),
(4278, 94, '2022-12-25 21:25:47', '2022-12-25 21:25:47'),
(4279, 80, '2022-12-25 21:57:14', '2022-12-25 21:57:14'),
(4280, 128, '2022-12-25 22:06:44', '2022-12-25 22:06:44'),
(4281, 116, '2022-12-25 22:41:09', '2022-12-25 22:41:09'),
(4282, 95, '2022-12-26 00:33:45', '2022-12-26 00:33:45'),
(4283, 88, '2022-12-26 02:59:24', '2022-12-26 02:59:24'),
(4284, 104, '2022-12-26 03:51:40', '2022-12-26 03:51:40'),
(4285, 94, '2022-12-26 05:23:38', '2022-12-26 05:23:38'),
(4286, 94, '2022-12-26 05:23:39', '2022-12-26 05:23:39'),
(4287, 95, '2022-12-26 05:42:06', '2022-12-26 05:42:06'),
(4288, 92, '2022-12-26 06:05:32', '2022-12-26 06:05:32'),
(4289, 73, '2022-12-26 06:18:22', '2022-12-26 06:18:22'),
(4290, 119, '2022-12-26 07:47:27', '2022-12-26 07:47:27'),
(4291, 102, '2022-12-26 08:43:01', '2022-12-26 08:43:01'),
(4292, 94, '2022-12-26 08:43:08', '2022-12-26 08:43:08'),
(4293, 92, '2022-12-26 08:43:09', '2022-12-26 08:43:09'),
(4294, 110, '2022-12-26 08:43:09', '2022-12-26 08:43:09'),
(4295, 117, '2022-12-26 08:43:10', '2022-12-26 08:43:10'),
(4296, 97, '2022-12-26 08:43:11', '2022-12-26 08:43:11'),
(4297, 80, '2022-12-26 08:43:11', '2022-12-26 08:43:11'),
(4298, 112, '2022-12-26 08:43:20', '2022-12-26 08:43:20'),
(4299, 114, '2022-12-26 08:43:20', '2022-12-26 08:43:20'),
(4300, 88, '2022-12-26 08:43:21', '2022-12-26 08:43:21'),
(4301, 58, '2022-12-26 08:43:21', '2022-12-26 08:43:21'),
(4302, 90, '2022-12-26 08:43:22', '2022-12-26 08:43:22'),
(4303, 109, '2022-12-26 08:43:32', '2022-12-26 08:43:32'),
(4304, 119, '2022-12-26 08:43:33', '2022-12-26 08:43:33'),
(4305, 76, '2022-12-26 08:43:33', '2022-12-26 08:43:33'),
(4306, 124, '2022-12-26 08:43:33', '2022-12-26 08:43:33'),
(4307, 93, '2022-12-26 09:16:51', '2022-12-26 09:16:51'),
(4308, 67, '2022-12-26 11:24:23', '2022-12-26 11:24:23'),
(4309, 113, '2022-12-26 13:55:20', '2022-12-26 13:55:20'),
(4310, 108, '2022-12-26 13:57:06', '2022-12-26 13:57:06'),
(4311, 77, '2022-12-26 15:41:26', '2022-12-26 15:41:26'),
(4312, 91, '2022-12-26 16:38:52', '2022-12-26 16:38:52'),
(4313, 78, '2022-12-26 16:41:36', '2022-12-26 16:41:36'),
(4314, 64, '2022-12-26 16:41:49', '2022-12-26 16:41:49'),
(4315, 114, '2022-12-26 20:49:26', '2022-12-26 20:49:26'),
(4316, 114, '2022-12-26 21:23:08', '2022-12-26 21:23:08'),
(4317, 96, '2022-12-26 22:30:38', '2022-12-26 22:30:38'),
(4318, 82, '2022-12-26 23:54:08', '2022-12-26 23:54:08'),
(4319, 125, '2022-12-27 00:48:43', '2022-12-27 00:48:43'),
(4320, 80, '2022-12-27 01:27:44', '2022-12-27 01:27:44'),
(4321, 108, '2022-12-27 02:25:39', '2022-12-27 02:25:39'),
(4322, 86, '2022-12-27 03:12:22', '2022-12-27 03:12:22'),
(4323, 84, '2022-12-27 04:00:58', '2022-12-27 04:00:58'),
(4324, 82, '2022-12-27 04:06:53', '2022-12-27 04:06:53'),
(4325, 80, '2022-12-27 04:15:40', '2022-12-27 04:15:40'),
(4326, 65, '2022-12-27 04:18:45', '2022-12-27 04:18:45'),
(4327, 86, '2022-12-27 04:19:52', '2022-12-27 04:19:52'),
(4328, 93, '2022-12-27 05:10:20', '2022-12-27 05:10:20'),
(4329, 58, '2022-12-27 09:13:11', '2022-12-27 09:13:11'),
(4330, 110, '2022-12-27 13:17:27', '2022-12-27 13:17:27'),
(4331, 76, '2022-12-27 16:41:02', '2022-12-27 16:41:02'),
(4332, 82, '2022-12-27 17:04:39', '2022-12-27 17:04:39'),
(4333, 121, '2022-12-27 17:12:32', '2022-12-27 17:12:32'),
(4334, 117, '2022-12-27 17:14:18', '2022-12-27 17:14:18'),
(4335, 99, '2022-12-27 17:37:08', '2022-12-27 17:37:08'),
(4336, 111, '2022-12-27 18:06:01', '2022-12-27 18:06:01'),
(4337, 99, '2022-12-27 18:14:43', '2022-12-27 18:14:43'),
(4338, 97, '2022-12-27 19:03:35', '2022-12-27 19:03:35'),
(4339, 96, '2022-12-27 19:19:00', '2022-12-27 19:19:00'),
(4340, 99, '2022-12-27 20:36:44', '2022-12-27 20:36:44'),
(4341, 124, '2022-12-27 20:38:07', '2022-12-27 20:38:07'),
(4342, 102, '2022-12-27 20:40:59', '2022-12-27 20:40:59'),
(4343, 77, '2022-12-27 21:20:25', '2022-12-27 21:20:25'),
(4344, 100, '2022-12-27 21:21:52', '2022-12-27 21:21:52'),
(4345, 117, '2022-12-27 23:21:24', '2022-12-27 23:21:24'),
(4346, 86, '2022-12-28 01:08:02', '2022-12-28 01:08:02'),
(4347, 91, '2022-12-28 05:23:36', '2022-12-28 05:23:36'),
(4348, 108, '2022-12-28 05:49:48', '2022-12-28 05:49:48'),
(4349, 64, '2022-12-28 13:25:40', '2022-12-28 13:25:40'),
(4350, 116, '2022-12-28 14:00:26', '2022-12-28 14:00:26'),
(4351, 116, '2022-12-28 14:10:41', '2022-12-28 14:10:41'),
(4352, 114, '2022-12-28 14:56:04', '2022-12-28 14:56:04'),
(4353, 97, '2022-12-28 21:13:40', '2022-12-28 21:13:40'),
(4354, 115, '2022-12-29 00:46:30', '2022-12-29 00:46:30'),
(4355, 110, '2022-12-29 00:47:35', '2022-12-29 00:47:35'),
(4356, 105, '2022-12-29 00:48:56', '2022-12-29 00:48:56'),
(4357, 69, '2022-12-29 03:10:49', '2022-12-29 03:10:49'),
(4358, 109, '2022-12-29 03:11:58', '2022-12-29 03:11:58'),
(4359, 92, '2022-12-29 03:12:03', '2022-12-29 03:12:03'),
(4360, 92, '2022-12-29 03:12:22', '2022-12-29 03:12:22'),
(4361, 69, '2022-12-29 03:12:24', '2022-12-29 03:12:24'),
(4362, 69, '2022-12-29 03:12:29', '2022-12-29 03:12:29'),
(4363, 69, '2022-12-29 03:14:15', '2022-12-29 03:14:15'),
(4364, 113, '2022-12-29 04:54:35', '2022-12-29 04:54:35'),
(4365, 93, '2022-12-29 09:11:05', '2022-12-29 09:11:05'),
(4366, 75, '2022-12-29 09:12:39', '2022-12-29 09:12:39'),
(4367, 94, '2022-12-29 10:00:23', '2022-12-29 10:00:23'),
(4368, 102, '2022-12-29 11:59:05', '2022-12-29 11:59:05'),
(4369, 110, '2022-12-29 11:59:09', '2022-12-29 11:59:09'),
(4370, 90, '2022-12-29 11:59:09', '2022-12-29 11:59:09'),
(4371, 117, '2022-12-29 11:59:13', '2022-12-29 11:59:13'),
(4372, 97, '2022-12-29 11:59:13', '2022-12-29 11:59:13'),
(4373, 94, '2022-12-29 11:59:14', '2022-12-29 11:59:14'),
(4374, 92, '2022-12-29 11:59:16', '2022-12-29 11:59:16'),
(4375, 109, '2022-12-29 11:59:22', '2022-12-29 11:59:22'),
(4376, 119, '2022-12-29 11:59:22', '2022-12-29 11:59:22'),
(4377, 76, '2022-12-29 11:59:23', '2022-12-29 11:59:23'),
(4378, 124, '2022-12-29 11:59:23', '2022-12-29 11:59:23'),
(4379, 112, '2022-12-29 11:59:28', '2022-12-29 11:59:28'),
(4380, 114, '2022-12-29 11:59:28', '2022-12-29 11:59:28'),
(4381, 88, '2022-12-29 11:59:29', '2022-12-29 11:59:29'),
(4382, 58, '2022-12-29 11:59:29', '2022-12-29 11:59:29'),
(4383, 80, '2022-12-29 11:59:34', '2022-12-29 11:59:34'),
(4384, 122, '2022-12-29 17:41:26', '2022-12-29 17:41:26'),
(4385, 63, '2022-12-29 18:41:25', '2022-12-29 18:41:25'),
(4386, 81, '2022-12-29 19:57:40', '2022-12-29 19:57:40'),
(4387, 105, '2022-12-29 23:21:38', '2022-12-29 23:21:38'),
(4388, 70, '2022-12-30 03:00:36', '2022-12-30 03:00:36'),
(4389, 124, '2022-12-30 03:01:56', '2022-12-30 03:01:56'),
(4390, 105, '2022-12-30 05:58:48', '2022-12-30 05:58:48'),
(4391, 89, '2022-12-30 06:25:05', '2022-12-30 06:25:05'),
(4392, 83, '2022-12-30 06:26:10', '2022-12-30 06:26:10'),
(4393, 65, '2022-12-30 06:27:34', '2022-12-30 06:27:34'),
(4394, 124, '2022-12-30 06:28:55', '2022-12-30 06:28:55'),
(4395, 58, '2022-12-30 09:19:34', '2022-12-30 09:19:34'),
(4396, 125, '2022-12-30 12:56:19', '2022-12-30 12:56:19'),
(4397, 112, '2022-12-30 13:29:20', '2022-12-30 13:29:20'),
(4398, 102, '2022-12-30 13:53:00', '2022-12-30 13:53:00'),
(4399, 74, '2022-12-30 21:17:51', '2022-12-30 21:17:51'),
(4400, 85, '2022-12-30 21:55:30', '2022-12-30 21:55:30'),
(4401, 94, '2022-12-30 22:18:39', '2022-12-30 22:18:39'),
(4402, 90, '2022-12-31 03:53:34', '2022-12-31 03:53:34'),
(4403, 97, '2022-12-31 04:26:46', '2022-12-31 04:26:46'),
(4404, 95, '2022-12-31 07:39:17', '2022-12-31 07:39:17'),
(4405, 76, '2022-12-31 07:40:50', '2022-12-31 07:40:50'),
(4406, 62, '2022-12-31 07:45:16', '2022-12-31 07:45:16'),
(4407, 88, '2022-12-31 08:36:37', '2022-12-31 08:36:37'),
(4408, 62, '2022-12-31 08:37:53', '2022-12-31 08:37:53'),
(4409, 128, '2022-12-31 09:29:22', '2022-12-31 09:29:22'),
(4410, 126, '2022-12-31 09:31:27', '2022-12-31 09:31:27'),
(4411, 107, '2022-12-31 09:31:59', '2022-12-31 09:31:59'),
(4412, 58, '2022-12-31 14:36:18', '2022-12-31 14:36:18'),
(4413, 121, '2022-12-31 14:55:40', '2022-12-31 14:55:40'),
(4414, 84, '2022-12-31 17:55:10', '2022-12-31 17:55:10'),
(4415, 127, '2022-12-31 17:56:31', '2022-12-31 17:56:31'),
(4416, 123, '2022-12-31 18:06:34', '2022-12-31 18:06:34'),
(4417, 69, '2022-12-31 20:59:04', '2022-12-31 20:59:04'),
(4418, 69, '2023-01-01 01:44:08', '2023-01-01 01:44:08'),
(4419, 103, '2023-01-01 04:24:37', '2023-01-01 04:24:37'),
(4420, 98, '2023-01-01 05:30:39', '2023-01-01 05:30:39'),
(4421, 86, '2023-01-01 05:32:34', '2023-01-01 05:32:34'),
(4422, 73, '2023-01-01 09:41:34', '2023-01-01 09:41:34'),
(4423, 109, '2023-01-01 11:25:35', '2023-01-01 11:25:35'),
(4424, 66, '2023-01-01 13:10:39', '2023-01-01 13:10:39'),
(4425, 108, '2023-01-01 13:11:58', '2023-01-01 13:11:58'),
(4426, 73, '2023-01-01 16:28:03', '2023-01-01 16:28:03'),
(4427, 99, '2023-01-01 18:43:05', '2023-01-01 18:43:05'),
(4428, 58, '2023-01-01 22:13:05', '2023-01-01 22:13:05'),
(4429, 83, '2023-01-01 23:24:45', '2023-01-01 23:24:45'),
(4430, 122, '2023-01-02 03:32:44', '2023-01-02 03:32:44'),
(4431, 115, '2023-01-02 04:32:55', '2023-01-02 04:32:55'),
(4432, 115, '2023-01-02 04:34:00', '2023-01-02 04:34:00'),
(4433, 119, '2023-01-02 06:12:57', '2023-01-02 06:12:57'),
(4434, 121, '2023-01-02 06:25:58', '2023-01-02 06:25:58'),
(4435, 91, '2023-01-02 06:58:56', '2023-01-02 06:58:56'),
(4436, 94, '2023-01-02 07:17:31', '2023-01-02 07:17:31'),
(4437, 99, '2023-01-02 07:33:58', '2023-01-02 07:33:58'),
(4438, 107, '2023-01-02 11:59:37', '2023-01-02 11:59:37'),
(4439, 98, '2023-01-02 12:32:55', '2023-01-02 12:32:55'),
(4440, 67, '2023-01-02 14:47:43', '2023-01-02 14:47:43');
INSERT INTO `publicacion_visita` (`id`, `publicacion_id`, `created_at`, `updated_at`) VALUES
(4441, 89, '2023-01-02 19:23:59', '2023-01-02 19:23:59'),
(4442, 75, '2023-01-02 20:33:00', '2023-01-02 20:33:00'),
(4443, 77, '2023-01-02 20:33:08', '2023-01-02 20:33:08'),
(4444, 84, '2023-01-02 20:33:11', '2023-01-02 20:33:11'),
(4445, 127, '2023-01-02 20:33:20', '2023-01-02 20:33:20'),
(4446, 90, '2023-01-02 20:34:05', '2023-01-02 20:34:05'),
(4447, 89, '2023-01-02 22:25:49', '2023-01-02 22:25:49'),
(4448, 118, '2023-01-03 00:11:44', '2023-01-03 00:11:44'),
(4449, 117, '2023-01-03 00:13:08', '2023-01-03 00:13:08'),
(4450, 109, '2023-01-03 00:14:33', '2023-01-03 00:14:33'),
(4451, 104, '2023-01-03 00:15:57', '2023-01-03 00:15:57'),
(4452, 99, '2023-01-03 00:21:25', '2023-01-03 00:21:25'),
(4453, 114, '2023-01-03 01:39:10', '2023-01-03 01:39:10'),
(4454, 90, '2023-01-03 01:41:54', '2023-01-03 01:41:54'),
(4455, 94, '2023-01-03 07:13:16', '2023-01-03 07:13:16'),
(4456, 81, '2023-01-03 08:05:53', '2023-01-03 08:05:53'),
(4457, 80, '2023-01-03 08:32:45', '2023-01-03 08:32:45'),
(4458, 110, '2023-01-03 08:34:13', '2023-01-03 08:34:13'),
(4459, 99, '2023-01-03 09:33:29', '2023-01-03 09:33:29'),
(4460, 91, '2023-01-03 10:34:04', '2023-01-03 10:34:04'),
(4461, 87, '2023-01-03 11:21:44', '2023-01-03 11:21:44'),
(4462, 58, '2023-01-03 16:33:37', '2023-01-03 16:33:37'),
(4463, 65, '2023-01-03 17:19:29', '2023-01-03 17:19:29'),
(4464, 65, '2023-01-03 17:20:32', '2023-01-03 17:20:32'),
(4465, 65, '2023-01-03 17:20:35', '2023-01-03 17:20:35'),
(4466, 65, '2023-01-03 17:20:36', '2023-01-03 17:20:36'),
(4467, 64, '2023-01-03 17:29:25', '2023-01-03 17:29:25'),
(4468, 65, '2023-01-03 18:45:09', '2023-01-03 18:45:09'),
(4469, 93, '2023-01-03 19:14:37', '2023-01-03 19:14:37'),
(4470, 100, '2023-01-03 19:15:31', '2023-01-03 19:15:31'),
(4471, 119, '2023-01-03 19:26:56', '2023-01-03 19:26:56'),
(4472, 122, '2023-01-03 19:31:06', '2023-01-03 19:31:06'),
(4473, 115, '2023-01-03 19:32:39', '2023-01-03 19:32:39'),
(4474, 62, '2023-01-03 19:48:00', '2023-01-03 19:48:00'),
(4475, 74, '2023-01-03 19:50:53', '2023-01-03 19:50:53'),
(4476, 80, '2023-01-03 20:01:57', '2023-01-03 20:01:57'),
(4477, 70, '2023-01-03 20:46:59', '2023-01-03 20:46:59'),
(4478, 116, '2023-01-03 20:48:11', '2023-01-03 20:48:11'),
(4479, 127, '2023-01-03 20:57:49', '2023-01-03 20:57:49'),
(4480, 76, '2023-01-03 21:10:37', '2023-01-03 21:10:37'),
(4481, 58, '2023-01-03 22:01:36', '2023-01-03 22:01:36'),
(4482, 100, '2023-01-04 02:40:37', '2023-01-04 02:40:37'),
(4483, 124, '2023-01-04 10:42:33', '2023-01-04 10:42:33'),
(4484, 76, '2023-01-04 11:26:00', '2023-01-04 11:26:00'),
(4485, 113, '2023-01-04 15:33:37', '2023-01-04 15:33:37'),
(4486, 97, '2023-01-04 15:49:20', '2023-01-04 15:49:20'),
(4487, 81, '2023-01-04 16:54:01', '2023-01-04 16:54:01'),
(4488, 83, '2023-01-04 23:05:11', '2023-01-04 23:05:11'),
(4489, 96, '2023-01-04 23:42:34', '2023-01-04 23:42:34'),
(4490, 92, '2023-01-05 03:10:20', '2023-01-05 03:10:20'),
(4491, 85, '2023-01-05 03:11:39', '2023-01-05 03:11:39'),
(4492, 83, '2023-01-05 03:13:02', '2023-01-05 03:13:02'),
(4493, 78, '2023-01-05 03:14:29', '2023-01-05 03:14:29'),
(4494, 76, '2023-01-05 03:56:44', '2023-01-05 03:56:44'),
(4495, 112, '2023-01-05 06:01:49', '2023-01-05 06:01:49'),
(4496, 124, '2023-01-05 06:37:01', '2023-01-05 06:37:01'),
(4497, 111, '2023-01-05 11:09:49', '2023-01-05 11:09:49'),
(4498, 96, '2023-01-05 11:22:14', '2023-01-05 11:22:14'),
(4499, 86, '2023-01-05 14:15:37', '2023-01-05 14:15:37'),
(4500, 63, '2023-01-05 18:41:43', '2023-01-05 18:41:43'),
(4501, 107, '2023-01-05 18:55:02', '2023-01-05 18:55:02'),
(4502, 119, '2023-01-05 19:06:15', '2023-01-05 19:06:15'),
(4503, 92, '2023-01-06 00:14:24', '2023-01-06 00:14:24'),
(4504, 100, '2023-01-06 00:34:48', '2023-01-06 00:34:48'),
(4505, 94, '2023-01-06 01:43:18', '2023-01-06 01:43:18'),
(4506, 128, '2023-01-06 06:43:52', '2023-01-06 06:43:52'),
(4507, 86, '2023-01-06 07:54:55', '2023-01-06 07:54:55'),
(4508, 84, '2023-01-06 07:56:17', '2023-01-06 07:56:17'),
(4509, 75, '2023-01-06 07:57:48', '2023-01-06 07:57:48'),
(4510, 62, '2023-01-06 07:59:19', '2023-01-06 07:59:19'),
(4511, 125, '2023-01-06 08:00:28', '2023-01-06 08:00:28'),
(4512, 100, '2023-01-06 08:01:54', '2023-01-06 08:01:54'),
(4513, 100, '2023-01-06 08:55:34', '2023-01-06 08:55:34'),
(4514, 107, '2023-01-06 10:31:49', '2023-01-06 10:31:49'),
(4515, 98, '2023-01-06 13:05:57', '2023-01-06 13:05:57'),
(4516, 105, '2023-01-06 14:05:39', '2023-01-06 14:05:39'),
(4517, 102, '2023-01-06 14:29:19', '2023-01-06 14:29:19'),
(4518, 95, '2023-01-06 15:47:39', '2023-01-06 15:47:39'),
(4519, 65, '2023-01-06 20:18:31', '2023-01-06 20:18:31'),
(4520, 94, '2023-01-06 20:53:59', '2023-01-06 20:53:59'),
(4521, 73, '2023-01-06 21:21:37', '2023-01-06 21:21:37'),
(4522, 115, '2023-01-07 01:49:30', '2023-01-07 01:49:30'),
(4523, 113, '2023-01-07 03:43:54', '2023-01-07 03:43:54'),
(4524, 74, '2023-01-07 08:38:50', '2023-01-07 08:38:50'),
(4525, 111, '2023-01-07 11:44:19', '2023-01-07 11:44:19'),
(4526, 118, '2023-01-07 12:05:39', '2023-01-07 12:05:39'),
(4527, 125, '2023-01-07 14:39:24', '2023-01-07 14:39:24'),
(4528, 128, '2023-01-07 17:37:24', '2023-01-07 17:37:24'),
(4529, 104, '2023-01-07 18:44:54', '2023-01-07 18:44:54'),
(4530, 66, '2023-01-07 23:55:05', '2023-01-07 23:55:05'),
(4531, 109, '2023-01-08 03:15:01', '2023-01-08 03:15:01'),
(4532, 73, '2023-01-08 09:01:05', '2023-01-08 09:01:05'),
(4533, 73, '2023-01-08 09:11:53', '2023-01-08 09:11:53'),
(4534, 127, '2023-01-08 11:46:42', '2023-01-08 11:46:42'),
(4535, 114, '2023-01-08 12:35:23', '2023-01-08 12:35:23'),
(4536, 99, '2023-01-08 12:38:16', '2023-01-08 12:38:16'),
(4537, 104, '2023-01-08 12:39:39', '2023-01-08 12:39:39'),
(4538, 103, '2023-01-08 12:40:58', '2023-01-08 12:40:58'),
(4539, 58, '2023-01-08 13:56:18', '2023-01-08 13:56:18'),
(4540, 58, '2023-01-08 13:56:19', '2023-01-08 13:56:19'),
(4541, 94, '2023-01-08 13:56:19', '2023-01-08 13:56:19'),
(4542, 99, '2023-01-08 14:40:27', '2023-01-08 14:40:27'),
(4543, 109, '2023-01-08 20:07:54', '2023-01-08 20:07:54'),
(4544, 121, '2023-01-08 20:33:11', '2023-01-08 20:33:11'),
(4545, 90, '2023-01-08 22:03:11', '2023-01-08 22:03:11'),
(4546, 90, '2023-01-08 22:48:10', '2023-01-08 22:48:10'),
(4547, 112, '2023-01-09 01:41:50', '2023-01-09 01:41:50'),
(4548, 118, '2023-01-09 01:53:18', '2023-01-09 01:53:18'),
(4549, 112, '2023-01-09 02:43:05', '2023-01-09 02:43:05'),
(4550, 116, '2023-01-09 04:26:00', '2023-01-09 04:26:00'),
(4551, 58, '2023-01-09 04:49:37', '2023-01-09 04:49:37'),
(4552, 117, '2023-01-09 04:51:07', '2023-01-09 04:51:07'),
(4553, 110, '2023-01-09 04:53:38', '2023-01-09 04:53:38'),
(4554, 93, '2023-01-09 05:22:43', '2023-01-09 05:22:43'),
(4555, 121, '2023-01-09 05:28:26', '2023-01-09 05:28:26'),
(4556, 96, '2023-01-09 06:52:04', '2023-01-09 06:52:04'),
(4557, 122, '2023-01-09 09:48:23', '2023-01-09 09:48:23'),
(4558, 81, '2023-01-09 13:42:20', '2023-01-09 13:42:20'),
(4559, 85, '2023-01-09 14:27:21', '2023-01-09 14:27:21'),
(4560, 118, '2023-01-09 16:37:16', '2023-01-09 16:37:16'),
(4561, 80, '2023-01-09 16:40:05', '2023-01-09 16:40:05'),
(4562, 67, '2023-01-09 16:42:47', '2023-01-09 16:42:47'),
(4563, 123, '2023-01-09 16:44:16', '2023-01-09 16:44:16'),
(4564, 112, '2023-01-09 16:45:37', '2023-01-09 16:45:37'),
(4565, 89, '2023-01-09 20:23:46', '2023-01-09 20:23:46'),
(4566, 114, '2023-01-10 00:23:34', '2023-01-10 00:23:34'),
(4567, 99, '2023-01-10 01:04:25', '2023-01-10 01:04:25'),
(4568, 78, '2023-01-10 03:37:22', '2023-01-10 03:37:22'),
(4569, 117, '2023-01-10 08:13:26', '2023-01-10 08:13:26'),
(4570, 119, '2023-01-10 09:41:17', '2023-01-10 09:41:17'),
(4571, 108, '2023-01-10 09:43:30', '2023-01-10 09:43:30'),
(4572, 78, '2023-01-10 10:56:22', '2023-01-10 10:56:22'),
(4573, 88, '2023-01-10 11:14:36', '2023-01-10 11:14:36'),
(4574, 91, '2023-01-10 11:40:11', '2023-01-10 11:40:11'),
(4575, 93, '2023-01-10 11:59:27', '2023-01-10 11:59:27'),
(4576, 110, '2023-01-10 13:49:25', '2023-01-10 13:49:25'),
(4577, 96, '2023-01-10 17:19:43', '2023-01-10 17:19:43'),
(4578, 82, '2023-01-10 17:21:23', '2023-01-10 17:21:23'),
(4579, 78, '2023-01-10 19:59:52', '2023-01-10 19:59:52'),
(4580, 111, '2023-01-10 20:32:50', '2023-01-10 20:32:50'),
(4581, 89, '2023-01-10 20:37:22', '2023-01-10 20:37:22'),
(4582, 87, '2023-01-10 20:38:47', '2023-01-10 20:38:47'),
(4583, 77, '2023-01-10 20:40:10', '2023-01-10 20:40:10'),
(4584, 111, '2023-01-10 20:41:31', '2023-01-10 20:41:31'),
(4585, 114, '2023-01-10 21:05:07', '2023-01-10 21:05:07'),
(4586, 85, '2023-01-10 23:25:31', '2023-01-10 23:25:31'),
(4587, 92, '2023-01-11 05:25:01', '2023-01-11 05:25:01'),
(4588, 88, '2023-01-11 06:32:33', '2023-01-11 06:32:33'),
(4589, 88, '2023-01-11 06:37:29', '2023-01-11 06:37:29'),
(4590, 85, '2023-01-11 07:15:02', '2023-01-11 07:15:02'),
(4591, 81, '2023-01-11 07:18:08', '2023-01-11 07:18:08'),
(4592, 73, '2023-01-11 08:40:02', '2023-01-11 08:40:02'),
(4593, 116, '2023-01-11 09:02:32', '2023-01-11 09:02:32'),
(4594, 116, '2023-01-11 10:32:32', '2023-01-11 10:32:32'),
(4595, 74, '2023-01-11 11:55:54', '2023-01-11 11:55:54'),
(4596, 81, '2023-01-11 12:38:12', '2023-01-11 12:38:12'),
(4597, 92, '2023-01-11 12:50:17', '2023-01-11 12:50:17'),
(4598, 85, '2023-01-11 13:13:42', '2023-01-11 13:13:42'),
(4599, 64, '2023-01-11 17:44:49', '2023-01-11 17:44:49'),
(4600, 76, '2023-01-11 19:15:36', '2023-01-11 19:15:36'),
(4601, 73, '2023-01-12 01:31:57', '2023-01-12 01:31:57'),
(4602, 86, '2023-01-12 01:32:04', '2023-01-12 01:32:04'),
(4603, 75, '2023-01-12 09:43:25', '2023-01-12 09:43:25'),
(4604, 70, '2023-01-12 09:46:39', '2023-01-12 09:46:39'),
(4605, 63, '2023-01-12 09:49:49', '2023-01-12 09:49:49'),
(4606, 62, '2023-01-12 09:53:27', '2023-01-12 09:53:27'),
(4607, 115, '2023-01-12 09:56:27', '2023-01-12 09:56:27'),
(4608, 102, '2023-01-12 10:00:03', '2023-01-12 10:00:03'),
(4609, 128, '2023-01-12 12:40:24', '2023-01-12 12:40:24'),
(4610, 69, '2023-01-12 12:42:17', '2023-01-12 12:42:17'),
(4611, 107, '2023-01-12 12:44:18', '2023-01-12 12:44:18'),
(4612, 77, '2023-01-12 13:03:35', '2023-01-12 13:03:35'),
(4613, 83, '2023-01-12 15:52:03', '2023-01-12 15:52:03'),
(4614, 83, '2023-01-12 17:50:32', '2023-01-12 17:50:32'),
(4615, 86, '2023-01-12 19:02:21', '2023-01-12 19:02:21'),
(4616, 83, '2023-01-12 19:25:33', '2023-01-12 19:25:33'),
(4617, 84, '2023-01-12 21:47:31', '2023-01-12 21:47:31'),
(4618, 127, '2023-01-12 21:57:01', '2023-01-12 21:57:01'),
(4619, 125, '2023-01-12 22:01:45', '2023-01-12 22:01:45'),
(4620, 70, '2023-01-13 00:15:15', '2023-01-13 00:15:15'),
(4621, 80, '2023-01-13 00:28:21', '2023-01-13 00:28:21'),
(4622, 77, '2023-01-13 00:37:45', '2023-01-13 00:37:45'),
(4623, 105, '2023-01-13 00:53:17', '2023-01-13 00:53:17'),
(4624, 104, '2023-01-13 00:53:43', '2023-01-13 00:53:43'),
(4625, 105, '2023-01-13 00:53:55', '2023-01-13 00:53:55'),
(4626, 95, '2023-01-13 04:39:08', '2023-01-13 04:39:08'),
(4627, 125, '2023-01-13 05:07:49', '2023-01-13 05:07:49'),
(4628, 102, '2023-01-13 09:50:22', '2023-01-13 09:50:22'),
(4629, 94, '2023-01-13 13:21:46', '2023-01-13 13:21:46'),
(4630, 74, '2023-01-13 14:17:21', '2023-01-13 14:17:21'),
(4631, 87, '2023-01-13 18:14:41', '2023-01-13 18:14:41'),
(4632, 76, '2023-01-13 22:48:58', '2023-01-13 22:48:58'),
(4633, 115, '2023-01-13 23:26:56', '2023-01-13 23:26:56'),
(4634, 100, '2023-01-13 23:36:37', '2023-01-13 23:36:37'),
(4635, 104, '2023-01-13 23:57:17', '2023-01-13 23:57:17'),
(4636, 66, '2023-01-14 05:42:19', '2023-01-14 05:42:19'),
(4637, 65, '2023-01-14 05:45:56', '2023-01-14 05:45:56'),
(4638, 97, '2023-01-14 08:41:57', '2023-01-14 08:41:57'),
(4639, 93, '2023-01-14 09:43:11', '2023-01-14 09:43:11'),
(4640, 121, '2023-01-14 17:00:07', '2023-01-14 17:00:07'),
(4641, 105, '2023-01-14 17:53:22', '2023-01-14 17:53:22'),
(4642, 113, '2023-01-14 19:05:14', '2023-01-14 19:05:14'),
(4643, 98, '2023-01-15 04:47:07', '2023-01-15 04:47:07'),
(4644, 80, '2023-01-15 04:49:58', '2023-01-15 04:49:58'),
(4645, 118, '2023-01-15 05:20:41', '2023-01-15 05:20:41'),
(4646, 112, '2023-01-15 05:24:24', '2023-01-15 05:24:24'),
(4647, 99, '2023-01-15 10:58:58', '2023-01-15 10:58:58'),
(4648, 58, '2023-01-15 12:37:28', '2023-01-15 12:37:28'),
(4649, 123, '2023-01-15 12:38:35', '2023-01-15 12:38:35'),
(4650, 78, '2023-01-15 20:37:31', '2023-01-15 20:37:31'),
(4651, 121, '2023-01-15 21:21:50', '2023-01-15 21:21:50'),
(4652, 109, '2023-01-15 22:23:54', '2023-01-15 22:23:54'),
(4653, 110, '2023-01-15 22:53:26', '2023-01-15 22:53:26'),
(4654, 103, '2023-01-15 23:17:34', '2023-01-15 23:17:34'),
(4655, 88, '2023-01-16 06:23:42', '2023-01-16 06:23:42'),
(4656, 108, '2023-01-16 06:37:31', '2023-01-16 06:37:31'),
(4657, 67, '2023-01-16 07:35:32', '2023-01-16 07:35:32'),
(4658, 65, '2023-01-16 09:12:22', '2023-01-16 09:12:22'),
(4659, 92, '2023-01-16 09:38:14', '2023-01-16 09:38:14'),
(4660, 114, '2023-01-16 14:05:22', '2023-01-16 14:05:22'),
(4661, 119, '2023-01-16 14:47:48', '2023-01-16 14:47:48'),
(4662, 87, '2023-01-16 16:38:27', '2023-01-16 16:38:27'),
(4663, 81, '2023-01-16 16:39:55', '2023-01-16 16:39:55'),
(4664, 92, '2023-01-16 16:42:38', '2023-01-16 16:42:38'),
(4665, 77, '2023-01-16 16:44:02', '2023-01-16 16:44:02'),
(4666, 126, '2023-01-17 01:43:18', '2023-01-17 01:43:18'),
(4667, 127, '2023-01-17 01:58:54', '2023-01-17 01:58:54'),
(4668, 115, '2023-01-17 04:30:23', '2023-01-17 04:30:23'),
(4669, 65, '2023-01-17 09:23:40', '2023-01-17 09:23:40'),
(4670, 65, '2023-01-17 09:25:37', '2023-01-17 09:25:37'),
(4671, 73, '2023-01-17 09:25:38', '2023-01-17 09:25:38'),
(4672, 64, '2023-01-17 09:26:19', '2023-01-17 09:26:19'),
(4673, 102, '2023-01-17 11:14:52', '2023-01-17 11:14:52'),
(4674, 107, '2023-01-17 12:54:54', '2023-01-17 12:54:54'),
(4675, 111, '2023-01-17 18:56:29', '2023-01-17 18:56:29'),
(4676, 127, '2023-01-17 19:11:52', '2023-01-17 19:11:52'),
(4677, 117, '2023-01-17 20:37:48', '2023-01-17 20:37:48'),
(4678, 102, '2023-01-17 20:38:54', '2023-01-17 20:38:54'),
(4679, 93, '2023-01-17 21:32:45', '2023-01-17 21:32:45'),
(4680, 89, '2023-01-17 22:20:53', '2023-01-17 22:20:53'),
(4681, 115, '2023-01-17 22:22:25', '2023-01-17 22:22:25'),
(4682, 95, '2023-01-17 23:44:51', '2023-01-17 23:44:51'),
(4683, 95, '2023-01-17 23:45:08', '2023-01-17 23:45:08'),
(4684, 63, '2023-01-17 23:45:32', '2023-01-17 23:45:32'),
(4685, 63, '2023-01-17 23:45:34', '2023-01-17 23:45:34'),
(4686, 64, '2023-01-17 23:58:55', '2023-01-17 23:58:55'),
(4687, 65, '2023-01-18 00:02:54', '2023-01-18 00:02:54'),
(4688, 95, '2023-01-18 00:06:43', '2023-01-18 00:06:43'),
(4689, 125, '2023-01-18 00:06:57', '2023-01-18 00:06:57'),
(4690, 64, '2023-01-18 00:07:13', '2023-01-18 00:07:13'),
(4691, 64, '2023-01-18 00:07:32', '2023-01-18 00:07:32'),
(4692, 63, '2023-01-18 00:10:09', '2023-01-18 00:10:09'),
(4693, 64, '2023-01-18 00:10:23', '2023-01-18 00:10:23'),
(4694, 91, '2023-01-18 00:10:35', '2023-01-18 00:10:35'),
(4695, 95, '2023-01-18 00:10:46', '2023-01-18 00:10:46'),
(4696, 125, '2023-01-18 00:13:16', '2023-01-18 00:13:16'),
(4697, 122, '2023-01-18 00:20:44', '2023-01-18 00:20:44'),
(4698, 116, '2023-01-18 01:28:09', '2023-01-18 01:28:09'),
(4699, 95, '2023-01-18 03:59:44', '2023-01-18 03:59:44'),
(4700, 85, '2023-01-18 04:56:24', '2023-01-18 04:56:24'),
(4701, 91, '2023-01-18 05:28:50', '2023-01-18 05:28:50'),
(4702, 128, '2023-01-18 05:42:50', '2023-01-18 05:42:50'),
(4703, 115, '2023-01-18 05:47:56', '2023-01-18 05:47:56'),
(4704, 90, '2023-01-18 07:50:50', '2023-01-18 07:50:50'),
(4705, 122, '2023-01-18 14:05:20', '2023-01-18 14:05:20'),
(4706, 62, '2023-01-18 16:25:59', '2023-01-18 16:25:59'),
(4707, 96, '2023-01-19 02:07:47', '2023-01-19 02:07:47'),
(4708, 76, '2023-01-19 02:09:13', '2023-01-19 02:09:13'),
(4709, 67, '2023-01-19 08:28:45', '2023-01-19 08:28:45'),
(4710, 113, '2023-01-19 10:49:58', '2023-01-19 10:49:58'),
(4711, 74, '2023-01-19 11:00:50', '2023-01-19 11:00:50'),
(4712, 103, '2023-01-19 11:37:35', '2023-01-19 11:37:35'),
(4713, 124, '2023-01-19 13:18:19', '2023-01-19 13:18:19'),
(4714, 62, '2023-01-19 13:38:15', '2023-01-19 13:38:15'),
(4715, 62, '2023-01-19 16:50:06', '2023-01-19 16:50:06'),
(4716, 125, '2023-01-19 17:57:27', '2023-01-19 17:57:27'),
(4717, 70, '2023-01-19 19:03:10', '2023-01-19 19:03:10'),
(4718, 125, '2023-01-19 19:04:21', '2023-01-19 19:04:21'),
(4719, 116, '2023-01-19 20:29:35', '2023-01-19 20:29:35'),
(4720, 82, '2023-01-19 22:49:56', '2023-01-19 22:49:56'),
(4721, 97, '2023-01-19 23:24:11', '2023-01-19 23:24:11'),
(4722, 85, '2023-01-20 02:19:47', '2023-01-20 02:19:47'),
(4723, 113, '2023-01-20 02:54:14', '2023-01-20 02:54:14'),
(4724, 65, '2023-01-20 04:42:20', '2023-01-20 04:42:20'),
(4725, 95, '2023-01-20 09:31:56', '2023-01-20 09:31:56'),
(4726, 92, '2023-01-20 10:02:56', '2023-01-20 10:02:56'),
(4727, 94, '2023-01-20 10:23:34', '2023-01-20 10:23:34'),
(4728, 108, '2023-01-20 12:51:47', '2023-01-20 12:51:47'),
(4729, 118, '2023-01-20 12:58:16', '2023-01-20 12:58:16'),
(4730, 78, '2023-01-20 14:58:52', '2023-01-20 14:58:52'),
(4731, 89, '2023-01-20 15:12:06', '2023-01-20 15:12:06'),
(4732, 98, '2023-01-20 22:09:07', '2023-01-20 22:09:07'),
(4733, 63, '2023-01-20 22:10:59', '2023-01-20 22:10:59'),
(4734, 112, '2023-01-20 22:12:09', '2023-01-20 22:12:09'),
(4735, 73, '2023-01-20 22:27:57', '2023-01-20 22:27:57'),
(4736, 66, '2023-01-20 23:23:38', '2023-01-20 23:23:38'),
(4737, 110, '2023-01-20 23:24:32', '2023-01-20 23:24:32'),
(4738, 104, '2023-01-20 23:25:36', '2023-01-20 23:25:36'),
(4739, 80, '2023-01-21 00:53:34', '2023-01-21 00:53:34'),
(4740, 69, '2023-01-21 01:18:12', '2023-01-21 01:18:12'),
(4741, 83, '2023-01-21 01:47:06', '2023-01-21 01:47:06'),
(4742, 113, '2023-01-21 04:29:46', '2023-01-21 04:29:46'),
(4743, 67, '2023-01-21 17:52:04', '2023-01-21 17:52:04'),
(4744, 84, '2023-01-21 19:28:43', '2023-01-21 19:28:43'),
(4745, 100, '2023-01-21 19:29:49', '2023-01-21 19:29:49'),
(4746, 75, '2023-01-21 19:48:11', '2023-01-21 19:48:11'),
(4747, 64, '2023-01-21 20:10:45', '2023-01-21 20:10:45'),
(4748, 88, '2023-01-22 03:30:37', '2023-01-22 03:30:37'),
(4749, 121, '2023-01-22 04:08:00', '2023-01-22 04:08:00'),
(4750, 62, '2023-01-22 09:55:07', '2023-01-22 09:55:07'),
(4751, 99, '2023-01-22 10:37:22', '2023-01-22 10:37:22'),
(4752, 73, '2023-01-22 12:09:26', '2023-01-22 12:09:26'),
(4753, 93, '2023-01-22 12:42:16', '2023-01-22 12:42:16'),
(4754, 127, '2023-01-22 12:43:41', '2023-01-22 12:43:41'),
(4755, 114, '2023-01-22 12:45:06', '2023-01-22 12:45:06'),
(4756, 74, '2023-01-22 18:42:12', '2023-01-22 18:42:12'),
(4757, 105, '2023-01-22 20:39:24', '2023-01-22 20:39:24'),
(4758, 92, '2023-01-22 21:54:27', '2023-01-22 21:54:27'),
(4759, 123, '2023-01-22 21:58:30', '2023-01-22 21:58:30'),
(4760, 115, '2023-01-23 00:25:51', '2023-01-23 00:25:51'),
(4761, 87, '2023-01-23 07:00:04', '2023-01-23 07:00:04'),
(4762, 64, '2023-01-23 07:18:27', '2023-01-23 07:18:27'),
(4763, 58, '2023-01-23 07:23:26', '2023-01-23 07:23:26'),
(4764, 107, '2023-01-23 08:24:38', '2023-01-23 08:24:38'),
(4765, 90, '2023-01-23 10:16:40', '2023-01-23 10:16:40'),
(4766, 118, '2023-01-23 10:57:18', '2023-01-23 10:57:18'),
(4767, 117, '2023-01-23 13:23:04', '2023-01-23 13:23:04'),
(4768, 86, '2023-01-23 16:02:06', '2023-01-23 16:02:06'),
(4769, 115, '2023-01-23 16:03:22', '2023-01-23 16:03:22'),
(4770, 91, '2023-01-23 16:40:30', '2023-01-23 16:40:30'),
(4771, 121, '2023-01-23 17:35:58', '2023-01-23 17:35:58'),
(4772, 62, '2023-01-23 19:34:30', '2023-01-23 19:34:30'),
(4773, 64, '2023-01-23 20:22:53', '2023-01-23 20:22:53'),
(4774, 92, '2023-01-23 21:11:26', '2023-01-23 21:11:26'),
(4775, 70, '2023-01-23 21:12:20', '2023-01-23 21:12:20'),
(4776, 62, '2023-01-23 21:12:50', '2023-01-23 21:12:50'),
(4777, 122, '2023-01-23 21:14:19', '2023-01-23 21:14:19'),
(4778, 111, '2023-01-23 21:15:33', '2023-01-23 21:15:33'),
(4779, 90, '2023-01-23 23:03:19', '2023-01-23 23:03:19'),
(4780, 87, '2023-01-24 06:43:29', '2023-01-24 06:43:29'),
(4781, 126, '2023-01-24 06:51:03', '2023-01-24 06:51:03'),
(4782, 108, '2023-01-24 06:54:22', '2023-01-24 06:54:22'),
(4783, 90, '2023-01-24 08:11:29', '2023-01-24 08:11:29'),
(4784, 87, '2023-01-24 08:12:07', '2023-01-24 08:12:07'),
(4785, 58, '2023-01-24 09:37:56', '2023-01-24 09:37:56'),
(4786, 58, '2023-01-24 09:37:57', '2023-01-24 09:37:57'),
(4787, 94, '2023-01-24 09:37:57', '2023-01-24 09:37:57'),
(4788, 94, '2023-01-24 09:37:58', '2023-01-24 09:37:58'),
(4789, 119, '2023-01-24 14:37:42', '2023-01-24 14:37:42'),
(4790, 94, '2023-01-24 15:50:06', '2023-01-24 15:50:06'),
(4791, 73, '2023-01-24 15:52:14', '2023-01-24 15:52:14'),
(4792, 95, '2023-01-24 21:29:42', '2023-01-24 21:29:42'),
(4793, 128, '2023-01-25 08:44:57', '2023-01-25 08:44:57'),
(4794, 124, '2023-01-25 18:52:42', '2023-01-25 18:52:42'),
(4795, 126, '2023-01-25 20:21:48', '2023-01-25 20:21:48'),
(4796, 91, '2023-01-25 20:58:46', '2023-01-25 20:58:46'),
(4797, 116, '2023-01-25 22:16:55', '2023-01-25 22:16:55'),
(4798, 124, '2023-01-25 22:28:44', '2023-01-25 22:28:44'),
(4799, 114, '2023-01-25 23:40:01', '2023-01-25 23:40:01'),
(4800, 97, '2023-01-26 03:24:17', '2023-01-26 03:24:17'),
(4801, 96, '2023-01-26 05:19:54', '2023-01-26 05:19:54'),
(4802, 63, '2023-01-26 05:21:09', '2023-01-26 05:21:09'),
(4803, 84, '2023-01-26 05:45:16', '2023-01-26 05:45:16'),
(4804, 115, '2023-01-26 06:19:12', '2023-01-26 06:19:12'),
(4805, 104, '2023-01-26 14:22:48', '2023-01-26 14:22:48'),
(4806, 69, '2023-01-26 21:04:17', '2023-01-26 21:04:17'),
(4807, 67, '2023-01-26 21:07:38', '2023-01-26 21:07:38'),
(4808, 66, '2023-01-26 21:09:04', '2023-01-26 21:09:04'),
(4809, 65, '2023-01-26 21:27:08', '2023-01-26 21:27:08'),
(4810, 76, '2023-01-26 21:48:09', '2023-01-26 21:48:09'),
(4811, 116, '2023-01-26 22:32:52', '2023-01-26 22:32:52'),
(4812, 74, '2023-01-26 22:33:07', '2023-01-26 22:33:07'),
(4813, 126, '2023-01-26 22:33:34', '2023-01-26 22:33:34'),
(4814, 73, '2023-01-26 22:34:01', '2023-01-26 22:34:01'),
(4815, 69, '2023-01-26 22:34:45', '2023-01-26 22:34:45'),
(4816, 74, '2023-01-27 00:22:15', '2023-01-27 00:22:15'),
(4817, 78, '2023-01-27 05:45:59', '2023-01-27 05:45:59'),
(4818, 70, '2023-01-27 05:47:02', '2023-01-27 05:47:02'),
(4819, 81, '2023-01-27 06:32:51', '2023-01-27 06:32:51'),
(4820, 84, '2023-01-27 07:12:30', '2023-01-27 07:12:30'),
(4821, 83, '2023-01-27 07:42:59', '2023-01-27 07:42:59'),
(4822, 89, '2023-01-27 09:00:09', '2023-01-27 09:00:09'),
(4823, 93, '2023-01-27 14:11:55', '2023-01-27 14:11:55'),
(4824, 117, '2023-01-27 19:24:23', '2023-01-27 19:24:23'),
(4825, 90, '2023-01-27 23:22:23', '2023-01-27 23:22:23'),
(4826, 87, '2023-01-28 00:15:44', '2023-01-28 00:15:44'),
(4827, 87, '2023-01-28 00:15:45', '2023-01-28 00:15:45'),
(4828, 87, '2023-01-28 00:15:54', '2023-01-28 00:15:54'),
(4829, 103, '2023-01-28 00:51:49', '2023-01-28 00:51:49'),
(4830, 110, '2023-01-28 01:38:21', '2023-01-28 01:38:21'),
(4831, 105, '2023-01-28 01:40:26', '2023-01-28 01:40:26'),
(4832, 121, '2023-01-28 03:46:34', '2023-01-28 03:46:34'),
(4833, 105, '2023-01-28 08:43:53', '2023-01-28 08:43:53'),
(4834, 118, '2023-01-28 11:02:06', '2023-01-28 11:02:06'),
(4835, 109, '2023-01-28 11:03:17', '2023-01-28 11:03:17'),
(4836, 100, '2023-01-28 12:23:53', '2023-01-28 12:23:53'),
(4837, 82, '2023-01-28 14:44:36', '2023-01-28 14:44:36'),
(4838, 127, '2023-01-28 20:19:48', '2023-01-28 20:19:48'),
(4839, 88, '2023-01-28 21:00:46', '2023-01-28 21:00:46'),
(4840, 75, '2023-01-28 21:27:17', '2023-01-28 21:27:17'),
(4841, 58, '2023-01-28 21:28:37', '2023-01-28 21:28:37'),
(4842, 114, '2023-01-28 21:51:49', '2023-01-28 21:51:49'),
(4843, 81, '2023-01-28 23:05:36', '2023-01-28 23:05:36'),
(4844, 86, '2023-01-28 23:48:01', '2023-01-28 23:48:01'),
(4845, 107, '2023-01-29 04:44:01', '2023-01-29 04:44:01'),
(4846, 83, '2023-01-29 06:52:38', '2023-01-29 06:52:38'),
(4847, 87, '2023-01-29 07:34:36', '2023-01-29 07:34:36'),
(4848, 115, '2023-01-29 07:35:45', '2023-01-29 07:35:45'),
(4849, 93, '2023-01-29 14:30:23', '2023-01-29 14:30:23'),
(4850, 92, '2023-01-29 14:31:44', '2023-01-29 14:31:44'),
(4851, 64, '2023-01-29 16:25:02', '2023-01-29 16:25:02'),
(4852, 62, '2023-01-29 16:26:24', '2023-01-29 16:26:24'),
(4853, 86, '2023-01-29 22:38:07', '2023-01-29 22:38:07'),
(4854, 95, '2023-01-30 08:10:57', '2023-01-30 08:10:57'),
(4855, 117, '2023-01-30 08:12:08', '2023-01-30 08:12:08'),
(4856, 125, '2023-01-30 09:00:20', '2023-01-30 09:00:20'),
(4857, 102, '2023-01-30 09:38:02', '2023-01-30 09:38:02'),
(4858, 113, '2023-01-30 11:17:15', '2023-01-30 11:17:15'),
(4859, 91, '2023-01-30 18:49:59', '2023-01-30 18:49:59'),
(4860, 99, '2023-01-30 19:04:54', '2023-01-30 19:04:54'),
(4861, 128, '2023-01-30 20:25:02', '2023-01-30 20:25:02'),
(4862, 108, '2023-01-30 21:27:55', '2023-01-30 21:27:55'),
(4863, 58, '2023-01-30 21:34:16', '2023-01-30 21:34:16'),
(4864, 58, '2023-01-30 21:34:52', '2023-01-30 21:34:52'),
(4865, 89, '2023-01-30 21:35:08', '2023-01-30 21:35:08'),
(4866, 108, '2023-01-30 21:35:22', '2023-01-30 21:35:22'),
(4867, 80, '2023-01-30 21:35:35', '2023-01-30 21:35:35'),
(4868, 115, '2023-01-30 21:47:08', '2023-01-30 21:47:08'),
(4869, 85, '2023-01-30 21:53:29', '2023-01-30 21:53:29'),
(4870, 126, '2023-01-30 21:55:04', '2023-01-30 21:55:04'),
(4871, 115, '2023-01-30 22:11:40', '2023-01-30 22:11:40'),
(4872, 115, '2023-01-30 22:13:12', '2023-01-30 22:13:12'),
(4873, 115, '2023-01-31 00:06:27', '2023-01-31 00:06:27'),
(4874, 95, '2023-01-31 00:06:41', '2023-01-31 00:06:41'),
(4875, 95, '2023-01-31 00:07:28', '2023-01-31 00:07:28'),
(4876, 118, '2023-01-31 01:49:57', '2023-01-31 01:49:57'),
(4877, 114, '2023-01-31 05:19:33', '2023-01-31 05:19:33'),
(4878, 81, '2023-01-31 05:19:47', '2023-01-31 05:19:47'),
(4879, 76, '2023-01-31 05:20:47', '2023-01-31 05:20:47'),
(4880, 108, '2023-01-31 06:15:23', '2023-01-31 06:15:23'),
(4881, 111, '2023-01-31 07:13:46', '2023-01-31 07:13:46'),
(4882, 73, '2023-01-31 13:34:20', '2023-01-31 13:34:20'),
(4883, 98, '2023-01-31 14:58:11', '2023-01-31 14:58:11'),
(4884, 86, '2023-01-31 16:39:49', '2023-01-31 16:39:49'),
(4885, 80, '2023-01-31 16:41:12', '2023-01-31 16:41:12'),
(4886, 69, '2023-01-31 16:42:22', '2023-01-31 16:42:22'),
(4887, 89, '2023-01-31 22:04:07', '2023-01-31 22:04:07'),
(4888, 82, '2023-01-31 23:18:12', '2023-01-31 23:18:12'),
(4889, 96, '2023-02-01 02:08:32', '2023-02-01 02:08:32'),
(4890, 88, '2023-02-01 02:09:39', '2023-02-01 02:09:39'),
(4891, 80, '2023-02-01 02:10:59', '2023-02-01 02:10:59'),
(4892, 69, '2023-02-01 08:21:49', '2023-02-01 08:21:49'),
(4893, 65, '2023-02-01 19:28:12', '2023-02-01 19:28:12'),
(4894, 112, '2023-02-01 19:29:34', '2023-02-01 19:29:34'),
(4895, 77, '2023-02-01 19:52:55', '2023-02-01 19:52:55'),
(4896, 95, '2023-02-01 20:23:57', '2023-02-01 20:23:57'),
(4897, 95, '2023-02-01 20:23:58', '2023-02-01 20:23:58'),
(4898, 95, '2023-02-01 20:31:52', '2023-02-01 20:31:52'),
(4899, 95, '2023-02-01 20:31:55', '2023-02-01 20:31:55'),
(4900, 58, '2023-02-01 20:56:00', '2023-02-01 20:56:00'),
(4901, 58, '2023-02-28 01:13:48', '2023-02-28 01:13:48'),
(4902, 95, '2023-03-27 16:51:41', '2023-03-27 16:51:41'),
(4903, 134, '2023-03-27 17:40:31', '2023-03-27 17:40:31'),
(4904, 86, '2023-03-27 18:33:28', '2023-03-27 18:33:28'),
(4905, 102, '2023-03-27 18:33:44', '2023-03-27 18:33:44'),
(4906, 102, '2023-03-27 18:33:48', '2023-03-27 18:33:48');

-- --------------------------------------------------------

--
-- Estructura de tabla para la tabla `publicacion_whatsapp`
--

CREATE TABLE `publicacion_whatsapp` (
  `id` bigint(20) UNSIGNED NOT NULL,
  `publicacion_id` bigint(20) UNSIGNED NOT NULL,
  `celular` bigint(20) UNSIGNED NOT NULL,
  `created_at` timestamp NULL DEFAULT NULL,
  `updated_at` timestamp NULL DEFAULT NULL
) ENGINE=InnoDB DEFAULT CHARSET=utf8mb4 COLLATE=utf8mb4_unicode_ci;

--
-- Volcado de datos para la tabla `publicacion_whatsapp`
--

INSERT INTO `publicacion_whatsapp` (`id`, `publicacion_id`, `celular`, `created_at`, `updated_at`) VALUES
(1, 119, 1154799438, '2022-08-04 00:09:47', '2022-08-04 00:09:47'),
(2, 58, 1154799438, '2022-08-04 00:10:09', '2022-08-04 00:10:09'),
(3, 95, 1154799438, '2022-08-04 00:10:34', '2022-08-04 00:10:34'),
(4, 64, 1169756457, '2022-08-27 05:19:42', '2022-08-27 05:19:42'),
(5, 75, 1162468465, '2022-09-14 17:26:56', '2022-09-14 17:26:56'),
(6, 75, 1162468465, '2022-09-14 17:27:26', '2022-09-14 17:27:26'),
(7, 65, 1553896852, '2022-09-16 08:43:58', '2022-09-16 08:43:58'),
(8, 65, 1553896851, '2022-09-16 08:44:11', '2022-09-16 08:44:11'),
(9, 58, 1155068413, '2022-09-22 01:36:37', '2022-09-22 01:36:37'),
(10, 58, 1155068413, '2022-09-22 01:40:20', '2022-09-22 01:40:20'),
(11, 100, 1155068413, '2022-09-22 02:00:14', '2022-09-22 02:00:14'),
(12, 119, 5493512092642, '2022-09-27 00:50:37', '2022-09-27 00:50:37'),
(13, 76, 11, '2022-10-01 08:50:57', '2022-10-01 08:50:57'),
(14, 69, 1169015609, '2022-10-26 21:14:38', '2022-10-26 21:14:38'),
(15, 92, 1169015609, '2022-10-26 21:15:49', '2022-10-26 21:15:49'),
(16, 98, 1169015609, '2022-10-26 21:18:34', '2022-10-26 21:18:34'),
(17, 126, 1136820200, '2022-11-13 00:42:01', '2022-11-13 00:42:01'),
(18, 64, 1169756457, '2022-11-16 08:51:40', '2022-11-16 08:51:40'),
(19, 95, 1169756457, '2022-11-16 08:52:48', '2022-11-16 08:52:48'),
(20, 125, 1169756457, '2022-11-16 08:53:16', '2022-11-16 08:53:16'),
(21, 123, 1158092347, '2022-11-23 20:39:32', '2022-11-23 20:39:32'),
(22, 100, 1158092347, '2022-11-23 21:16:37', '2022-11-23 21:16:37'),
(23, 64, 1161689455, '2022-11-25 23:46:46', '2022-11-25 23:46:46'),
(24, 64, 1156389545, '2022-12-01 03:48:35', '2022-12-01 03:48:35'),
(25, 62, 1163750032, '2022-12-22 07:22:45', '2022-12-22 07:22:45'),
(26, 58, 1158131821, '2022-12-23 22:44:42', '2022-12-23 22:44:42'),
(27, 95, 1161689455, '2023-01-17 23:45:16', '2023-01-17 23:45:16'),
(28, 63, 1161689455, '2023-01-17 23:45:53', '2023-01-17 23:45:53');

-- --------------------------------------------------------

--
-- Estructura de tabla para la tabla `titulo`
--

CREATE TABLE `titulo` (
  `id` int(10) UNSIGNED NOT NULL,
  `name` varchar(200) COLLATE utf8mb4_unicode_ci NOT NULL,
  `description` varchar(800) COLLATE utf8mb4_unicode_ci NOT NULL,
  `categoria_id` int(10) UNSIGNED NOT NULL,
  `created_at` timestamp NULL DEFAULT NULL,
  `updated_at` timestamp NULL DEFAULT NULL
) ENGINE=InnoDB DEFAULT CHARSET=utf8mb4 COLLATE=utf8mb4_unicode_ci;

--
-- Volcado de datos para la tabla `titulo`
--

INSERT INTO `titulo` (`id`, `name`, `description`, `categoria_id`, `created_at`, `updated_at`) VALUES
(1, 'Diseño asistido por computadora I (Autocad)', '', 14, '2020-02-19 22:02:45', '2020-02-19 22:02:45'),
(2, 'Peluquería de damas', '', 13, '2020-02-19 22:02:45', '2020-02-19 22:02:45'),
(3, 'Perfeccionamiento en peluquería', '', 13, '2020-02-19 22:02:45', '2020-02-19 22:02:45'),
(4, 'Colorimetría', '', 13, '2020-02-19 22:02:45', '2020-02-19 22:02:45'),
(5, 'Estética facial', '', 10, '2020-02-19 22:02:45', '2020-02-19 22:02:45'),
(6, 'Estética corporal', '', 9, '2020-02-19 22:02:45', '2020-02-19 22:02:45'),
(7, 'Maquillaje social', '', 10, '2020-02-19 22:02:45', '2020-02-19 22:02:45'),
(8, 'Técnicas de drenaje linfático manual corporal', '', 9, '2020-02-19 22:02:45', '2020-02-19 22:02:45'),
(9, 'Especialista en tratamientos estèticos corporales', '', 9, '2020-02-19 22:02:45', '2020-02-19 22:02:45'),
(10, 'Reparador de electrodomésticos', '', 8, '2020-02-19 22:02:45', '2020-02-19 22:02:45'),
(11, 'Soldadura por arco eléctrico', '', 4, '2020-02-19 22:02:45', '2020-02-19 22:02:45'),
(12, 'Panificación I', '', 21, '2020-02-19 22:02:45', '2020-02-19 22:02:45'),
(13, 'Ayudante de cocina I	', '', 21, '2020-02-19 22:02:45', '2020-02-19 22:02:45'),
(14, 'Asistente colorista de peluquería', '', 13, '2020-02-19 22:02:45', '2020-02-19 22:02:45'),
(15, 'Tecnología de las instalaciones sanitarias', '', 5, '2020-02-19 22:02:45', '2020-02-19 22:02:45'),
(16, 'Tecnología de las instalaciones a gas', '', 3, '2020-02-19 22:02:45', '2020-02-19 22:02:45'),
(17, 'Auxiliar mecánico de bicicletas', '', 16, '2020-02-19 22:02:45', '2020-02-19 22:02:45'),
(18, 'Reparador de computadoras personales', '', 15, '2020-02-19 22:02:45', '2020-02-19 22:02:45'),
(19, 'Panadero', '', 21, '2020-02-19 22:02:45', '2020-02-19 22:02:45'),
(20, 'Pastelero', '', 21, '2020-02-19 22:02:45', '2020-02-19 22:02:45'),
(21, 'Marroquinería I', '', 17, '2020-02-19 22:02:45', '2020-02-19 22:02:45'),
(22, 'Marroquinería II', '', 17, '2020-02-19 22:02:45', '2020-02-19 22:02:45'),
(23, 'Ayudante de peluquería', '', 13, '2020-02-19 22:02:45', '2020-02-19 22:02:45'),
(24, 'Circuitos eléctricos y mediciones', '', 2, '2020-02-19 22:02:45', '2020-02-19 22:02:45'),
(25, 'Cocina básica I', '', 21, '2020-02-19 22:02:45', '2020-02-19 22:02:45'),
(26, 'Cocinero', '', 21, '2020-02-19 22:02:45', '2020-02-19 22:02:45'),
(27, 'Corte de caballeros', '', 13, '2020-02-19 22:02:45', '2020-02-19 22:02:45'),
(28, 'Decoración artesanal de tortas módulo I', '', 21, '2020-02-19 22:02:45', '2020-02-19 22:02:45'),
(29, 'Decoración artesanal de tortas módulo II', '', 21, '2020-02-19 22:02:45', '2020-02-19 22:02:45'),
(30, 'Depilación y manicuría', '', 11, '2020-02-19 22:02:45', '2020-02-19 22:02:45'),
(31, 'Elaboración de pastelería', '', 21, '2020-02-19 22:02:45', '2020-02-19 22:02:45'),
(32, 'Electricista domiciliario', '', 2, '2020-02-19 22:02:45', '2020-02-19 22:02:45'),
(33, 'Electricista en inmuebles', '', 2, '2020-02-19 22:02:45', '2020-02-19 22:02:45'),
(34, 'Instalador y soporte de sistemas de información', '', 15, '2020-02-19 22:02:45', '2020-02-19 22:02:45'),
(35, 'Introducción a la instalación y mantenimiento de sistemas en red', '', 15, '2020-02-19 22:02:45', '2020-02-19 22:02:45'),
(36, 'Corte y confección', '', 17, '2020-02-19 22:02:45', '2020-02-19 22:02:45'),
(37, 'Carpintero de banco', '', 1, '2020-02-19 22:02:45', '2020-02-19 22:02:45'),
(38, 'Herreria de obra	', '', 4, '2020-02-19 22:02:45', '2020-02-19 22:02:45'),
(39, 'Plomero reparador', '', 5, '2020-02-19 22:02:45', '2020-02-19 22:02:45'),
(40, 'Electricista instalador', '', 2, '2020-02-19 22:02:45', '2020-02-19 22:02:45'),
(41, 'Gasista instalador de 2° y 3° categoría', '', 3, '2020-02-19 22:02:45', '2020-02-19 22:02:45'),
(42, 'Mecánico instalador de sistemas compactos y divididos de aire acondicionado', '', 7, '2020-02-19 22:02:45', '2020-02-19 22:02:45'),
(43, 'Mecánico reparador de sistemas compactos y divididos de aire acondicionado', '', 7, '2020-02-19 22:02:45', '2020-02-19 22:02:45'),
(44, 'Edición de video digital (Premiere)', '', 19, '2020-02-19 22:02:45', '2020-02-19 22:02:45'),
(45, 'Elaboración de productos multimediales I (Flash)', '', 19, '2020-02-19 22:02:45', '2020-02-19 22:02:45'),
(46, 'Elaboración de productos multimediales II (After Effects - Flash)', '', 19, '2020-02-19 22:02:45', '2020-02-19 22:02:45'),
(47, 'Operador de sonido I (para cine, radio y tv)', '', 20, '2020-02-19 22:02:45', '2020-02-19 22:02:45'),
(48, 'Operador de sonido II (para cine, radio y tv)	', '', 20, '2020-02-19 22:02:45', '2020-02-19 22:02:45'),
(49, 'Edición de audio digital I (mezcla y grabación para producción musical)', '', 20, '2020-02-19 22:02:45', '2020-02-19 22:02:45'),
(50, 'Edición de audio digital II (mezcla y grabación para producción musical)', '', 20, '2020-02-19 22:02:45', '2020-02-19 22:02:45'),
(51, 'Edición de audio digital I (Audition)', '', 20, '2020-02-19 22:02:45', '2020-02-19 22:02:45'),
(52, 'Electricista industrial', '', 2, '2020-02-19 22:02:45', '2020-02-19 22:02:45'),
(53, 'Maquillaje profesional', '', 10, '2020-02-19 22:02:45', '2020-02-19 22:02:45'),
(54, 'Montador electricista domiciliario', '', 2, '2020-02-19 22:02:45', '2020-02-19 22:02:45'),
(55, 'Montaje de instalaciones domiciliarias a gas', '', 3, '2020-02-19 22:02:45', '2020-02-19 22:02:45'),
(56, 'Montaje de instalaciones eléctricas', '', 2, '2020-02-19 22:02:45', '2020-02-19 22:02:45'),
(57, 'Peluquero ambos sexos', '', 13, '2020-02-19 22:02:45', '2020-02-19 22:02:45'),
(58, 'Preparación básica de panadería', '', 21, '2020-02-19 22:02:45', '2020-02-19 22:02:45'),
(59, 'Preparación básica de pastelería', '', 21, '2020-02-19 22:02:45', '2020-02-19 22:02:45'),
(60, 'Realizador de tv on-line', '', 19, '2020-02-19 22:02:45', '2020-02-19 22:02:45'),
(61, 'Reparación de artefactos a gas e instalación de sistemas de calefacción', '', 3, '2020-02-19 22:02:45', '2020-02-19 22:02:45'),
(62, 'Carpintero maquinísta', '', 1, '2020-02-19 22:02:45', '2020-02-19 22:02:45'),
(63, 'Reparador básico de heladeras familiares', '', 8, '2020-02-19 22:02:45', '2020-02-19 22:02:45'),
(64, 'Repostero/a (Básico y Calificado)', '', 21, '2020-02-19 22:02:45', '2020-02-19 22:02:45'),
(65, 'Buffet frio/caliente', '', 21, '2020-02-19 22:02:45', '2020-02-19 22:02:45'),
(66, 'Cocina de pueblos originarios I', '', 21, '2020-02-19 22:02:45', '2020-02-19 22:02:45'),
(67, 'Cocina de pueblos originarios II', '', 21, '2020-02-19 22:02:45', '2020-02-19 22:02:45'),
(68, 'Ayudante de cocina II', '', 21, '2020-02-19 22:02:45', '2020-02-19 22:02:45'),
(69, 'Panificación II', '', 21, '2020-02-19 22:02:45', '2020-02-19 22:02:45'),
(70, 'Diseño asistido por computadora II (Autocad)', '', 14, '2020-02-19 22:02:45', '2020-02-19 22:02:45'),
(71, 'Herrería artística', '', 4, '2020-02-19 22:02:45', '2020-02-19 22:02:45'),
(72, 'Reparación de PC / Administración de redes', '', 15, '2020-02-19 22:02:45', '2020-02-19 22:02:45'),
(73, 'Diseño gráfico asistido por computadora (Corel Draw)', '', 14, '2020-02-19 22:02:45', '2020-02-19 22:02:45'),
(74, 'Diseño gráfico e ilustración digital (Illustrator)', '', 14, '2020-02-19 22:02:45', '2020-02-19 22:02:45'),
(75, 'Herramientas informáticas para autoedición (InDesign)', '', 14, '2020-02-19 22:02:45', '2020-02-19 22:02:45'),
(76, 'Taller de introducción a la comunicación visual', '', 14, '2020-02-19 22:02:45', '2020-02-19 22:02:45'),
(77, 'Diseño de página web I (Dreamweaver)', '', 14, '2020-02-19 22:02:45', '2020-02-19 22:02:45'),
(78, 'Diseño de página web II (Dreamweaver)', '', 14, '2020-02-19 22:02:45', '2020-02-19 22:02:45'),
(79, 'Realización de videos de eventos sociales', '', 19, '2020-02-19 22:02:45', '2020-02-19 22:02:45'),
(80, 'Indumentaria y elementos de crianza para el bebé', '', 17, '2020-02-19 22:02:45', '2020-02-19 22:02:45'),
(82, 'Moldería', 'Moldería', 17, '2020-12-07 06:00:00', '2020-12-07 06:00:00');

-- --------------------------------------------------------

--
-- Estructura de tabla para la tabla `users`
--

CREATE TABLE `users` (
  `id` bigint(20) UNSIGNED NOT NULL,
  `name` varchar(255) COLLATE utf8mb4_unicode_ci NOT NULL,
  `last_name` varchar(255) COLLATE utf8mb4_unicode_ci NOT NULL DEFAULT 'apellido',
  `dni` varchar(255) COLLATE utf8mb4_unicode_ci DEFAULT NULL,
  `avatar` varchar(255) COLLATE utf8mb4_unicode_ci DEFAULT NULL,
  `email` varchar(255) COLLATE utf8mb4_unicode_ci NOT NULL,
  `email_verified_at` timestamp NULL DEFAULT NULL,
  `password` varchar(255) COLLATE utf8mb4_unicode_ci NOT NULL,
  `hash` varchar(255) COLLATE utf8mb4_unicode_ci DEFAULT NULL,
  `remember_token` varchar(100) COLLATE utf8mb4_unicode_ci DEFAULT NULL,
  `created_at` timestamp NULL DEFAULT NULL,
  `updated_at` timestamp NULL DEFAULT NULL,
  `type_id` bigint(20) UNSIGNED DEFAULT NULL,
  `cfp_id` bigint(20) UNSIGNED DEFAULT NULL,
  `active` tinyint(1) NOT NULL DEFAULT '1'
) ENGINE=InnoDB DEFAULT CHARSET=utf8mb4 COLLATE=utf8mb4_unicode_ci;

--
-- Volcado de datos para la tabla `users`
--

INSERT INTO `users` (`id`, `name`, `last_name`, `dni`, `avatar`, `email`, `email_verified_at`, `password`, `hash`, `remember_token`, `created_at`, `updated_at`, `type_id`, `cfp_id`, `active`) VALUES
(30, 'Referente', 'CFP24', '25129862', '30/StnT0YCW7OZcYSDjwyoRkwF3mQ51Nax980wa9iJu.jpeg', 'referente24@cefeperes.com.ar', NULL, '$2y$10$i02ik9dNgk/JZUYUDvuyZufChQKFxg2Nw3OuX3Zyf/JJaUnQ98Bje', '34173cb38f07f89ddbebc2ac9128303f', NULL, '2020-11-11 09:40:42', '2020-12-10 05:46:29', 4, 13, 1),
(31, 'Alejandro', 'Mazzei', '17616723', '31/DXbXOsxHkUr6fFHtPUYjBmEdQB7CYc9o4onGxOkm.jpeg', 'alejandromazzei@hotmail.com', NULL, '$2y$10$r1xb1/znN57OI8ZHxMU/Tut/7y8nzSaGeRwW54u2C0V2ckR/3k5ge', 'c16a5320fa475530d9583c34fd356ef5', 'EU23jv4GZmsvcnjvyw0NQ4wKvbIwgzSLCBbK2mPn5HH2n1i3Tbjn7JNIqDXa', '2020-11-14 02:56:13', '2023-04-10 18:46:21', 1, 13, 1),
(35, 'Jimena', 'Montoya', '29208322', '35/rejwMykJ1xkdHSUPaHqKjiwyESLQ6rXiPsJLqKF3.jpeg', 'portaldeservicioscfp@gmail.com', NULL, '$2y$10$iID19RXcdst2qap01su5/uSxNjp1MMvwtqApqeT7YvCiDcX.hZimO', '1c383cd30b7c298ab50293adfecb7b18', NULL, '2020-11-17 19:31:39', '2020-11-21 05:20:25', 4, 13, 1),
(37, 'Bárbara', 'Grabe', '33103215', '37/kSdjsJUWfMRy7vCZwGcqtEbeJ8yimJ5EfdcUN236.jpeg', 'barbara.grabe@bue.edu.ar', NULL, '$2y$10$c0pk8g4GuS2TwizrnxUgO.ZDpw6m5coPeMMwgJluzkc.btFdtk9lG', 'a5bfc9e07964f8dddeb95fc584cd965d', NULL, '2020-11-17 20:17:41', '2020-11-21 05:20:25', 4, 10, 1),
(38, 'Juan Carlos Francisco', 'Scocozza', '11385444', '38/NikjlEX1GEHzvBVLOzDKhmByCuiU2N8qIWjR3s7p.jpeg', 'juanca_scocozza@hotmail.com', NULL, '$2y$10$dQgXYlgmn9b14sWX2xAV...UCHyqIGg4/OjjMyVPP5HkN8zxDNtxi', 'a5771bce93e200c36f7cd9dfd0e5deaa', NULL, '2020-11-18 01:43:33', '2023-02-23 01:13:38', 1, 13, 1),
(39, 'Administrador', 'General', '00000000', '39/C2sSDuQomFmRDHZZE29sjFKAU0GmHPHGUUdUBm6j.png', 'admin@cfp24.com.ar', NULL, '$2y$10$1cZjvmFUdwk5TM9U4mFAcuGXBE87QW0BNUNeISESyit4jW0RdlAiq', 'd67d8ab4f4c10bf22aa353e27879133c', 'YKXsr3ARZnuQC86LPlq6A7Y1XatkbQJuDt0c7MsE8NBWfNXkkGkjqDhGEl1f', '2020-11-18 02:57:23', '2020-11-21 05:20:25', 5, 13, 1),
(40, 'Jorge Eduardo', 'Amorós', '20838539', '40/LpcSBk6ntJYiZFNtS7dXa3vyq6tZqmCn3tLdQBZq.jpeg', 'maximochuster@yahoo.com.ar', NULL, '$2y$10$YKiebrrv4JqeiwZr9rq39OhNSIVX0h0nT7KAGqr/SAVF2GmChnxRe', 'd645920e395fedad7bbbed0eca3fe2e0', NULL, '2020-11-19 21:38:36', '2020-11-21 05:20:25', 1, 10, 1),
(41, 'Gustavo', 'Barcia', '20994062', '41/oLsIhfcaZ4PaDDFi2aLipXpFTTIcM49XrGcBVHPV.jpeg', 'gus_fx@hotmail.com', NULL, '$2y$10$sI80T6r46SZVqlxZN6EKpe5PEMyJc.KJfth5BwsLNiXQzNxWhnfk2', '3416a75f4cea9109507cacd8e2f2aefc', NULL, '2020-11-19 21:55:27', '2020-11-21 05:20:25', 1, 10, 1),
(42, 'Roberto', 'Baudi', '13807748', '42/TDjQnueigKaY7hx2c1tnoZYu3NuEfblUxLb4TwE9.jpeg', 'robertoalejandrocesar@hotmail.com', NULL, '$2y$10$xwrA/758gJUxY.nOKEk8nuhOPnL108RFroAqeTsApotEwLT5dBflm', 'a1d0c6e83f027327d8461063f4ac58a6', NULL, '2020-11-19 22:01:23', '2020-11-21 05:20:25', 1, 10, 1),
(43, 'Walter', 'Fernandez Laura', '38455838', '43/SgRjDYAWBr7lVD4041VeUZJhMhhSgOclLTgHhiRg.jpeg', 'leopaldo_888@hotmail.es', NULL, '$2y$10$wYxewW4gSfOMD7vpiH/MIO67QF/U0ra3euSfh3Ovor/nfADqvHloi', '17e62166fc8586dfa4d1bc0e1742c08b', 'VBEAXUE52ctMTd0CS9P8irML1rKDpW4zjQFnbxaeyqjGhTXTmnZ2dQW7i7xX', '2020-11-19 22:08:51', '2021-02-03 03:27:38', 1, 10, 1),
(44, 'Delia Alejandra', 'Godoy', '22434789', '44/pRDhIzzcWOa6g4fQE2W23bgjGuBugCKv2qBN3hVn.jpeg', 'delia21godoy@hotmail.com', NULL, '$2y$10$BoY8WQRxNFZsRnTV0RwTk.b2L5f2KsZKPPvs/FWQcK64dVYCUdh5e', 'f7177163c833dff4b38fc8d2872f1ec6', NULL, '2020-11-19 22:15:07', '2020-12-22 22:26:09', 1, 10, 1),
(46, 'Alejandro Marcos', 'Zaigier', '14467071', '46/Vb5cNsA6f0CTlGkVnZqzsvGFTqqkv2gx7vjQUAwX.jpeg', 'marcoszaigier45@gmail.com', NULL, '$2y$10$BgKq8wZbG90cDsFw7AFFmujM.iWzL8dXP/Ld0YutVEd25GoCT0/N2', 'd9d4f495e875a2e075a1a4a6e1b9770f', NULL, '2020-11-24 19:08:58', '2020-11-28 01:09:55', 1, 13, 1),
(47, 'EDUARDO', 'MOREYRA', '12975841', '47/khO4fUGqMMSjKgJva0s0Snnpq4qZwJZ2sA8IMGSd.jpeg', 'eduardomoreyra@yahoo.com.ar', NULL, '$2y$10$G1Wfs9A7RxCpsyUJy0EgmeUmv1SIhJ9mkNnQWog/hKhii68sOhmGO', '67c6a1e7ce56d3d6fa748ab6d9af3fd7', NULL, '2020-11-24 19:13:35', '2020-11-24 19:13:35', 1, 11, 1),
(48, 'DIEGO', 'MOSCHINI', '25420438', '48/He2FdAdwDiQ5cymqT1jSXCV1CR240UJ2Km0lizr2.jpeg', 'tokiadan@gmail.com', NULL, '$2y$10$nw0x6TVrP43GCWfQpprBousQkkicwSQcz3F/9wjClqORJSldu7t1O', '642e92efb79421734881b53e1e1b18b6', NULL, '2020-11-24 19:25:12', '2020-12-05 06:32:27', 1, 11, 1),
(49, 'GABRIELA', 'VARELA', '18088816', '49/XBDbfcEnRIfA5kMQSMWhxYg2iGZxN62fAZoyVimi.jpeg', 'varela_g@live.com.ar', NULL, '$2y$10$zq1w8pa8wPGJSb9KyPNdcu7qHx7sLvzvzUABWBNN3mc4RSITbPEOi', 'f457c545a9ded88f18ecee47145a72c0', 'QyQSsyY2R5u14MM7caJjPXHL19Gp6ZDzc83xXiENtI5ICgUt4uOC1JEzKQZA', '2020-11-24 20:11:51', '2020-11-24 20:11:51', 1, 11, 1),
(50, 'TIBISAY', 'JAIMES', '95728779', '50/ucFLpHxGFGOG0IcFLAEqiE8cv3YR8pQ10IjPvKH0.jpeg', 'tibisayjs@gmail.com', NULL, '$2y$10$F3abj3JeMoQta8/uLyTGHegcoEPWXO621yRJIfP9g/xQrMVF8ujlO', 'c0c7c76d30bd3dcaefc96f40275bdc0a', NULL, '2020-11-24 20:17:19', '2020-11-24 20:17:20', 1, 11, 1),
(51, 'MARIA SOL', 'LUENGO', '31010830', '51/BJ1TJ4ldqHnRT1SwwFhHBG1R6boqEXhV7DCn4fT0.png', 'LUENGOSOL@YAHOO.COM.AR', NULL, '$2y$10$5sbOTe1kdrLuWM6dzijt3Od3RajBlRZeON8WCkM6T.uVpcp.y2oSW', '2838023a778dfaecdc212708f721b788', NULL, '2020-11-24 20:35:49', '2020-11-24 20:35:49', 4, 11, 1),
(52, 'Romina Daniela', 'Cafferata', '33210562', '52/4YnRd7ISvPQDHHC3VG8Z3zzEkOX2bk8Sz8NX5xRm.jpeg', 'romina.cafferat@gmail.com', NULL, '$2y$10$6o9jmbvRUIyaEqz7y9LFeObgoQXoRzoYMhtL4Aom7C84zZMGJmo9e', '9a1158154dfa42caddbd0694a4e9bdc8', NULL, '2020-11-27 02:07:09', '2020-11-27 02:11:52', 1, 12, 1),
(53, 'Nicolás', 'Donato', '361648375', '53/C6uNTxLXRK7exvjfug8eygdLLvvH3M8hlUOfqBaG.png', 'cfp4_de20@bue.edu.ar', NULL, '$2y$10$nmblMZO4/75jeHR/cKud5e6qR//nyAiygpQb3.SG8OMOdgNJHqxDK', 'd82c8d1619ad8176d665453cfb2e55f0', NULL, '2020-11-27 03:09:29', '2020-11-27 03:09:29', 4, 9, 1),
(54, 'Alex', 'Gallegos', '94452755', '54/QxwZru9z3pl9rXYy7ULtXynPI3ocVEc7DF4wY1zi.jpeg', 'alexega1981@gmail.com', NULL, '$2y$10$biO8IzyFu3aHfJyvRKN9/ews370Q/PPXsqA7LB5armaJNWAJlcRaa', 'a684eceee76fc522773286a895bc8436', 'CXVlYcHMRQzrtjup9GCXYfDXtFivVxgC3Zh2nfUOO8ZnGarz5OFcP47UGbmf', '2020-11-28 00:31:34', '2020-12-22 18:02:17', 1, 13, 1),
(56, 'EZEQUIEL', 'BORDON', '42644608', '56/2Xq4LktrU3wsFS2hxN13NkVR1KfzibsKtQjVRzgr.jpeg', 'ezequielbordon21@gmail.com', NULL, '$2y$10$3WFmPU7Cf/.zs2rkKA0G4O4w4pXHqrKSdqCssh5axRXpvaRp7q.N6', '9f61408e3afb633e50cdf1b20de6f466', 'ncTJkLYu9FkRbog54vto5UaYcLODwWiKhlH6WGz2rasI3YE6AEnxyfpoE1UB', '2020-11-30 18:09:53', '2020-11-30 18:09:53', 1, 13, 1),
(57, 'ELIZABETH GIOVANNA', 'SANCHEZ ATAPAUCAR', '38992355', '57/1iS1RjCTqgI5rGXiqO3SiFUYI5yDhJbyDzTdQGlf.jpeg', 'elizabethsanchez200412@gmail.com', NULL, '$2y$10$o2wgb8U7niDwVVtRdhxl6OFBox7FQZWRCqwW/LDoQvZ5cYT0PPlx2', '72b32a1f754ba1c09b3695e0cb6cde7f', 'RO9wn4NLgkgR2Et5dufTSXMD8VRbikdjXGRLXP5kKXQt08n7gxexdHFNtACv', '2020-11-30 18:18:29', '2022-07-01 01:38:14', 1, 13, 1),
(58, 'Eva', 'González', '26181845', '58/OZ4C8bBztGUrhIZzZvP6b2AMnTcTTPxOT3PLDmw7.jpeg', 'egcor@hotmail.com', NULL, '$2y$10$nzI7KwTrbBmcFQfvE.p1ZuywwZsDrexQdtVdiqSmerObG.q7Q/oQG', '66f041e16a60928b05a7e228a89c3799', NULL, '2020-11-30 18:38:58', '2020-11-30 18:38:58', 4, 13, 1),
(59, 'Marina', 'leza', '32439151', '59/bTgoOpvLMf6gfpXFhzqqVloChk6xv3t1pFy7I2u8.jpeg', 'marina.leza86@gmail.com', NULL, '$2y$10$GiExlyrh1xi5k3kuKx5XMOoJDClrrvc0QZzo2.X7X6acNKP37yQ4y', '093f65e080a295f8076b1c5722a46aa2', NULL, '2020-11-30 23:24:22', '2020-11-30 23:24:22', 1, 13, 1),
(60, 'Laura', 'Prieto', '22383653', '60/1rDSi3HTA9AVLQgiDVvkMUQhpgpoDXndey0BfY4y.jpeg', 'nobren@yahoo.com.ar', NULL, '$2y$10$PHoSGbTvrX0csRU7O1rTsOECyHKLDR.OkSciUqqzmiHq0tnu.489G', '072b030ba126b2f4b2374f342be9ed44', NULL, '2020-11-30 23:58:04', '2020-11-30 23:58:04', 1, 13, 1),
(61, 'Amarilis', 'Chavez', '94402096', '61/PHqlQiD9wVtD9EudfMV7rvocAh0qVjz3iaNDwBPH.jpeg', 'amaricha54@gmail.com', NULL, '$2y$10$gF6taTHjL5HN3qGUdhAKKe4X0sjJmnqOOucAgkBROGl.yG8/P2Dmu', '7f39f8317fbdb1988ef4c628eba02591', NULL, '2020-12-01 00:09:55', '2020-12-01 00:09:55', 1, 13, 1),
(62, 'Paty Cristina', 'Tudela León', '95076345', '62/vMdcfH9mI8g5ZM3UuMP9pgdpuTHRNXopvFJuiYKX.jpeg', 'mica_xikita@hotmail.com', NULL, '$2y$10$0nW0Olj8WmFpInzmBTraR.RBlpF9gR1mGi2scwiThoACf6cg0jGy2', '44f683a84163b3523afe57c2e008bc8c', NULL, '2020-12-01 00:57:42', '2020-12-01 00:57:42', 1, 12, 1),
(63, 'Andrea Sonia', 'Benítez Ruiz Díaz', '5191108', '63/vP9iYIDoIA0Jj51R0mlBJOLXgCLO1qNRBgKvraNj.jpeg', 'andrearuizdias85@gmail.com', NULL, '$2y$10$/ERdQQ7DEhVBzh5sa7Ryve4ivVBWNqutce/wd/68i01DSjfU2si6C', '03afdbd66e7929b125f8597834fa83a4', NULL, '2020-12-01 01:07:54', '2020-12-01 01:07:54', 1, 12, 1),
(64, 'Mirna Luisa', 'Leiva', '28905306', '64/QAS5yKa9R0MubAkzuvAIZyFQp7ZF5KiET3HT0YEv.jpeg', 'lmirnaluisa@gmail.com', NULL, '$2y$10$fqu1mDZjMLmbfR6h7j74Fe9j/Bnv6TzNQvp34.BZpz.NhYTRxuSby', 'ea5d2f1c4608232e07d3aa3d998e5135', NULL, '2020-12-01 01:14:16', '2020-12-01 01:14:16', 1, 12, 1),
(65, 'Urbana', 'Huallpa', '94009039', '65/pVFsYGnsVBPF1jRew2FbQwT2mBccG1vI6TMZJkUF.jpeg', 'urbanahuallpa7@gmail.com', NULL, '$2y$10$/bVhh7VnPuOGtN.pjDKpRen9A7PiPOFILxiCXRDFX1phaTFpinlvq', 'fc490ca45c00b1249bbe3554a4fdf6fb', NULL, '2020-12-01 01:20:21', '2020-12-01 01:20:21', 1, 12, 1),
(66, 'Luis Alberto', 'Quintero', '13624471', '66/J8eTAUwp7IA2c7mqup0LIlXbfk85K1Gn58LbWGr0.jpeg', 'cfp9_de5@bue.edu.ar', NULL, '$2y$10$1T1ypWfgTS4NwGjOZbItvemULBWUwlfHm4w/bCBaxJCJmKGy1eCWy', '3295c76acbf4caaed33c36b1b5fc2cb1', NULL, '2020-12-01 17:58:16', '2020-12-01 17:58:16', 4, 12, 1),
(68, 'Claudia', 'Lange', '25430166', '68/RMlVAoyhOPF14mlrJtPBBfNz1kWkeD38kvPeSbpA.jpeg', 'clotisclo@hotmail.com', NULL, '$2y$10$ihfzuhhLsn.V82HmMb5bx.3cuSDGtdt4uCFI9m/TYDZb586Vy7DMq', 'a3f390d88e4c41f2747bfa2f1b5f87db', NULL, '2020-12-02 00:11:45', '2020-12-02 00:11:45', 1, 13, 1),
(69, 'Aldo', 'Benitez', '95489347', '69/Yqahj6m3j1NLocI6qR8lzblhtrx6vvdF77agiD0K.jpeg', 'aldodavidbenitez1990@gmail.com', NULL, '$2y$10$VZidb46bXEzh9AkgvpfikuFtQtGSFvmgNvNIaEotXh4VHF6JRJilW', '14bfa6bb14875e45bba028a21ed38046', NULL, '2020-12-02 00:18:00', '2020-12-08 03:58:02', 1, 13, 1),
(70, 'Fernando', 'Lituab', '32187789', '70/GiNdMV8qD0S8kXfB7jIDGHVwCt9U5N6vdnrjJxBW.jpeg', 'fernandolituab@hotmail.com', NULL, '$2y$10$kiO5kinMNYPxsDzqVRqDMuh2CyzKmvC0TnJlfx0I4wrGbSeL9ezZu', '7cbbc409ec990f19c78c75bd1e06f215', 'ZvlyIFZfcaknqIbv1zrS1mqzxTfd4HRzKRpTQdMy8Z20HSyMKAAxjbYMj94a', '2020-12-02 00:23:02', '2020-12-02 00:23:02', 1, 13, 1),
(71, 'Nicolas', 'Apaza', '35237459', '71/bjd0HHGYJbM4VU7M13e39tLUdw32UY0374DptYOk.jpeg', 'nicoapaza739@gmail.com', NULL, '$2y$10$D8gd6S.TJH.zycAQLETkh.uGCDIh5q4gnjOpbB0i6mkyxffOp7LCK', 'e2c420d928d4bf8ce0ff2ec19b371514', NULL, '2020-12-02 00:29:11', '2020-12-02 00:29:11', 1, 13, 1),
(72, 'Eduardo', 'Yasnikowski', '25668963', '72/y7H32LiOOxI6kU3qGtRRW3kdls1n5qpYw351tHz4.jpeg', 'eduardoyasnikowski@gmail.com', NULL, '$2y$10$sDn3WKWJiXQRIXpQLhnzvOJhffLHbxZNrIXGQk0gj9bdYNQj4wisK', '32bb90e8976aab5298d5da10fe66f21d', NULL, '2020-12-02 00:37:02', '2020-12-02 00:37:02', 1, 13, 1),
(73, 'Gonzalo', 'Rodriguez', '24204528', '73/6EwSSfjOIKqU6ELxR1b7GB0vmV7fRkDVGYs6F66p.jpeg', 'gonzalo_far@yahoo.com.ar', NULL, '$2y$10$loKvDgcPglWjk6.8nUDrv.ZPH9t.61QU3qCMH/0B6Oi1PN/fQusP6', 'd2ddea18f00665ce8623e36bd4e3c7c5', NULL, '2020-12-02 02:51:38', '2020-12-02 02:51:38', 1, 13, 1),
(74, 'Enrique', 'Roux', '23780924', '74/awusLLwjmyfJuBqISDyIgTJ0ox3yVJaBAFQdZaiD.jpeg', '3m.trebol@gmail.com', NULL, '$2y$10$77/LDtsDHBD/pa2Xb/uf5eD.dEZDntmmrNBRgZqBot5.u/NBT4DVm', 'ad61ab143223efbc24c7d2583be69251', NULL, '2020-12-02 05:37:28', '2020-12-02 05:37:28', 1, 13, 1),
(75, 'Alexa', 'Gonazlez', '21469600', '75/82KeOZAoESTYpxqCyMVEB2eQkfgbxEC601uK8kFn.jpeg', 'alexac2801@gmail.com', NULL, '$2y$10$Rgw.QEkzqeWNqSbw8TQfYOjundj3yNAA.fYURTm4FcQZYel9bulIW', 'd09bf41544a3365a46c9077ebb5e35c3', 'afhRyD8OOURFV4bNdwtv7Xl281mEyVPWvWi7ZPtr83nWZsRJCfCEhAGkTUhG', '2020-12-02 23:58:59', '2021-12-10 02:02:08', 1, 10, 1),
(76, 'Martín', 'Gutierrez', '12332175', '76/wXpbgKb4UyhGgBwfVkdAGw8ANJIRK4iNCFbDt6wC.jpeg', 'martinguti1158@gmail.com', NULL, '$2y$10$6ZVGhCrkKO0fUh4wFIlin.CuycoqJao1RHuyWePugyB86jkxijBVG', 'fbd7939d674997cdb4692d34de8633c4', NULL, '2020-12-03 00:11:15', '2020-12-03 00:11:15', 1, 10, 1),
(77, 'Santiago Luis', 'Larralde', '21883497', '77/ZTxNUGian2MsqxQgOMCK8CI4F8Cg1Gz3CT1cO8uN.jpeg', 'santiagoluislar@gmail.com', NULL, '$2y$10$tkwGcigJUCyzUeKQz8TgaucQ72aC6fWR39XIMwWx8gA.ULymzCL8.', '28dd2c7955ce926456240b2ff0100bde', NULL, '2020-12-03 00:16:57', '2020-12-03 00:16:57', 1, 10, 1),
(79, 'Juan Gerardo', 'Obesto Virmes', '39271353', '79/lIFPIGNBtnFoODBKnOs3memjlNbWehD2pAVxjTt6.jpeg', 'juangerardo09@gmail.com', NULL, '$2y$10$3KrCaPyVRHnUjnLeLoHplOAtzh3mxLlRyKFe65b.2M0rM6nl2352G', 'd1fe173d08e959397adf34b1d77e88d7', NULL, '2020-12-03 00:29:52', '2020-12-03 00:29:52', 1, 10, 1),
(80, 'Matías Demian', 'Pelaez', '32064372', '80/eu6qdPLREuyX5UpGqgLfnB8NhNrOEuzymqNhEkcU.jpeg', 'mdp_correopersonal@hotmail.com', NULL, '$2y$10$0TOdz5RTOzZmd6MbqcBRxu9t/ow4ScPUjEdDkuO4bHkQmUYt/6QgS', 'f033ab37c30201f73f142449d037028d', NULL, '2020-12-03 00:42:42', '2020-12-03 00:42:43', 1, 10, 1),
(81, 'Pablo Fernando', 'Ramirez', '18118081', '81/6qJxQDdbIfcfVID3U2r8GXBX6h6iqbIZGtXbzOdk.jpeg', 'mangoya2005@yahoo.com.ar', NULL, '$2y$10$q2SgJKpeggHSQQV.4ifIkO22Yez1A8wMOBHZGjlVv7FODlhboaapu', '43ec517d68b6edd3015b3edc9a11367b', '5JqLILXmzGjRqscpGsqu44xuETdtgudSayMT4G72n9UUYgSN68UAabmICjWs', '2020-12-03 01:46:10', '2021-12-25 02:28:32', 1, 10, 1),
(82, 'Pablo', 'Salha', '17902682', '/img/team/perfil_default.jpg', 'pablosalha@hotmail.com', NULL, '$2y$10$Sn3bsVm66c6cAsjOAW.sNeA9GuttTfn0NrvrS0BdpzVNn7XvEhPA2', '9778d5d219c5080b9a6a17bef029331c', 'zD7PhXlkFmXO2Wkc7rzykxi2Uk60Kr3HaoFefJgFdVqMJ23pLdzu8sHb4m7B', '2020-12-03 01:50:29', '2021-08-06 01:13:15', 1, 10, 1),
(83, 'Laura Viviana', 'Santiago', '21872134', '83/lWHKkVt6KQ5G3OFPMXhIbGUKQfh3iduZ9WDeimVc.jpeg', 'dulcedespertar70@gmail.com', NULL, '$2y$10$dHGJ77Qhe6ucVZPc39cS4ud3FI8GQGEPemfX8TxCSzYi51JVgY1IC', 'fe9fc289c3ff0af142b6d3bead98a923', NULL, '2020-12-03 02:44:32', '2020-12-22 22:28:06', 1, 10, 1),
(84, 'Juan Carlos', 'Vargas', '92166289', '84/dtRKTRLWY485tIP75RE3csu9pJAAjIEmPhf1B0uE.jpeg', 'vargasjuancarlos@hotmail.com', NULL, '$2y$10$0Rq455RhuvEsOGU12LVvxu/.9u/IR0SFLEDn5L3.RS1C7lJxWyuny', '68d30a9594728bc39aa24be94b319d21', NULL, '2020-12-03 03:00:05', '2020-12-03 03:00:06', 1, 10, 1),
(85, 'Bárbara Jesica', 'Zlatkowicz', '26542533', '85/3E8LMpomX5x1UhRPQMoJmU70ZGe1WkDhJT682Q0n.jpeg', 'barbara1110@gmail.com', NULL, '$2y$10$EJJDOl0/FkzwqXXSRl.lA.w1SzcEWiJzrFCuy2o.LcN4xtADHPJua', '3ef815416f775098fe977004015c6193', '4B1I3HzE3Zb2kjM7lmkDhbDZYEJSUHbuhUkKfKUVznEo3uxkowEcSoZOjkaQ', '2020-12-03 03:04:23', '2020-12-03 03:04:23', 1, 10, 1),
(86, 'Carlos Balvin', 'Ramirez', '93995184', '86/cjNKhGCvDFNOhu7I1ypgrS9sjKIjRGrpGlsY0Y27.jpeg', 'balvinrc@gmail.com', NULL, '$2y$10$ZRMvDvsXT7xLuhMwm8utb.kP/7zGoVMMagG58n9FHOWQr6/BiCCv.', '93db85ed909c13838ff95ccfa94cebd9', NULL, '2020-12-03 03:24:56', '2020-12-03 03:24:56', 1, 13, 1),
(87, 'Patricia Alejandra', 'Varela', '17616480', '87/cjr6MGAUzDC5ScA6jGdgNTnULPHNY38f0jkL3E8L.jpeg', 'patriva07@gmail.com', NULL, '$2y$10$uiwbhta2xSEXs.zN2vKdb.zlubK47PsA.ae81T77tjrG/0HMgi0LG', 'c7e1249ffc03eb9ded908c236bd1996d', NULL, '2020-12-03 03:30:49', '2020-12-22 18:07:18', 1, 13, 1),
(88, 'María Eugenia', 'Perez', '29530713', '88/DqDMPzZhATU0j5Kg9BkLpZc8a9qDjQzlwJ770P7s.jpeg', 'esteticadelvalle2019@gmail.com', NULL, '$2y$10$oERE7Y/Fpr9faKwpdCb/hurSrgHgIDnLUQ/1P6W4EwrCxo7ETAvk6', '2a38a4a9316c49e5a833517c45d31070', NULL, '2020-12-03 03:36:31', '2020-12-22 22:29:32', 1, 13, 1),
(89, 'Viviana Verónica', 'Zichert', '21671604', '89/0dnvQanG7C6GLO5VbSycVIEY6CWaup7zyqiC57EO.jpeg', 'vvzichert@gmail.com', NULL, '$2y$10$1pKWMbh5x61U71QtsGaltuSeNuLyxeW7xOM.4iuLskjhDFeWgxTHe', '7647966b7343c29048673252e490f736', 'On3DhtHFSb4zkXV4N2lgzmOM2QPBL7cpCCKEYq1NlEL9cv0hXk1k50ouYUJe', '2020-12-03 03:51:16', '2022-06-28 02:03:10', 1, 13, 1),
(90, 'Graciela', 'Sequeria', '23658780', '90/VMAa8iOomVfEYdzPN2uuQ9mTafspHrSgseqL4Tdt.jpeg', 'esteticcas@gmail.com', NULL, '$2y$10$sH4QKM2x0dwbeASXSrOpOe9h.XFRrmr4GbvbhN7QqFE4P0b9DuapG', '8613985ec49eb8f757ae6439e879bb2a', 'XNTg1UXxjpCGXaSNdYrVSTZxscZOmonSDGhYX62vPhrvIehrwmd2diQ63wJj', '2020-12-03 03:56:14', '2023-01-30 22:13:02', 1, 13, 1),
(91, 'Gonzalo', 'Ortigoza', '38255046', '91/W5R4RUNzFFnZpvvirqxG13XqO4quYFAm942hh3TA.jpeg', 'gonzaloortigoza@outlook.com', NULL, '$2y$10$0ZL4JTElQxpxI7O0KQirouD3vtlvxFLE2gEzhipTvTC5B0ChRAyBm', '54229abfcfa5649e7003b83dd4755294', NULL, '2020-12-04 01:09:25', '2020-12-04 04:09:19', 1, 12, 1),
(92, 'Darío', 'Cruz', '92877769', '92/byluu1IkwnMaeDpXQQQOIRhSSZCFFbCPtA9YZJdr.jpeg', 'dario13cruz@gmail.com', NULL, '$2y$10$XgWae.p1PZIg4jCi.fxft.MP9x3vYmtSCaTHGPefsEED9cfx.1r/O', '92cc227532d17e56e07902b254dfad10', NULL, '2020-12-04 01:25:01', '2020-12-04 01:25:01', 1, 12, 1),
(93, 'Diego', 'Bolañez', '28917671', '93/Vr9IxuWbBeJNbo5YZGdXdLNLQUK42JWU8xHXQ7ET.jpeg', 'petaco02@hotmail.com', NULL, '$2y$10$z.vDr5ShXXusEhOc4jlQe..42ZHQvDUQOj/1ZWvmKmmCtXuAMiTL2', '98dce83da57b0395e163467c9dae521b', NULL, '2020-12-04 03:02:52', '2020-12-04 03:02:52', 1, 13, 1),
(94, 'Jazmin', 'Santiere', '38613406', '94/TNhiA3De9LC8ReXD3kpiEbrppbhHE7HqMUWizIy6.jpeg', 'rizoma.cm@gmail.com', NULL, '$2y$10$B0ZJXEmlgMLR.JidNF9C2uAWcagMcl/.Sr3N.KGpmYa0eVmrSoZo.', 'f4b9ec30ad9f68f89b29639786cb62ef', 'OTz1ls5dqeDxqJRMjZgaKOeZNEtut4wbrc9oPpXXwvcajokCb4AOssrXZ5z7', '2020-12-04 03:11:04', '2022-05-17 20:45:06', 1, 13, 1),
(95, 'Matías', 'Renda', '42247735', '95/ZbBFn63jVdUCZf6gkj0RUoWGgiUjCcAWKVFbz5gz.jpeg', 'tute.masci@gmail.com', NULL, '$2y$10$vR2aUv7Evo4LA0V5dpt6ne9la5RKRYis5Ix8MMjJFM3nK22RcNrVC', '812b4ba287f5ee0bc9d43bbf5bbe87fb', 'NAH1CBDU6aqlBomOMQXKqYsqQudc4x5ABGWDdXskSWT6BR9PhlX5Y8IQZUlo', '2020-12-05 10:08:03', '2021-07-15 07:23:53', 1, 10, 1),
(97, 'Jimena', 'Montoya', '29208322', '97/XL9siRJluL8niUirPzzc00ZHkuyEF2fugLhW9cmr.jpeg', 'jimenamontoyac@gmail.com', NULL, '$2y$10$U3JqbzwGsmKwk5vq3FPb2uszrjd8CHaBBnO.UyAHujPSO25./SMoe', 'e2ef524fbf3d9fe611d5a8e90fefdc9c', NULL, '2020-12-10 18:48:09', '2020-12-10 18:48:09', 1, 13, 1),
(99, 'Magaly', 'Carlos', '18828646', '99/p3xJp5TfAA1hWwlv62wz6nxLEOq1c81SZaNLb0Dr.jpeg', 'magycarlos@hotmail.com.ar', NULL, '$2y$10$qy2vSJm1CKjnck8LYttm/umnQ85SrBa0jnhNge0cp/8iEPu6yAk/q', 'ac627ab1ccbdb62ec96e702f07f6425b', NULL, '2022-02-23 04:16:11', '2022-02-23 04:16:11', 1, 12, 1),
(100, 'Prueba2', 'Profesional', '22555666', '100/Zl5oFHKsVpfVwisIHBx74QYUiDANBpirPMMBPwhq.jpeg', 'prof_nuevo@mail.com', NULL, '$2y$10$7gcfFdPfkfUMGCwCW6ynG.PkL.wwZtWVbWQtbz1bCmgMoXAbyytWO', 'f899139df5e1059396431415e770c6dd', NULL, '2023-02-01 22:53:51', '2023-02-01 22:53:51', 1, 13, 1),
(101, 'Preuba3', 'Profesional', '23123456', '101/HNMQIjVkU7WBDCduWg2ETCPsd5sxKMKCLBjrbtNY.jpeg', 'prueba3@mail.com', NULL, '$2y$10$QZegzH60rKMqJQdHTWwhqu93lFQrnxNcepMUkzPxtOLFLUoR5Ekq.', '38b3eff8baf56627478ec76a704e9b52', NULL, '2023-02-23 00:49:45', '2023-02-23 00:49:45', 1, 13, 1),
(102, 'Prueba5', 'Profesional', '22123456', '102/bJJc2xHCXwneSCVflNn8AFMnOAN0RSz2hjcWUzPw.jpg', 'prueba5@mail.com', NULL, '$2y$10$1Q6/T/pv5eF1Jv8mRpX78.P7D97tJMF7SsEx0omrdMfm2I/vXMTS.', 'ec8956637a99787bd197eacd77acce5e', NULL, '2023-02-23 01:18:32', '2023-03-27 17:55:25', 1, 13, 1),
(103, 'Paco', 'Prueba6', '22999888', '103/RzDJTJ58drTx0zfLJRorUtH766gwa9fbX98Ek6xI.jpeg', 'prueba6@mail.com', NULL, '$2y$10$uQR7ebY417oH6tytAaJOyuIWrYSvxAOohELIswtyeeh9tzc27rDui', '6974ce5ac660610b44d9b9fed0ff9548', NULL, '2023-03-03 19:23:22', '2023-03-03 19:23:22', 1, 13, 1);

-- --------------------------------------------------------

--
-- Estructura de tabla para la tabla `user_cfp`
--

CREATE TABLE `user_cfp` (
  `id` bigint(20) UNSIGNED NOT NULL,
  `name` varchar(200) COLLATE utf8mb4_unicode_ci NOT NULL,
  `email` varchar(400) COLLATE utf8mb4_unicode_ci NOT NULL,
  `active` tinyint(1) NOT NULL DEFAULT '1',
  `created_at` timestamp NULL DEFAULT NULL,
  `updated_at` timestamp NULL DEFAULT NULL
) ENGINE=InnoDB DEFAULT CHARSET=utf8mb4 COLLATE=utf8mb4_unicode_ci;

--
-- Volcado de datos para la tabla `user_cfp`
--

INSERT INTO `user_cfp` (`id`, `name`, `email`, `active`, `created_at`, `updated_at`) VALUES
(8, 'CFP N°01', 'cefeperes01@cefeperes.com.ar', 1, '2019-09-14 02:19:03', '2019-09-14 02:19:03'),
(9, 'CFP N°04', 'cfp4_de20@bue.edu.ar', 1, '2019-09-14 02:19:03', '2019-09-14 02:19:03'),
(10, 'CFP N°06', 'barbara.grabe@bue.edu.ar', 1, '2019-09-14 02:19:03', '2019-09-14 02:19:03'),
(11, 'CFP N°07', 'luengosol@yahoo.com.ar', 1, '2019-09-14 02:19:03', '2019-09-14 02:19:03'),
(12, 'CFP N°09', 'cfp9_de5@bue.edu.ar', 1, '2019-09-14 02:19:03', '2019-09-14 02:19:03'),
(13, 'CFP N°24', 'referente24@cefeperes.com.ar', 1, '2019-09-14 02:19:03', '2019-09-14 02:19:03'),
(14, 'CFP N°36', 'cefeperes36@cefeperes.com.ar', 1, '2019-09-14 02:19:03', '2019-09-14 02:19:03'),
(15, 'No corresponde', 'no-relay@mail.com\'', 0, '2019-10-02 09:00:00', '2019-10-02 09:00:00');

-- --------------------------------------------------------

--
-- Estructura de tabla para la tabla `user_profile`
--

CREATE TABLE `user_profile` (
  `id` bigint(20) UNSIGNED NOT NULL,
  `user_id` bigint(20) UNSIGNED NOT NULL,
  `mobile` varchar(100) COLLATE utf8mb4_unicode_ci NOT NULL,
  `phone` varchar(100) COLLATE utf8mb4_unicode_ci DEFAULT NULL,
  `twitter` varchar(100) COLLATE utf8mb4_unicode_ci DEFAULT NULL,
  `facebook` varchar(100) COLLATE utf8mb4_unicode_ci DEFAULT NULL,
  `instagram` varchar(100) COLLATE utf8mb4_unicode_ci DEFAULT NULL,
  `linkedin` varchar(100) COLLATE utf8mb4_unicode_ci DEFAULT NULL,
  `created_at` timestamp NULL DEFAULT NULL,
  `updated_at` timestamp NULL DEFAULT NULL
) ENGINE=InnoDB DEFAULT CHARSET=utf8mb4 COLLATE=utf8mb4_unicode_ci;

--
-- Volcado de datos para la tabla `user_profile`
--

INSERT INTO `user_profile` (`id`, `user_id`, `mobile`, `phone`, `twitter`, `facebook`, `instagram`, `linkedin`, `created_at`, `updated_at`) VALUES
(22, 31, '1154149634', '43617299', 'no_twtter', 'no_faccebook', NULL, NULL, '2020-11-14 02:57:50', '2023-02-25 00:17:57'),
(26, 38, '1144464660', '46337418', NULL, NULL, NULL, NULL, '2020-11-18 01:45:35', '2023-02-23 02:51:32'),
(27, 40, '1132178654', NULL, NULL, NULL, NULL, NULL, '2020-11-19 21:40:00', '2020-11-19 21:40:00'),
(28, 41, '1168460841', NULL, NULL, NULL, NULL, NULL, '2020-11-19 21:56:00', '2020-11-19 21:56:00'),
(29, 42, '1144262082', '49119662', NULL, NULL, NULL, NULL, '2020-11-19 22:01:52', '2020-12-05 07:17:10'),
(30, 43, '1165622920', NULL, NULL, NULL, NULL, NULL, '2020-11-19 22:10:05', '2020-11-19 22:10:05'),
(31, 44, '1159797036', NULL, NULL, NULL, NULL, NULL, '2020-11-19 22:15:35', '2020-11-19 22:15:35'),
(33, 47, '1165556590', '45472487', NULL, NULL, NULL, NULL, '2020-11-24 19:15:55', '2020-12-23 06:09:38'),
(34, 48, '1130113359', '1130113359', NULL, NULL, 'tkd.electricidad', NULL, '2020-11-24 19:26:16', '2020-11-24 19:26:16'),
(35, 49, '1128593507', '1128593507', NULL, NULL, NULL, NULL, '2020-11-24 20:12:58', '2020-11-24 20:12:58'),
(36, 50, '113890896', '113890896', NULL, NULL, NULL, NULL, '2020-11-24 20:17:49', '2020-11-24 20:17:49'),
(37, 52, '1169968901', '43020435', NULL, NULL, NULL, NULL, '2020-11-27 02:09:37', '2020-11-27 02:09:37'),
(38, 54, '1131558224', '1131558224', NULL, NULL, NULL, NULL, '2020-11-28 00:33:21', '2020-11-28 00:33:21'),
(39, 46, '1156971686', NULL, NULL, NULL, NULL, NULL, '2020-11-28 01:05:41', '2020-11-28 01:05:41'),
(41, 56, '1157310866', NULL, NULL, NULL, NULL, NULL, '2020-11-30 18:11:20', '2020-12-05 07:32:25'),
(42, 57, '1150432177', NULL, NULL, 'https://www.facebook.com/ZoweGraficos/?ref=bookmarks', NULL, NULL, '2020-11-30 18:19:28', '2020-11-30 18:19:28'),
(43, 59, '1130300207', NULL, NULL, NULL, NULL, NULL, '2020-11-30 23:26:23', '2020-11-30 23:26:23'),
(44, 60, '1160589115', '47740212', NULL, NULL, NULL, NULL, '2020-11-30 23:59:49', '2020-11-30 23:59:49'),
(45, 61, '1138150500', NULL, NULL, NULL, NULL, NULL, '2020-12-01 00:11:02', '2020-12-01 00:11:02'),
(46, 62, '1168528852', NULL, NULL, NULL, NULL, NULL, '2020-12-01 00:58:45', '2020-12-01 00:58:45'),
(47, 63, '1154770488', NULL, NULL, NULL, NULL, NULL, '2020-12-01 01:09:16', '2020-12-01 01:09:16'),
(48, 64, '1135612968', NULL, NULL, NULL, NULL, NULL, '2020-12-01 01:15:04', '2020-12-01 01:15:04'),
(49, 65, '1144752582', NULL, NULL, NULL, NULL, NULL, '2020-12-01 01:21:47', '2020-12-01 01:21:47'),
(51, 68, '1138167794', NULL, NULL, NULL, NULL, NULL, '2020-12-02 00:12:39', '2020-12-02 00:12:39'),
(52, 69, '1158770386', NULL, NULL, NULL, NULL, NULL, '2020-12-02 00:18:16', '2020-12-02 00:18:16'),
(53, 70, '1162882735', NULL, NULL, NULL, NULL, NULL, '2020-12-02 00:24:06', '2020-12-02 00:24:06'),
(54, 71, '1134948395', NULL, NULL, NULL, NULL, NULL, '2020-12-02 00:29:38', '2020-12-02 00:29:38'),
(55, 72, '1165560122', NULL, NULL, NULL, NULL, NULL, '2020-12-02 00:37:30', '2020-12-02 00:37:30'),
(56, 73, '1145779833', NULL, NULL, NULL, NULL, NULL, '2020-12-02 02:52:01', '2020-12-02 02:52:01'),
(57, 74, '1140416210', NULL, NULL, NULL, NULL, NULL, '2020-12-02 05:38:17', '2020-12-02 05:38:17'),
(58, 75, '1154192801', NULL, NULL, NULL, NULL, NULL, '2020-12-02 23:59:46', '2020-12-02 23:59:46'),
(59, 76, '1167662771', NULL, NULL, NULL, NULL, NULL, '2020-12-03 00:12:08', '2020-12-03 00:12:08'),
(60, 77, '1159545132', '-1', NULL, NULL, NULL, NULL, '2020-12-03 00:17:17', '2020-12-03 00:17:17'),
(62, 79, '1124007734', NULL, NULL, NULL, NULL, NULL, '2020-12-03 00:30:50', '2020-12-03 00:30:50'),
(63, 80, '1166654123', NULL, NULL, NULL, NULL, NULL, '2020-12-03 00:43:38', '2020-12-03 00:43:38'),
(64, 81, '1167222673', NULL, NULL, NULL, NULL, NULL, '2020-12-03 01:46:33', '2020-12-03 01:46:33'),
(65, 82, '1124050254', '1145667545', NULL, NULL, NULL, NULL, '2020-12-03 01:51:00', '2020-12-03 01:51:00'),
(66, 83, '1157307310', NULL, NULL, NULL, NULL, NULL, '2020-12-03 02:45:09', '2020-12-03 02:45:09'),
(67, 84, '1154172775', NULL, NULL, NULL, NULL, NULL, '2020-12-03 03:01:39', '2020-12-03 03:01:39'),
(68, 85, '1136189608', NULL, NULL, NULL, NULL, NULL, '2020-12-03 03:06:22', '2020-12-03 03:06:22'),
(69, 86, '1137679795', NULL, NULL, NULL, NULL, NULL, '2020-12-03 03:25:22', '2020-12-03 03:25:22'),
(70, 87, '1165599931', NULL, NULL, NULL, NULL, NULL, '2020-12-03 03:31:22', '2020-12-05 08:58:23'),
(71, 88, '1158997071', NULL, NULL, NULL, NULL, NULL, '2020-12-03 03:37:22', '2020-12-03 03:37:22'),
(72, 89, '1130171970', NULL, NULL, NULL, NULL, NULL, '2020-12-03 03:51:59', '2020-12-03 03:51:59'),
(73, 90, '1158316839', '1558316839', NULL, NULL, 'ESTETICA.ESTILODEVIDA', NULL, '2020-12-03 03:56:36', '2022-12-20 21:04:23'),
(74, 91, '1134442612', NULL, NULL, NULL, NULL, NULL, '2020-12-04 01:12:37', '2020-12-04 01:15:28'),
(75, 92, '1122535961', NULL, NULL, NULL, NULL, NULL, '2020-12-04 01:27:49', '2020-12-04 01:27:49'),
(76, 93, '1162112896', NULL, NULL, NULL, NULL, NULL, '2020-12-04 03:03:17', '2020-12-04 03:03:17'),
(77, 94, '1157733271', NULL, NULL, NULL, NULL, NULL, '2020-12-04 03:11:39', '2020-12-04 03:11:39'),
(78, 95, '1155957691', NULL, NULL, NULL, NULL, NULL, '2020-12-05 10:10:47', '2020-12-05 10:10:47'),
(80, 97, '3512092642', NULL, NULL, NULL, NULL, NULL, '2020-12-10 18:48:36', '2020-12-10 18:48:36'),
(81, 99, '1162058287', NULL, NULL, NULL, NULL, NULL, '2022-02-23 04:17:07', '2022-02-23 04:17:07'),
(82, 101, '1155667788', NULL, NULL, NULL, NULL, NULL, '2023-02-23 00:49:45', '2023-02-23 00:49:45'),
(83, 102, '1144556677', NULL, NULL, NULL, NULL, NULL, '2023-02-23 01:18:32', '2023-02-23 01:18:32'),
(84, 103, '1144335566', NULL, NULL, NULL, NULL, NULL, '2023-03-03 19:23:22', '2023-03-03 19:23:22');

-- --------------------------------------------------------

--
-- Estructura de tabla para la tabla `user_type`
--

CREATE TABLE `user_type` (
  `id` bigint(20) UNSIGNED NOT NULL,
  `name` varchar(100) COLLATE utf8mb4_unicode_ci NOT NULL,
  `active` tinyint(1) NOT NULL DEFAULT '1',
  `created_at` timestamp NULL DEFAULT NULL,
  `updated_at` timestamp NULL DEFAULT NULL
) ENGINE=InnoDB DEFAULT CHARSET=utf8mb4 COLLATE=utf8mb4_unicode_ci;

--
-- Volcado de datos para la tabla `user_type`
--

INSERT INTO `user_type` (`id`, `name`, `active`, `created_at`, `updated_at`) VALUES
(1, 'Profesional', 1, '2019-09-14 02:42:58', '2019-09-14 02:42:58'),
(2, 'Cliente', 0, '2019-09-14 02:42:58', '2019-09-14 02:42:58'),
(3, 'Docente', 0, '2019-09-14 02:42:58', '2019-09-14 02:42:58'),
(4, 'Referente', 1, '2019-09-14 02:42:58', '2019-09-14 02:42:58'),
(5, 'Administrador', 0, '2020-11-17 06:00:00', '2020-11-17 06:00:00');

-- --------------------------------------------------------

--
-- Estructura de tabla para la tabla `user_zonas`
--

CREATE TABLE `user_zonas` (
  `user_id` bigint(20) UNSIGNED NOT NULL,
  `zonas_id` bigint(20) UNSIGNED NOT NULL
) ENGINE=InnoDB DEFAULT CHARSET=utf8mb4 COLLATE=utf8mb4_unicode_ci;

--
-- Volcado de datos para la tabla `user_zonas`
--

INSERT INTO `user_zonas` (`user_id`, `zonas_id`) VALUES
(102, 1),
(102, 2),
(102, 3),
(102, 4),
(102, 5),
(102, 6),
(102, 7),
(102, 8),
(102, 9),
(102, 10),
(102, 11),
(102, 12),
(102, 13),
(102, 14),
(102, 15),
(102, 16),
(102, 17),
(102, 18),
(102, 19),
(102, 20),
(102, 21),
(102, 22),
(102, 23),
(102, 24),
(102, 25),
(102, 26),
(102, 27),
(102, 28),
(102, 29),
(102, 30),
(102, 31),
(102, 32),
(102, 33),
(102, 34),
(102, 35),
(102, 36),
(102, 37),
(102, 38),
(102, 39),
(102, 40),
(102, 41),
(102, 42),
(102, 43),
(102, 44),
(102, 45),
(102, 46),
(102, 47),
(102, 48),
(31, 1),
(31, 2),
(31, 3),
(31, 4),
(31, 5),
(31, 6),
(31, 7),
(31, 8),
(31, 9),
(31, 10),
(31, 11),
(31, 12),
(31, 13),
(31, 14),
(31, 15),
(31, 16),
(31, 17),
(31, 18),
(31, 19),
(31, 20),
(31, 21),
(31, 22),
(31, 23),
(31, 24),
(31, 25),
(31, 26),
(31, 27),
(31, 28),
(31, 29),
(31, 30),
(31, 31),
(31, 32),
(31, 33),
(31, 34),
(31, 35),
(31, 36),
(31, 37),
(31, 38),
(31, 39),
(31, 40),
(31, 41),
(31, 42),
(31, 43),
(31, 44),
(31, 45),
(31, 46),
(31, 47),
(31, 48);

-- --------------------------------------------------------

--
-- Estructura de tabla para la tabla `whatsapp`
--

CREATE TABLE `whatsapp` (
  `id` bigint(20) UNSIGNED NOT NULL,
  `publicacion_id` bigint(20) UNSIGNED NOT NULL,
  `celular` bigint(20) UNSIGNED NOT NULL,
  `created_at` timestamp NULL DEFAULT NULL,
  `updated_at` timestamp NULL DEFAULT NULL
) ENGINE=InnoDB DEFAULT CHARSET=utf8mb4 COLLATE=utf8mb4_unicode_ci;

-- --------------------------------------------------------

--
-- Estructura de tabla para la tabla `zonas`
--

CREATE TABLE `zonas` (
  `id` bigint(20) UNSIGNED NOT NULL,
  `name` varchar(200) COLLATE utf8mb4_unicode_ci NOT NULL,
  `created_at` timestamp NULL DEFAULT NULL,
  `updated_at` timestamp NULL DEFAULT NULL
) ENGINE=InnoDB DEFAULT CHARSET=utf8mb4 COLLATE=utf8mb4_unicode_ci;

--
-- Volcado de datos para la tabla `zonas`
--

INSERT INTO `zonas` (`id`, `name`, `created_at`, `updated_at`) VALUES
(1, 'Agronomía', '2019-10-18 22:44:17', '2019-10-18 22:44:17'),
(2, 'Almagro', '2019-10-18 22:44:17', '2019-10-18 22:44:17'),
(3, 'Balvanera', '2019-10-18 22:44:17', '2019-10-18 22:44:17'),
(4, 'Barracas', '2019-10-18 22:44:17', '2019-10-18 22:44:17'),
(5, 'Belgrano', '2019-10-18 22:44:17', '2019-10-18 22:44:17'),
(6, 'Boedo', '2019-10-18 22:44:17', '2019-10-18 22:44:17'),
(7, 'Caballito', '2019-10-18 22:44:17', '2019-10-18 22:44:17'),
(8, 'Chacarita', '2019-10-18 22:44:17', '2019-10-18 22:44:17'),
(9, 'Coghlan', '2019-10-18 22:44:17', '2019-10-18 22:44:17'),
(10, 'Colegiales', '2019-10-18 22:44:17', '2019-10-18 22:44:17'),
(11, 'Constitución', '2019-10-18 22:44:18', '2019-10-18 22:44:18'),
(12, 'Flores', '2019-10-18 22:44:18', '2019-10-18 22:44:18'),
(13, 'Floresta', '2019-10-18 22:44:18', '2019-10-18 22:44:18'),
(14, 'La Boca', '2019-10-18 22:44:18', '2019-10-18 22:44:18'),
(15, 'La Paternal', '2019-10-18 22:44:18', '2019-10-18 22:44:18'),
(16, 'Liniers', '2019-10-18 22:44:18', '2019-10-18 22:44:18'),
(17, 'Mataderos', '2019-10-18 22:44:18', '2019-10-18 22:44:18'),
(18, 'Monte Castro', '2019-10-18 22:44:18', '2019-10-18 22:44:18'),
(19, 'Monserrat', '2019-10-18 22:44:18', '2019-10-18 22:44:18'),
(20, 'Nueva Pompeya', '2019-10-18 22:44:18', '2019-10-18 22:44:18'),
(21, 'Núñez', '2019-10-18 22:44:18', '2019-10-18 22:44:18'),
(22, 'Palermo', '2019-10-18 22:44:18', '2019-10-18 22:44:18'),
(23, 'Parque Avellaneda', '2019-10-18 22:44:18', '2019-10-18 22:44:18'),
(24, 'Parque Chacabuco', '2019-10-18 22:44:18', '2019-10-18 22:44:18'),
(25, 'Parque Chas', '2019-10-18 22:44:18', '2019-10-18 22:44:18'),
(26, 'Parque Patricios', '2019-10-18 22:44:18', '2019-10-18 22:44:18'),
(27, 'Puerto Madero', '2019-10-18 22:44:18', '2019-10-18 22:44:18'),
(28, 'Recoleta', '2019-10-18 22:44:18', '2019-10-18 22:44:18'),
(29, 'Retiro', '2019-10-18 22:44:18', '2019-10-18 22:44:18'),
(30, 'Saavedra', '2019-10-18 22:44:18', '2019-10-18 22:44:18'),
(31, 'San Cristóbal', '2019-10-18 22:44:18', '2019-10-18 22:44:18'),
(32, 'San Nicolás', '2019-10-18 22:44:18', '2019-10-18 22:44:18'),
(33, 'San Telmo', '2019-10-18 22:44:18', '2019-10-18 22:44:18'),
(34, 'Vélez Sársfield', '2019-10-18 22:44:18', '2019-10-18 22:44:18'),
(35, 'Versalles', '2019-10-18 22:44:18', '2019-10-18 22:44:18'),
(36, 'Villa Crespo', '2019-10-18 22:44:19', '2019-10-18 22:44:19'),
(37, 'Villa del Parque', '2019-10-18 22:44:19', '2019-10-18 22:44:19'),
(38, 'Villa Devoto', '2019-10-18 22:44:19', '2019-10-18 22:44:19'),
(39, 'Villa General Mitre', '2019-10-18 22:44:19', '2019-10-18 22:44:19'),
(40, 'Villa Lugano', '2019-10-18 22:44:19', '2019-10-18 22:44:19'),
(41, 'Villa Luro', '2019-10-18 22:44:19', '2019-10-18 22:44:19'),
(42, 'Villa Ortúzar', '2019-10-18 22:44:19', '2019-10-18 22:44:19'),
(43, 'Villa Pueyrredón', '2019-10-18 22:44:19', '2019-10-18 22:44:19'),
(44, 'Villa Real', '2019-10-18 22:44:19', '2019-10-18 22:44:19'),
(45, 'Villa Riachuelo', '2019-10-18 22:44:19', '2019-10-18 22:44:19'),
(46, 'Villa Santa Rita', '2019-10-18 22:44:19', '2019-10-18 22:44:19'),
(47, 'Villa Soldati', '2019-10-18 22:44:19', '2019-10-18 22:44:19'),
(48, 'Villa Urquiza', '2019-10-18 22:44:19', '2019-10-18 22:44:19');

--
-- Índices para tablas volcadas
--

--
-- Indices de la tabla `categoria`
--
ALTER TABLE `categoria`
  ADD PRIMARY KEY (`id`),
  ADD KEY `categoria_categoria_tipo_id_foreign` (`categoria_tipo_id`);

--
-- Indices de la tabla `categoria_tipo`
--
ALTER TABLE `categoria_tipo`
  ADD PRIMARY KEY (`id`);

--
-- Indices de la tabla `failed_jobs`
--
ALTER TABLE `failed_jobs`
  ADD PRIMARY KEY (`id`),
  ADD UNIQUE KEY `failed_jobs_uuid_unique` (`uuid`);

--
-- Indices de la tabla `interactionhead`
--
ALTER TABLE `interactionhead`
  ADD PRIMARY KEY (`id`),
  ADD KEY `interactionhead_publicacion_id_foreign` (`publicacion_id`),
  ADD KEY `interactionhead_subjet_id_foreign` (`subjet_id`);

--
-- Indices de la tabla `interactionimage`
--
ALTER TABLE `interactionimage`
  ADD PRIMARY KEY (`id`),
  ADD KEY `interactionimage_message_id_foreign` (`message_id`);

--
-- Indices de la tabla `interactionmessage`
--
ALTER TABLE `interactionmessage`
  ADD PRIMARY KEY (`id`),
  ADD KEY `interactionmessage_head_id_foreign` (`head_id`);

--
-- Indices de la tabla `interactionsubjet`
--
ALTER TABLE `interactionsubjet`
  ADD PRIMARY KEY (`id`);

--
-- Indices de la tabla `migrations`
--
ALTER TABLE `migrations`
  ADD PRIMARY KEY (`id`);

--
-- Indices de la tabla `password_resets`
--
ALTER TABLE `password_resets`
  ADD KEY `password_resets_email_index` (`email`);

--
-- Indices de la tabla `personal_access_tokens`
--
ALTER TABLE `personal_access_tokens`
  ADD PRIMARY KEY (`id`),
  ADD UNIQUE KEY `personal_access_tokens_token_unique` (`token`),
  ADD KEY `personal_access_tokens_tokenable_type_tokenable_id_index` (`tokenable_type`,`tokenable_id`);

--
-- Indices de la tabla `publicacion`
--
ALTER TABLE `publicacion`
  ADD PRIMARY KEY (`id`),
  ADD KEY `publicacion_titulo_id_foreign` (`titulo_id`),
  ADD KEY `publicacion_categoria_id_foreign` (`categoria_id`);

--
-- Indices de la tabla `publicacion_image`
--
ALTER TABLE `publicacion_image`
  ADD PRIMARY KEY (`id`),
  ADD KEY `publicacion_image_publicacion_id_foreign` (`publicacion_id`);

--
-- Indices de la tabla `publicacion_titulo`
--
ALTER TABLE `publicacion_titulo`
  ADD PRIMARY KEY (`id`),
  ADD KEY `publicacion_titulo_publicacion_id_foreign` (`publicacion_id`),
  ADD KEY `publicacion_titulo_titulo_id_foreign` (`titulo_id`);

--
-- Indices de la tabla `publicacion_user`
--
ALTER TABLE `publicacion_user`
  ADD PRIMARY KEY (`id`),
  ADD KEY `publicacion_user_publicacion_id_foreign` (`publicacion_id`),
  ADD KEY `publicacion_user_user_id_foreign` (`user_id`);

--
-- Indices de la tabla `publicacion_visita`
--
ALTER TABLE `publicacion_visita`
  ADD PRIMARY KEY (`id`),
  ADD KEY `publicacion_visita_publicacion_id_foreign` (`publicacion_id`);

--
-- Indices de la tabla `publicacion_whatsapp`
--
ALTER TABLE `publicacion_whatsapp`
  ADD PRIMARY KEY (`id`),
  ADD KEY `publicacion_whatsapp_publicacion_id_foreign` (`publicacion_id`);

--
-- Indices de la tabla `titulo`
--
ALTER TABLE `titulo`
  ADD PRIMARY KEY (`id`),
  ADD KEY `titulo_categoria_id_foreign` (`categoria_id`);

--
-- Indices de la tabla `users`
--
ALTER TABLE `users`
  ADD PRIMARY KEY (`id`),
  ADD UNIQUE KEY `users_email_unique` (`email`),
  ADD KEY `users_type_id_foreign` (`type_id`),
  ADD KEY `users_cfp_id_foreign` (`cfp_id`);

--
-- Indices de la tabla `user_cfp`
--
ALTER TABLE `user_cfp`
  ADD PRIMARY KEY (`id`);

--
-- Indices de la tabla `user_profile`
--
ALTER TABLE `user_profile`
  ADD PRIMARY KEY (`id`),
  ADD KEY `user_profile_user_id_foreign` (`user_id`);

--
-- Indices de la tabla `user_type`
--
ALTER TABLE `user_type`
  ADD PRIMARY KEY (`id`);

--
-- Indices de la tabla `user_zonas`
--
ALTER TABLE `user_zonas`
  ADD KEY `user_zonas_user_id_foreign` (`user_id`),
  ADD KEY `user_zonas_zonas_id_foreign` (`zonas_id`);

--
-- Indices de la tabla `whatsapp`
--
ALTER TABLE `whatsapp`
  ADD PRIMARY KEY (`id`),
  ADD KEY `whatsapp_publicacion_id_foreign` (`publicacion_id`);

--
-- Indices de la tabla `zonas`
--
ALTER TABLE `zonas`
  ADD PRIMARY KEY (`id`);

--
-- AUTO_INCREMENT de las tablas volcadas
--

--
-- AUTO_INCREMENT de la tabla `categoria`
--
ALTER TABLE `categoria`
  MODIFY `id` int(10) UNSIGNED NOT NULL AUTO_INCREMENT, AUTO_INCREMENT=30;

--
-- AUTO_INCREMENT de la tabla `categoria_tipo`
--
ALTER TABLE `categoria_tipo`
  MODIFY `id` int(10) UNSIGNED NOT NULL AUTO_INCREMENT, AUTO_INCREMENT=3;

--
-- AUTO_INCREMENT de la tabla `failed_jobs`
--
ALTER TABLE `failed_jobs`
  MODIFY `id` bigint(20) UNSIGNED NOT NULL AUTO_INCREMENT;

--
-- AUTO_INCREMENT de la tabla `interactionhead`
--
ALTER TABLE `interactionhead`
  MODIFY `id` bigint(20) UNSIGNED NOT NULL AUTO_INCREMENT, AUTO_INCREMENT=161;

--
-- AUTO_INCREMENT de la tabla `interactionimage`
--
ALTER TABLE `interactionimage`
  MODIFY `id` bigint(20) UNSIGNED NOT NULL AUTO_INCREMENT, AUTO_INCREMENT=10;

--
-- AUTO_INCREMENT de la tabla `interactionmessage`
--
ALTER TABLE `interactionmessage`
  MODIFY `id` bigint(20) UNSIGNED NOT NULL AUTO_INCREMENT, AUTO_INCREMENT=171;

--
-- AUTO_INCREMENT de la tabla `interactionsubjet`
--
ALTER TABLE `interactionsubjet`
  MODIFY `id` bigint(20) UNSIGNED NOT NULL AUTO_INCREMENT, AUTO_INCREMENT=6;

--
-- AUTO_INCREMENT de la tabla `migrations`
--
ALTER TABLE `migrations`
  MODIFY `id` int(10) UNSIGNED NOT NULL AUTO_INCREMENT, AUTO_INCREMENT=40;

--
-- AUTO_INCREMENT de la tabla `personal_access_tokens`
--
ALTER TABLE `personal_access_tokens`
  MODIFY `id` bigint(20) UNSIGNED NOT NULL AUTO_INCREMENT;

--
-- AUTO_INCREMENT de la tabla `publicacion`
--
ALTER TABLE `publicacion`
  MODIFY `id` bigint(20) UNSIGNED NOT NULL AUTO_INCREMENT, AUTO_INCREMENT=137;

--
-- AUTO_INCREMENT de la tabla `publicacion_image`
--
ALTER TABLE `publicacion_image`
  MODIFY `id` bigint(20) UNSIGNED NOT NULL AUTO_INCREMENT, AUTO_INCREMENT=25;

--
-- AUTO_INCREMENT de la tabla `publicacion_titulo`
--
ALTER TABLE `publicacion_titulo`
  MODIFY `id` bigint(20) UNSIGNED NOT NULL AUTO_INCREMENT, AUTO_INCREMENT=68;

--
-- AUTO_INCREMENT de la tabla `publicacion_user`
--
ALTER TABLE `publicacion_user`
  MODIFY `id` int(10) UNSIGNED NOT NULL AUTO_INCREMENT, AUTO_INCREMENT=134;

--
-- AUTO_INCREMENT de la tabla `publicacion_visita`
--
ALTER TABLE `publicacion_visita`
  MODIFY `id` bigint(20) UNSIGNED NOT NULL AUTO_INCREMENT, AUTO_INCREMENT=4907;

--
-- AUTO_INCREMENT de la tabla `publicacion_whatsapp`
--
ALTER TABLE `publicacion_whatsapp`
  MODIFY `id` bigint(20) UNSIGNED NOT NULL AUTO_INCREMENT, AUTO_INCREMENT=29;

--
-- AUTO_INCREMENT de la tabla `titulo`
--
ALTER TABLE `titulo`
  MODIFY `id` int(10) UNSIGNED NOT NULL AUTO_INCREMENT, AUTO_INCREMENT=83;

--
-- AUTO_INCREMENT de la tabla `users`
--
ALTER TABLE `users`
  MODIFY `id` bigint(20) UNSIGNED NOT NULL AUTO_INCREMENT, AUTO_INCREMENT=104;

--
-- AUTO_INCREMENT de la tabla `user_cfp`
--
ALTER TABLE `user_cfp`
  MODIFY `id` bigint(20) UNSIGNED NOT NULL AUTO_INCREMENT, AUTO_INCREMENT=16;

--
-- AUTO_INCREMENT de la tabla `user_profile`
--
ALTER TABLE `user_profile`
  MODIFY `id` bigint(20) UNSIGNED NOT NULL AUTO_INCREMENT, AUTO_INCREMENT=85;

--
-- AUTO_INCREMENT de la tabla `user_type`
--
ALTER TABLE `user_type`
  MODIFY `id` bigint(20) UNSIGNED NOT NULL AUTO_INCREMENT, AUTO_INCREMENT=6;

--
-- AUTO_INCREMENT de la tabla `whatsapp`
--
ALTER TABLE `whatsapp`
  MODIFY `id` bigint(20) UNSIGNED NOT NULL AUTO_INCREMENT;

--
-- AUTO_INCREMENT de la tabla `zonas`
--
ALTER TABLE `zonas`
  MODIFY `id` bigint(20) UNSIGNED NOT NULL AUTO_INCREMENT, AUTO_INCREMENT=49;

--
-- Restricciones para tablas volcadas
--

--
-- Filtros para la tabla `categoria`
--
ALTER TABLE `categoria`
  ADD CONSTRAINT `categoria_categoria_tipo_id_foreign` FOREIGN KEY (`categoria_tipo_id`) REFERENCES `categoria_tipo` (`id`);

--
-- Filtros para la tabla `interactionhead`
--
ALTER TABLE `interactionhead`
  ADD CONSTRAINT `interactionhead_publicacion_id_foreign` FOREIGN KEY (`publicacion_id`) REFERENCES `publicacion` (`id`),
  ADD CONSTRAINT `interactionhead_subjet_id_foreign` FOREIGN KEY (`subjet_id`) REFERENCES `interactionsubjet` (`id`);

--
-- Filtros para la tabla `interactionimage`
--
ALTER TABLE `interactionimage`
  ADD CONSTRAINT `interactionimage_message_id_foreign` FOREIGN KEY (`message_id`) REFERENCES `interactionmessage` (`id`);

--
-- Filtros para la tabla `interactionmessage`
--
ALTER TABLE `interactionmessage`
  ADD CONSTRAINT `interactionmessage_head_id_foreign` FOREIGN KEY (`head_id`) REFERENCES `interactionhead` (`id`);

--
-- Filtros para la tabla `publicacion`
--
ALTER TABLE `publicacion`
  ADD CONSTRAINT `publicacion_categoria_id_foreign` FOREIGN KEY (`categoria_id`) REFERENCES `categoria` (`id`),
  ADD CONSTRAINT `publicacion_titulo_id_foreign` FOREIGN KEY (`titulo_id`) REFERENCES `titulo` (`id`);

--
-- Filtros para la tabla `publicacion_image`
--
ALTER TABLE `publicacion_image`
  ADD CONSTRAINT `publicacion_image_publicacion_id_foreign` FOREIGN KEY (`publicacion_id`) REFERENCES `publicacion` (`id`);

--
-- Filtros para la tabla `publicacion_titulo`
--
ALTER TABLE `publicacion_titulo`
  ADD CONSTRAINT `publicacion_titulo_publicacion_id_foreign` FOREIGN KEY (`publicacion_id`) REFERENCES `publicacion` (`id`),
  ADD CONSTRAINT `publicacion_titulo_titulo_id_foreign` FOREIGN KEY (`titulo_id`) REFERENCES `titulo` (`id`);

--
-- Filtros para la tabla `publicacion_user`
--
ALTER TABLE `publicacion_user`
  ADD CONSTRAINT `publicacion_user_publicacion_id_foreign` FOREIGN KEY (`publicacion_id`) REFERENCES `publicacion` (`id`),
  ADD CONSTRAINT `publicacion_user_user_id_foreign` FOREIGN KEY (`user_id`) REFERENCES `users` (`id`);

--
-- Filtros para la tabla `publicacion_visita`
--
ALTER TABLE `publicacion_visita`
  ADD CONSTRAINT `publicacion_visita_publicacion_id_foreign` FOREIGN KEY (`publicacion_id`) REFERENCES `publicacion` (`id`) ON DELETE CASCADE;

--
-- Filtros para la tabla `publicacion_whatsapp`
--
ALTER TABLE `publicacion_whatsapp`
  ADD CONSTRAINT `publicacion_whatsapp_publicacion_id_foreign` FOREIGN KEY (`publicacion_id`) REFERENCES `publicacion` (`id`) ON DELETE CASCADE;

--
-- Filtros para la tabla `titulo`
--
ALTER TABLE `titulo`
  ADD CONSTRAINT `titulo_categoria_id_foreign` FOREIGN KEY (`categoria_id`) REFERENCES `categoria` (`id`);

--
-- Filtros para la tabla `users`
--
ALTER TABLE `users`
  ADD CONSTRAINT `users_cfp_id_foreign` FOREIGN KEY (`cfp_id`) REFERENCES `user_cfp` (`id`),
  ADD CONSTRAINT `users_type_id_foreign` FOREIGN KEY (`type_id`) REFERENCES `user_type` (`id`);

--
-- Filtros para la tabla `user_profile`
--
ALTER TABLE `user_profile`
  ADD CONSTRAINT `user_profile_user_id_foreign` FOREIGN KEY (`user_id`) REFERENCES `users` (`id`);

--
-- Filtros para la tabla `user_zonas`
--
ALTER TABLE `user_zonas`
  ADD CONSTRAINT `user_zonas_user_id_foreign` FOREIGN KEY (`user_id`) REFERENCES `users` (`id`),
  ADD CONSTRAINT `user_zonas_zonas_id_foreign` FOREIGN KEY (`zonas_id`) REFERENCES `zonas` (`id`);

--
-- Filtros para la tabla `whatsapp`
--
ALTER TABLE `whatsapp`
  ADD CONSTRAINT `whatsapp_publicacion_id_foreign` FOREIGN KEY (`publicacion_id`) REFERENCES `publicacion` (`id`) ON DELETE CASCADE;
COMMIT;



/*!40101 SET CHARACTER_SET_CLIENT=@OLD_CHARACTER_SET_CLIENT */;
/*!40101 SET CHARACTER_SET_RESULTS=@OLD_CHARACTER_SET_RESULTS */;
/*!40101 SET COLLATION_CONNECTION=@OLD_COLLATION_CONNECTION */;